Model,Threshold,TP,FP,TN,FN,Accuracy,Precision,Recall,F1-score,False alarm rate,Warning workload,Warning workload percentage,False alarms,Missed hazardous cases,FN:FP cost ratio,Weighted cost,Cost per test record,Scenario
Logistic Regression,0.01,51,725,0,0,0.065721649484536085,0.065721649484536085,1,0.12333736396614269,1,776,1,725,0,1,725,0.93427835051546393,hypothetical; not empirically measured mine-specific costs
Logistic Regression,0.02,51,725,0,0,0.065721649484536085,0.065721649484536085,1,0.12333736396614269,1,776,1,725,0,1,725,0.93427835051546393,hypothetical; not empirically measured mine-specific costs
Logistic Regression,0.029999999999999999,51,725,0,0,0.065721649484536085,0.065721649484536085,1,0.12333736396614269,1,776,1,725,0,1,725,0.93427835051546393,hypothetical; not empirically measured mine-specific costs
Logistic Regression,0.040000000000000001,51,725,0,0,0.065721649484536085,0.065721649484536085,1,0.12333736396614269,1,776,1,725,0,1,725,0.93427835051546393,hypothetical; not empirically measured mine-specific costs
Logistic Regression,0.050000000000000003,51,725,0,0,0.065721649484536085,0.065721649484536085,1,0.12333736396614269,1,776,1,725,0,1,725,0.93427835051546393,hypothetical; not empirically measured mine-specific costs
Logistic Regression,0.059999999999999998,51,724,1,0,0.067010309278350513,0.06580645161290323,1,0.12348668280871671,0.99862068965517237,775,0.99871134020618557,724,0,1,724,0.9329896907216495,hypothetical; not empirically measured mine-specific costs
Logistic Regression,0.070000000000000007,51,724,1,0,0.067010309278350513,0.06580645161290323,1,0.12348668280871671,0.99862068965517237,775,0.99871134020618557,724,0,1,724,0.9329896907216495,hypothetical; not empirically measured mine-specific costs
Logistic Regression,0.080000000000000002,51,723,2,0,0.068298969072164942,0.06589147286821706,1,0.12363636363636364,0.99724137931034484,774,0.99742268041237114,723,0,1,723,0.93170103092783507,hypothetical; not empirically measured mine-specific costs
Logistic Regression,0.089999999999999997,51,723,2,0,0.068298969072164942,0.06589147286821706,1,0.12363636363636364,0.99724137931034484,774,0.99742268041237114,723,0,1,723,0.93170103092783507,hypothetical; not empirically measured mine-specific costs
Logistic Regression,0.10000000000000001,51,721,4,0,0.070876288659793812,0.066062176165803108,1,0.12393681652490887,0.99448275862068969,772,0.99484536082474229,721,0,1,721,0.92912371134020622,hypothetical; not empirically measured mine-specific costs
Logistic Regression,0.11,51,718,7,0,0.074742268041237112,0.066319895968790635,1,0.12439024390243902,0.9903448275862069,769,0.990979381443299,718,0,1,718,0.92525773195876293,hypothetical; not empirically measured mine-specific costs
Logistic Regression,0.12,51,717,8,0,0.07603092783505154,0.06640625,1,0.12454212454212454,0.98896551724137927,768,0.98969072164948457,717,0,1,717,0.9239690721649485,hypothetical; not empirically measured mine-specific costs
Logistic Regression,0.13,51,716,9,0,0.077319587628865982,0.066492829204693613,1,0.12469437652811736,0.98758620689655174,767,0.98840206185567014,716,0,1,716,0.92268041237113407,hypothetical; not empirically measured mine-specific costs
Logistic Regression,0.14000000000000001,51,716,9,0,0.077319587628865982,0.066492829204693613,1,0.12469437652811736,0.98758620689655174,767,0.98840206185567014,716,0,1,716,0.92268041237113407,hypothetical; not empirically measured mine-specific costs
Logistic Regression,0.14999999999999999,51,715,10,0,0.078608247422680411,0.066579634464751958,1,0.12484700122399021,0.98620689655172411,766,0.98711340206185572,715,0,1,715,0.92139175257731953,hypothetical; not empirically measured mine-specific costs
Logistic Regression,0.16,51,714,11,0,0.079896907216494839,0.066666666666666666,1,0.125,0.98482758620689659,765,0.98582474226804129,714,0,1,714,0.92010309278350511,hypothetical; not empirically measured mine-specific costs
Logistic Regression,0.17000000000000001,51,706,19,0,0.090206185567010308,0.067371202113606338,1,0.12623762376237624,0.97379310344827585,757,0.97551546391752575,706,0,1,706,0.90979381443298968,hypothetical; not empirically measured mine-specific costs
Logistic Regression,0.17999999999999999,51,671,54,0,0.13530927835051546,0.070637119113573413,1,0.13195342820181113,0.92551724137931035,722,0.93041237113402064,671,0,1,671,0.86469072164948457,hypothetical; not empirically measured mine-specific costs
Logistic Regression,0.19,51,628,97,0,0.19072164948453607,0.07511045655375552,1,0.13972602739726028,0.86620689655172411,679,0.875,628,0,1,628,0.80927835051546393,hypothetical; not empirically measured mine-specific costs
Logistic Regression,0.20000000000000001,51,592,133,0,0.23711340206185566,0.079315707620528766,1,0.14697406340057637,0.81655172413793109,643,0.82860824742268047,592,0,1,592,0.76288659793814428,hypothetical; not empirically measured mine-specific costs
Logistic Regression,0.20999999999999999,51,567,158,0,0.26932989690721648,0.082524271844660199,1,0.15246636771300448,0.78206896551724137,618,0.79639175257731953,567,0,1,567,0.73067010309278346,hypothetical; not empirically measured mine-specific costs
Logistic Regression,0.22,51,558,167,0,0.28092783505154639,0.083743842364532015,1,0.15454545454545454,0.76965517241379311,609,0.78479381443298968,558,0,1,558,0.71907216494845361,hypothetical; not empirically measured mine-specific costs
Logistic Regression,0.23000000000000001,51,543,182,0,0.30025773195876287,0.085858585858585856,1,0.15813953488372093,0.74896551724137927,594,0.76546391752577314,543,0,1,543,0.69974226804123707,hypothetical; not empirically measured mine-specific costs
Logistic Regression,0.23999999999999999,51,527,198,0,0.32087628865979384,0.088235294117647065,1,0.16216216216216217,0.72689655172413792,578,0.74484536082474229,527,0,1,527,0.67912371134020622,hypothetical; not empirically measured mine-specific costs
Logistic Regression,0.25,49,501,224,2,0.35180412371134023,0.089090909090909096,0.96078431372549022,0.16306156405990016,0.69103448275862067,550,0.70876288659793818,501,2,1,503,0.64819587628865982,hypothetical; not empirically measured mine-specific costs
Logistic Regression,0.26000000000000001,49,484,241,2,0.37371134020618557,0.09193245778611632,0.96078431372549022,0.1678082191780822,0.66758620689655168,533,0.68685567010309279,484,2,1,486,0.62628865979381443,hypothetical; not empirically measured mine-specific costs
Logistic Regression,0.27000000000000002,49,467,258,2,0.39561855670103091,0.094961240310077522,0.96078431372549022,0.1728395061728395,0.6441379310344828,516,0.66494845360824739,467,2,1,469,0.60438144329896903,hypothetical; not empirically measured mine-specific costs
Logistic Regression,0.28000000000000003,47,445,280,4,0.42139175257731959,0.095528455284552852,0.92156862745098034,0.17311233885819521,0.61379310344827587,492,0.634020618556701,445,4,1,449,0.57860824742268047,hypothetical; not empirically measured mine-specific costs
Logistic Regression,0.28999999999999998,46,414,311,5,0.46005154639175255,0.10000000000000001,0.90196078431372551,0.18003913894324852,0.57103448275862068,460,0.59278350515463918,414,5,1,419,0.53994845360824739,hypothetical; not empirically measured mine-specific costs
Logistic Regression,0.29999999999999999,45,394,331,6,0.4845360824742268,0.10250569476082004,0.88235294117647056,0.18367346938775511,0.54344827586206901,439,0.56572164948453607,394,6,1,400,0.51546391752577314,hypothetical; not empirically measured mine-specific costs
Logistic Regression,0.31,44,367,358,7,0.51804123711340211,0.1070559610705596,0.86274509803921573,0.19047619047619047,0.50620689655172413,411,0.52963917525773196,367,7,1,374,0.48195876288659795,hypothetical; not empirically measured mine-specific costs
Logistic Regression,0.32000000000000001,41,347,378,10,0.53994845360824739,0.1056701030927835,0.80392156862745101,0.18678815489749431,0.4786206896551724,388,0.5,347,10,1,357,0.46005154639175255,hypothetical; not empirically measured mine-specific costs
Logistic Regression,0.33000000000000002,40,328,397,11,0.56314432989690721,0.10869565217391304,0.78431372549019607,0.1909307875894988,0.45241379310344826,368,0.47422680412371132,328,11,1,339,0.43685567010309279,hypothetical; not empirically measured mine-specific costs
Logistic Regression,0.34000000000000002,39,312,413,12,0.58247422680412375,0.1111111111111111,0.76470588235294112,0.19402985074626866,0.4303448275862069,351,0.45231958762886598,312,12,1,324,0.4175257731958763,hypothetical; not empirically measured mine-specific costs
Logistic Regression,0.34999999999999998,38,296,429,13,0.60180412371134018,0.11377245508982035,0.74509803921568629,0.19740259740259741,0.40827586206896554,334,0.43041237113402064,296,13,1,309,0.39819587628865977,hypothetical; not empirically measured mine-specific costs
Logistic Regression,0.35999999999999999,37,280,445,14,0.62113402061855671,0.1167192429022082,0.72549019607843135,0.20108695652173914,0.38620689655172413,317,0.40850515463917525,280,14,1,294,0.37886597938144329,hypothetical; not empirically measured mine-specific costs
Logistic Regression,0.37,37,262,463,14,0.64432989690721654,0.12374581939799331,0.72549019607843135,0.21142857142857144,0.36137931034482756,299,0.38530927835051548,262,14,1,276,0.35567010309278352,hypothetical; not empirically measured mine-specific costs
Logistic Regression,0.38,36,243,482,15,0.66752577319587625,0.12903225806451613,0.70588235294117652,0.21818181818181817,0.33517241379310347,279,0.3595360824742268,243,15,1,258,0.3324742268041237,hypothetical; not empirically measured mine-specific costs
Logistic Regression,0.39000000000000001,36,232,493,15,0.68170103092783507,0.13432835820895522,0.70588235294117652,0.22570532915360503,0.32000000000000001,268,0.34536082474226804,232,15,1,247,0.31829896907216493,hypothetical; not empirically measured mine-specific costs
Logistic Regression,0.40000000000000002,35,219,506,16,0.69716494845360821,0.13779527559055119,0.68627450980392157,0.22950819672131148,0.30206896551724138,254,0.32731958762886598,219,16,1,235,0.30283505154639173,hypothetical; not empirically measured mine-specific costs
Logistic Regression,0.40999999999999998,33,208,517,18,0.70876288659793818,0.13692946058091288,0.6470588235294118,0.22602739726027396,0.28689655172413792,241,0.31056701030927836,208,18,1,226,0.29123711340206188,hypothetical; not empirically measured mine-specific costs
Logistic Regression,0.41999999999999998,33,200,525,18,0.71907216494845361,0.14163090128755365,0.6470588235294118,0.23239436619718309,0.27586206896551724,233,0.30025773195876287,200,18,1,218,0.28092783505154639,hypothetical; not empirically measured mine-specific costs
Logistic Regression,0.42999999999999999,33,186,539,18,0.73711340206185572,0.15068493150684931,0.6470588235294118,0.24444444444444444,0.25655172413793104,219,0.28221649484536082,186,18,1,204,0.26288659793814434,hypothetical; not empirically measured mine-specific costs
Logistic Regression,0.44,33,182,543,18,0.74226804123711343,0.15348837209302327,0.6470588235294118,0.24812030075187969,0.25103448275862067,215,0.27706185567010311,182,18,1,200,0.25773195876288657,hypothetical; not empirically measured mine-specific costs
Logistic Regression,0.45000000000000001,33,173,552,18,0.75386597938144329,0.16019417475728157,0.6470588235294118,0.25680933852140075,0.23862068965517241,206,0.2654639175257732,173,18,1,191,0.24613402061855671,hypothetical; not empirically measured mine-specific costs
Logistic Regression,0.46000000000000002,33,165,560,18,0.76417525773195871,0.16666666666666666,0.6470588235294118,0.26506024096385544,0.22758620689655173,198,0.25515463917525771,165,18,1,183,0.23582474226804123,hypothetical; not empirically measured mine-specific costs
Logistic Regression,0.46999999999999997,33,158,567,18,0.77319587628865982,0.17277486910994763,0.6470588235294118,0.27272727272727271,0.21793103448275863,191,0.24613402061855671,158,18,1,176,0.22680412371134021,hypothetical; not empirically measured mine-specific costs
Logistic Regression,0.47999999999999998,32,152,573,19,0.77963917525773196,0.17391304347826086,0.62745098039215685,0.2723404255319149,0.20965517241379311,184,0.23711340206185566,152,19,1,171,0.22036082474226804,hypothetical; not empirically measured mine-specific costs
Logistic Regression,0.48999999999999999,32,142,583,19,0.79252577319587625,0.18390804597701149,0.62745098039215685,0.28444444444444444,0.19586206896551725,174,0.22422680412371135,142,19,1,161,0.20747422680412372,hypothetical; not empirically measured mine-specific costs
Logistic Regression,0.5,32,134,591,19,0.80283505154639179,0.19277108433734941,0.62745098039215685,0.29493087557603687,0.18482758620689654,166,0.21391752577319587,134,19,1,153,0.19716494845360824,hypothetical; not empirically measured mine-specific costs
Logistic Regression,0.51000000000000001,32,127,598,19,0.81185567010309279,0.20125786163522014,0.62745098039215685,0.30476190476190479,0.17517241379310344,159,0.20489690721649484,127,19,1,146,0.18814432989690721,hypothetical; not empirically measured mine-specific costs
Logistic Regression,0.52000000000000002,32,120,605,19,0.82087628865979378,0.21052631578947367,0.62745098039215685,0.31527093596059114,0.16551724137931034,152,0.19587628865979381,120,19,1,139,0.17912371134020619,hypothetical; not empirically measured mine-specific costs
Logistic Regression,0.53000000000000003,32,115,610,19,0.82731958762886593,0.21768707482993196,0.62745098039215685,0.32323232323232326,0.15862068965517243,147,0.18943298969072164,115,19,1,134,0.17268041237113402,hypothetical; not empirically measured mine-specific costs
Logistic Regression,0.54000000000000004,32,107,618,19,0.83762886597938147,0.23021582733812951,0.62745098039215685,0.33684210526315789,0.14758620689655172,139,0.17912371134020619,107,19,1,126,0.16237113402061856,hypothetical; not empirically measured mine-specific costs
Logistic Regression,0.55000000000000004,32,102,623,19,0.84407216494845361,0.23880597014925373,0.62745098039215685,0.34594594594594597,0.1406896551724138,134,0.17268041237113402,102,19,1,121,0.15592783505154639,hypothetical; not empirically measured mine-specific costs
Logistic Regression,0.56000000000000005,30,100,625,21,0.84407216494845361,0.23076923076923078,0.58823529411764708,0.33149171270718231,0.13793103448275862,130,0.16752577319587628,100,21,1,121,0.15592783505154639,hypothetical; not empirically measured mine-specific costs
Logistic Regression,0.56999999999999995,30,96,629,21,0.84922680412371132,0.23809523809523808,0.58823529411764708,0.33898305084745761,0.13241379310344828,126,0.16237113402061856,96,21,1,117,0.15077319587628865,hypothetical; not empirically measured mine-specific costs
Logistic Regression,0.57999999999999996,29,94,631,22,0.85051546391752575,0.23577235772357724,0.56862745098039214,0.33333333333333331,0.1296551724137931,123,0.15850515463917525,94,22,1,116,0.14948453608247422,hypothetical; not empirically measured mine-specific costs
Logistic Regression,0.58999999999999997,29,92,633,22,0.85309278350515461,0.23966942148760331,0.56862745098039214,0.33720930232558138,0.12689655172413794,121,0.15592783505154639,92,22,1,114,0.14690721649484537,hypothetical; not empirically measured mine-specific costs
Logistic Regression,0.59999999999999998,27,87,638,24,0.85695876288659789,0.23684210526315788,0.52941176470588236,0.32727272727272727,0.12,114,0.14690721649484537,87,24,1,111,0.14304123711340205,hypothetical; not empirically measured mine-specific costs
Logistic Regression,0.60999999999999999,26,87,638,25,0.85567010309278346,0.23008849557522124,0.50980392156862742,0.31707317073170732,0.12,113,0.14561855670103094,87,25,1,112,0.14432989690721648,hypothetical; not empirically measured mine-specific costs
Logistic Regression,0.62,26,83,642,25,0.86082474226804129,0.23853211009174313,0.50980392156862742,0.32500000000000001,0.11448275862068966,109,0.1404639175257732,83,25,1,108,0.13917525773195877,hypothetical; not empirically measured mine-specific costs
Logistic Regression,0.63,24,79,646,27,0.86340206185567014,0.23300970873786409,0.47058823529411764,0.31168831168831168,0.10896551724137932,103,0.1327319587628866,79,27,1,106,0.13659793814432988,hypothetical; not empirically measured mine-specific costs
Logistic Regression,0.64000000000000001,24,74,651,27,0.86984536082474229,0.24489795918367346,0.47058823529411764,0.32214765100671139,0.10206896551724139,98,0.12628865979381443,74,27,1,101,0.13015463917525774,hypothetical; not empirically measured mine-specific costs
Logistic Regression,0.65000000000000002,22,70,655,29,0.87242268041237114,0.2391304347826087,0.43137254901960786,0.30769230769230771,0.096551724137931033,92,0.11855670103092783,70,29,1,99,0.12757731958762886,hypothetical; not empirically measured mine-specific costs
Logistic Regression,0.66000000000000003,22,67,658,29,0.87628865979381443,0.24719101123595505,0.43137254901960786,0.31428571428571428,0.092413793103448272,89,0.11469072164948453,67,29,1,96,0.12371134020618557,hypothetical; not empirically measured mine-specific costs
Logistic Regression,0.67000000000000004,22,66,659,29,0.87757731958762886,0.25,0.43137254901960786,0.31654676258992803,0.091034482758620694,88,0.1134020618556701,66,29,1,95,0.12242268041237113,hypothetical; not empirically measured mine-specific costs
Logistic Regression,0.68000000000000005,21,63,662,30,0.88015463917525771,0.25,0.41176470588235292,0.31111111111111112,0.086896551724137933,84,0.10824742268041238,63,30,1,93,0.11984536082474227,hypothetical; not empirically measured mine-specific costs
Logistic Regression,0.68999999999999995,20,63,662,31,0.87886597938144329,0.24096385542168675,0.39215686274509803,0.29850746268656714,0.086896551724137933,83,0.10695876288659793,63,31,1,94,0.1211340206185567,hypothetical; not empirically measured mine-specific costs
Logistic Regression,0.69999999999999996,20,59,666,31,0.884020618556701,0.25316455696202533,0.39215686274509803,0.30769230769230771,0.08137931034482758,79,0.10180412371134021,59,31,1,90,0.11597938144329897,hypothetical; not empirically measured mine-specific costs
Logistic Regression,0.70999999999999996,20,54,671,31,0.89046391752577314,0.27027027027027029,0.39215686274509803,0.32000000000000001,0.074482758620689649,74,0.095360824742268036,54,31,1,85,0.1095360824742268,hypothetical; not empirically measured mine-specific costs
Logistic Regression,0.71999999999999997,19,53,672,32,0.89046391752577314,0.2638888888888889,0.37254901960784315,0.30894308943089432,0.073103448275862071,72,0.092783505154639179,53,32,1,85,0.1095360824742268,hypothetical; not empirically measured mine-specific costs
Logistic Regression,0.72999999999999998,19,50,675,32,0.89432989690721654,0.27536231884057971,0.37254901960784315,0.31666666666666665,0.068965517241379309,69,0.08891752577319588,50,32,1,82,0.1056701030927835,hypothetical; not empirically measured mine-specific costs
Logistic Regression,0.73999999999999999,18,47,678,33,0.89690721649484539,0.27692307692307694,0.35294117647058826,0.31034482758620691,0.064827586206896548,65,0.083762886597938138,47,33,1,80,0.10309278350515463,hypothetical; not empirically measured mine-specific costs
Logistic Regression,0.75,17,47,678,34,0.89561855670103097,0.265625,0.33333333333333331,0.29565217391304349,0.064827586206896548,64,0.08247422680412371,47,34,1,81,0.10438144329896908,hypothetical; not empirically measured mine-specific costs
Logistic Regression,0.76000000000000001,16,45,680,35,0.89690721649484539,0.26229508196721313,0.31372549019607843,0.2857142857142857,0.062068965517241378,61,0.078608247422680411,45,35,1,80,0.10309278350515463,hypothetical; not empirically measured mine-specific costs
Logistic Regression,0.77000000000000002,16,40,685,35,0.90335051546391754,0.2857142857142857,0.31372549019607843,0.29906542056074764,0.055172413793103448,56,0.072164948453608241,40,35,1,75,0.096649484536082478,hypothetical; not empirically measured mine-specific costs
Logistic Regression,0.78000000000000003,15,37,688,36,0.90592783505154639,0.28846153846153844,0.29411764705882354,0.29126213592233008,0.051034482758620693,52,0.067010309278350513,37,36,1,73,0.094072164948453607,hypothetical; not empirically measured mine-specific costs
Logistic Regression,0.79000000000000004,15,35,690,36,0.90850515463917525,0.29999999999999999,0.29411764705882354,0.29702970297029702,0.048275862068965517,50,0.064432989690721643,35,36,1,71,0.091494845360824736,hypothetical; not empirically measured mine-specific costs
Logistic Regression,0.80000000000000004,15,34,691,36,0.90979381443298968,0.30612244897959184,0.29411764705882354,0.29999999999999999,0.046896551724137932,49,0.063144329896907214,34,36,1,70,0.090206185567010308,hypothetical; not empirically measured mine-specific costs
Logistic Regression,0.81000000000000005,15,32,693,36,0.91237113402061853,0.31914893617021278,0.29411764705882354,0.30612244897959184,0.044137931034482755,47,0.06056701030927835,32,36,1,68,0.087628865979381437,hypothetical; not empirically measured mine-specific costs
Logistic Regression,0.81999999999999995,15,30,695,36,0.91494845360824739,0.33333333333333331,0.29411764705882354,0.3125,0.041379310344827586,45,0.057989690721649487,30,36,1,66,0.08505154639175258,hypothetical; not empirically measured mine-specific costs
Logistic Regression,0.82999999999999996,15,29,696,36,0.91623711340206182,0.34090909090909088,0.29411764705882354,0.31578947368421051,0.040000000000000001,44,0.056701030927835051,29,36,1,65,0.083762886597938138,hypothetical; not empirically measured mine-specific costs
Logistic Regression,0.83999999999999997,13,27,698,38,0.91623711340206182,0.32500000000000001,0.25490196078431371,0.2857142857142857,0.037241379310344824,40,0.051546391752577317,27,38,1,65,0.083762886597938138,hypothetical; not empirically measured mine-specific costs
Logistic Regression,0.84999999999999998,13,24,701,38,0.92010309278350511,0.35135135135135137,0.25490196078431371,0.29545454545454547,0.03310344827586207,37,0.047680412371134018,24,38,1,62,0.079896907216494839,hypothetical; not empirically measured mine-specific costs
Logistic Regression,0.85999999999999999,12,23,702,39,0.92010309278350511,0.34285714285714286,0.23529411764705882,0.27906976744186046,0.031724137931034485,35,0.045103092783505154,23,39,1,62,0.079896907216494839,hypothetical; not empirically measured mine-specific costs
Logistic Regression,0.87,10,23,702,41,0.91752577319587625,0.30303030303030304,0.19607843137254902,0.23809523809523808,0.031724137931034485,33,0.04252577319587629,23,41,1,64,0.08247422680412371,hypothetical; not empirically measured mine-specific costs
Logistic Regression,0.88,8,20,705,43,0.91881443298969068,0.2857142857142857,0.15686274509803921,0.20253164556962025,0.027586206896551724,28,0.03608247422680412,20,43,1,63,0.081185567010309281,hypothetical; not empirically measured mine-specific costs
Logistic Regression,0.89000000000000001,7,18,707,44,0.92010309278350511,0.28000000000000003,0.13725490196078433,0.18421052631578946,0.024827586206896551,25,0.032216494845360821,18,44,1,62,0.079896907216494839,hypothetical; not empirically measured mine-specific costs
Logistic Regression,0.90000000000000002,5,15,710,46,0.92139175257731953,0.25,0.098039215686274508,0.14084507042253522,0.020689655172413793,20,0.025773195876288658,15,46,1,61,0.078608247422680411,hypothetical; not empirically measured mine-specific costs
Logistic Regression,0.91000000000000003,4,15,710,47,0.92010309278350511,0.21052631578947367,0.078431372549019607,0.11428571428571428,0.020689655172413793,19,0.024484536082474227,15,47,1,62,0.079896907216494839,hypothetical; not empirically measured mine-specific costs
Logistic Regression,0.92000000000000004,3,13,712,48,0.92139175257731953,0.1875,0.058823529411764705,0.089552238805970144,0.01793103448275862,16,0.020618556701030927,13,48,1,61,0.078608247422680411,hypothetical; not empirically measured mine-specific costs
Logistic Regression,0.93000000000000005,3,13,712,48,0.92139175257731953,0.1875,0.058823529411764705,0.089552238805970144,0.01793103448275862,16,0.020618556701030927,13,48,1,61,0.078608247422680411,hypothetical; not empirically measured mine-specific costs
Logistic Regression,0.93999999999999995,3,13,712,48,0.92139175257731953,0.1875,0.058823529411764705,0.089552238805970144,0.01793103448275862,16,0.020618556701030927,13,48,1,61,0.078608247422680411,hypothetical; not empirically measured mine-specific costs
Logistic Regression,0.94999999999999996,2,9,716,49,0.92525773195876293,0.18181818181818182,0.039215686274509803,0.064516129032258063,0.012413793103448275,11,0.014175257731958763,9,49,1,58,0.074742268041237112,hypothetical; not empirically measured mine-specific costs
Logistic Regression,0.95999999999999996,1,6,719,50,0.92783505154639179,0.14285714285714285,0.019607843137254902,0.034482758620689655,0.0082758620689655175,7,0.0090206185567010301,6,50,1,56,0.072164948453608241,hypothetical; not empirically measured mine-specific costs
Logistic Regression,0.96999999999999997,1,6,719,50,0.92783505154639179,0.14285714285714285,0.019607843137254902,0.034482758620689655,0.0082758620689655175,7,0.0090206185567010301,6,50,1,56,0.072164948453608241,hypothetical; not empirically measured mine-specific costs
Logistic Regression,0.97999999999999998,1,3,722,50,0.93170103092783507,0.25,0.019607843137254902,0.036363636363636362,0.0041379310344827587,4,0.0051546391752577319,3,50,1,53,0.068298969072164942,hypothetical; not empirically measured mine-specific costs
Logistic Regression,0.98999999999999999,0,1,724,51,0.9329896907216495,0,0,0,0.0013793103448275861,1,0.001288659793814433,1,51,1,52,0.067010309278350513,hypothetical; not empirically measured mine-specific costs
Random Forest,0.01,47,566,159,4,0.2654639175257732,0.076672104404567704,0.92156862745098034,0.14156626506024098,0.78068965517241384,613,0.78994845360824739,566,4,1,570,0.73453608247422686,hypothetical; not empirically measured mine-specific costs
Random Forest,0.02,45,493,232,6,0.35695876288659795,0.083643122676579931,0.88235294117647056,0.15280135823429541,0.68000000000000005,538,0.69329896907216493,493,6,1,499,0.64304123711340211,hypothetical; not empirically measured mine-specific costs
Random Forest,0.029999999999999999,45,457,268,6,0.40335051546391754,0.089641434262948211,0.88235294117647056,0.16274864376130199,0.63034482758620691,502,0.64690721649484539,457,6,1,463,0.59664948453608246,hypothetical; not empirically measured mine-specific costs
Random Forest,0.040000000000000001,45,402,323,6,0.47422680412371132,0.10067114093959731,0.88235294117647056,0.18072289156626506,0.55448275862068963,447,0.5760309278350515,402,6,1,408,0.52577319587628868,hypothetical; not empirically measured mine-specific costs
Random Forest,0.050000000000000003,44,369,356,7,0.51546391752577314,0.10653753026634383,0.86274509803921573,0.18965517241379309,0.50896551724137928,413,0.53221649484536082,369,7,1,376,0.4845360824742268,hypothetical; not empirically measured mine-specific costs
Random Forest,0.059999999999999998,43,335,390,8,0.5579896907216495,0.11375661375661375,0.84313725490196079,0.20046620046620048,0.46206896551724136,378,0.48711340206185566,335,8,1,343,0.4420103092783505,hypothetical; not empirically measured mine-specific costs
Random Forest,0.070000000000000007,43,311,414,8,0.58891752577319589,0.12146892655367232,0.84313725490196079,0.21234567901234569,0.42896551724137932,354,0.45618556701030927,311,8,1,319,0.41108247422680411,hypothetical; not empirically measured mine-specific costs
Random Forest,0.080000000000000002,42,295,430,9,0.60824742268041232,0.12462908011869436,0.82352941176470584,0.21649484536082475,0.40689655172413791,337,0.43427835051546393,295,9,1,304,0.39175257731958762,hypothetical; not empirically measured mine-specific costs
Random Forest,0.089999999999999997,41,276,449,10,0.63144329896907214,0.12933753943217666,0.80392156862745101,0.22282608695652173,0.38068965517241377,317,0.40850515463917525,276,10,1,286,0.36855670103092786,hypothetical; not empirically measured mine-specific costs
Random Forest,0.10000000000000001,40,258,467,11,0.65335051546391754,0.13422818791946309,0.78431372549019607,0.22922636103151864,0.35586206896551725,298,0.38402061855670105,258,11,1,269,0.34664948453608246,hypothetical; not empirically measured mine-specific costs
Random Forest,0.11,39,241,484,12,0.6739690721649485,0.13928571428571429,0.76470588235294112,0.23564954682779457,0.33241379310344826,280,0.36082474226804123,241,12,1,253,0.32603092783505155,hypothetical; not empirically measured mine-specific costs
Random Forest,0.12,37,223,502,14,0.69458762886597936,0.1423076923076923,0.72549019607843135,0.23794212218649519,0.30758620689655175,260,0.33505154639175255,223,14,1,237,0.30541237113402064,hypothetical; not empirically measured mine-specific costs
Random Forest,0.13,36,209,516,15,0.71134020618556704,0.14693877551020409,0.70588235294117652,0.24324324324324326,0.28827586206896549,245,0.31572164948453607,209,15,1,224,0.28865979381443296,hypothetical; not empirically measured mine-specific costs
Random Forest,0.14000000000000001,36,199,526,15,0.72422680412371132,0.15319148936170213,0.70588235294117652,0.25174825174825177,0.27448275862068966,235,0.30283505154639173,199,15,1,214,0.27577319587628868,hypothetical; not empirically measured mine-specific costs
Random Forest,0.14999999999999999,35,185,540,16,0.740979381443299,0.15909090909090909,0.68627450980392157,0.25830258302583026,0.25517241379310346,220,0.28350515463917525,185,16,1,201,0.25902061855670105,hypothetical; not empirically measured mine-specific costs
Random Forest,0.16,32,174,551,19,0.75128865979381443,0.1553398058252427,0.62745098039215685,0.24902723735408561,0.23999999999999999,206,0.2654639175257732,174,19,1,193,0.24871134020618557,hypothetical; not empirically measured mine-specific costs
Random Forest,0.17000000000000001,30,153,572,21,0.77577319587628868,0.16393442622950818,0.58823529411764708,0.25641025641025639,0.21103448275862069,183,0.23582474226804123,153,21,1,174,0.22422680412371135,hypothetical; not empirically measured mine-specific costs
Random Forest,0.17999999999999999,28,140,585,23,0.78994845360824739,0.16666666666666666,0.5490196078431373,0.25570776255707761,0.19310344827586207,168,0.21649484536082475,140,23,1,163,0.21005154639175258,hypothetical; not empirically measured mine-specific costs
Random Forest,0.19,28,130,595,23,0.80283505154639179,0.17721518987341772,0.5490196078431373,0.26794258373205743,0.1793103448275862,158,0.20360824742268041,130,23,1,153,0.19716494845360824,hypothetical; not empirically measured mine-specific costs
Random Forest,0.20000000000000001,28,119,606,23,0.8170103092783505,0.19047619047619047,0.5490196078431373,0.28282828282828282,0.16413793103448276,147,0.18943298969072164,119,23,1,142,0.18298969072164947,hypothetical; not empirically measured mine-specific costs
Random Forest,0.20999999999999999,27,112,613,24,0.82474226804123707,0.19424460431654678,0.52941176470588236,0.28421052631578947,0.15448275862068966,139,0.17912371134020619,112,24,1,136,0.17525773195876287,hypothetical; not empirically measured mine-specific costs
Random Forest,0.22,26,108,617,25,0.82860824742268047,0.19402985074626866,0.50980392156862742,0.2810810810810811,0.1489655172413793,134,0.17268041237113402,108,25,1,133,0.17139175257731959,hypothetical; not empirically measured mine-specific costs
Random Forest,0.23000000000000001,25,102,623,26,0.83505154639175261,0.19685039370078741,0.49019607843137253,0.2808988764044944,0.1406896551724138,127,0.16365979381443299,102,26,1,128,0.16494845360824742,hypothetical; not empirically measured mine-specific costs
Random Forest,0.23999999999999999,25,93,632,26,0.84664948453608246,0.21186440677966101,0.49019607843137253,0.29585798816568049,0.12827586206896552,118,0.15206185567010308,93,26,1,119,0.15335051546391754,hypothetical; not empirically measured mine-specific costs
Random Forest,0.25,24,86,639,27,0.85438144329896903,0.21818181818181817,0.47058823529411764,0.29813664596273293,0.11862068965517242,110,0.14175257731958762,86,27,1,113,0.14561855670103094,hypothetical; not empirically measured mine-specific costs
Random Forest,0.26000000000000001,23,79,646,28,0.86211340206185572,0.22549019607843138,0.45098039215686275,0.30065359477124182,0.10896551724137932,102,0.13144329896907217,79,28,1,107,0.13788659793814434,hypothetical; not empirically measured mine-specific costs
Random Forest,0.27000000000000002,21,74,651,30,0.865979381443299,0.22105263157894736,0.41176470588235292,0.28767123287671231,0.10206896551724139,95,0.12242268041237113,74,30,1,104,0.13402061855670103,hypothetical; not empirically measured mine-specific costs
Random Forest,0.28000000000000003,20,71,654,31,0.86855670103092786,0.21978021978021978,0.39215686274509803,0.28169014084507044,0.097931034482758625,91,0.1172680412371134,71,31,1,102,0.13144329896907217,hypothetical; not empirically measured mine-specific costs
Random Forest,0.28999999999999998,19,66,659,32,0.87371134020618557,0.22352941176470589,0.37254901960784315,0.27941176470588236,0.091034482758620694,85,0.1095360824742268,66,32,1,98,0.12628865979381443,hypothetical; not empirically measured mine-specific costs
Random Forest,0.29999999999999999,18,62,663,33,0.87757731958762886,0.22500000000000001,0.35294117647058826,0.27480916030534353,0.085517241379310341,80,0.10309278350515463,62,33,1,95,0.12242268041237113,hypothetical; not empirically measured mine-specific costs
Random Forest,0.31,17,57,668,34,0.88273195876288657,0.22972972972972974,0.33333333333333331,0.27200000000000002,0.07862068965517241,74,0.095360824742268036,57,34,1,91,0.1172680412371134,hypothetical; not empirically measured mine-specific costs
Random Forest,0.32000000000000001,16,56,669,35,0.88273195876288657,0.22222222222222221,0.31372549019607843,0.26016260162601629,0.077241379310344832,72,0.092783505154639179,56,35,1,91,0.1172680412371134,hypothetical; not empirically measured mine-specific costs
Random Forest,0.33000000000000002,16,53,672,35,0.88659793814432986,0.2318840579710145,0.31372549019607843,0.26666666666666666,0.073103448275862071,69,0.08891752577319588,53,35,1,88,0.1134020618556701,hypothetical; not empirically measured mine-specific costs
Random Forest,0.34000000000000002,16,52,673,35,0.88788659793814428,0.23529411764705882,0.31372549019607843,0.26890756302521007,0.071724137931034479,68,0.087628865979381437,52,35,1,87,0.11211340206185567,hypothetical; not empirically measured mine-specific costs
Random Forest,0.34999999999999998,14,47,678,37,0.89175257731958768,0.22950819672131148,0.27450980392156865,0.25,0.064827586206896548,61,0.078608247422680411,47,37,1,84,0.10824742268041238,hypothetical; not empirically measured mine-specific costs
Random Forest,0.35999999999999999,13,40,685,38,0.89948453608247425,0.24528301886792453,0.25490196078431371,0.25,0.055172413793103448,53,0.068298969072164942,40,38,1,78,0.10051546391752578,hypothetical; not empirically measured mine-specific costs
Random Forest,0.37,13,37,688,38,0.90335051546391754,0.26000000000000001,0.25490196078431371,0.25742574257425743,0.051034482758620693,50,0.064432989690721643,37,38,1,75,0.096649484536082478,hypothetical; not empirically measured mine-specific costs
Random Forest,0.38,13,34,691,38,0.90721649484536082,0.27659574468085107,0.25490196078431371,0.26530612244897961,0.046896551724137932,47,0.06056701030927835,34,38,1,72,0.092783505154639179,hypothetical; not empirically measured mine-specific costs
Random Forest,0.39000000000000001,12,29,696,39,0.91237113402061853,0.29268292682926828,0.23529411764705882,0.2608695652173913,0.040000000000000001,41,0.052835051546391752,29,39,1,68,0.087628865979381437,hypothetical; not empirically measured mine-specific costs
Random Forest,0.40000000000000002,11,29,696,40,0.91108247422680411,0.27500000000000002,0.21568627450980393,0.24175824175824176,0.040000000000000001,40,0.051546391752577317,29,40,1,69,0.08891752577319588,hypothetical; not empirically measured mine-specific costs
Random Forest,0.40999999999999998,11,29,696,40,0.91108247422680411,0.27500000000000002,0.21568627450980393,0.24175824175824176,0.040000000000000001,40,0.051546391752577317,29,40,1,69,0.08891752577319588,hypothetical; not empirically measured mine-specific costs
Random Forest,0.41999999999999998,11,28,697,40,0.91237113402061853,0.28205128205128205,0.21568627450980393,0.24444444444444444,0.038620689655172416,39,0.050257731958762888,28,40,1,68,0.087628865979381437,hypothetical; not empirically measured mine-specific costs
Random Forest,0.42999999999999999,11,28,697,40,0.91237113402061853,0.28205128205128205,0.21568627450980393,0.24444444444444444,0.038620689655172416,39,0.050257731958762888,28,40,1,68,0.087628865979381437,hypothetical; not empirically measured mine-specific costs
Random Forest,0.44,11,25,700,40,0.91623711340206182,0.30555555555555558,0.21568627450980393,0.25287356321839083,0.034482758620689655,36,0.046391752577319589,25,40,1,65,0.083762886597938138,hypothetical; not empirically measured mine-specific costs
Random Forest,0.45000000000000001,10,25,700,41,0.91494845360824739,0.2857142857142857,0.19607843137254902,0.23255813953488372,0.034482758620689655,35,0.045103092783505154,25,41,1,66,0.08505154639175258,hypothetical; not empirically measured mine-specific costs
Random Forest,0.46000000000000002,9,25,700,42,0.91365979381443296,0.26470588235294118,0.17647058823529413,0.21176470588235294,0.034482758620689655,34,0.043814432989690719,25,42,1,67,0.086340206185567009,hypothetical; not empirically measured mine-specific costs
Random Forest,0.46999999999999997,8,24,701,43,0.91365979381443296,0.25,0.15686274509803921,0.19277108433734941,0.03310344827586207,32,0.041237113402061855,24,43,1,67,0.086340206185567009,hypothetical; not empirically measured mine-specific costs
Random Forest,0.47999999999999998,8,21,704,43,0.91752577319587625,0.27586206896551724,0.15686274509803921,0.20000000000000001,0.028965517241379312,29,0.037371134020618556,21,43,1,64,0.08247422680412371,hypothetical; not empirically measured mine-specific costs
Random Forest,0.48999999999999999,8,20,705,43,0.91881443298969068,0.2857142857142857,0.15686274509803921,0.20253164556962025,0.027586206896551724,28,0.03608247422680412,20,43,1,63,0.081185567010309281,hypothetical; not empirically measured mine-specific costs
Random Forest,0.5,8,18,707,43,0.92139175257731953,0.30769230769230771,0.15686274509803921,0.20779220779220781,0.024827586206896551,26,0.033505154639175257,18,43,1,61,0.078608247422680411,hypothetical; not empirically measured mine-specific costs
Random Forest,0.51000000000000001,8,18,707,43,0.92139175257731953,0.30769230769230771,0.15686274509803921,0.20779220779220781,0.024827586206896551,26,0.033505154639175257,18,43,1,61,0.078608247422680411,hypothetical; not empirically measured mine-specific costs
Random Forest,0.52000000000000002,8,17,708,43,0.92268041237113407,0.32000000000000001,0.15686274509803921,0.21052631578947367,0.023448275862068966,25,0.032216494845360821,17,43,1,60,0.077319587628865982,hypothetical; not empirically measured mine-specific costs
Random Forest,0.53000000000000003,8,15,710,43,0.92525773195876293,0.34782608695652173,0.15686274509803921,0.21621621621621623,0.020689655172413793,23,0.029639175257731958,15,43,1,58,0.074742268041237112,hypothetical; not empirically measured mine-specific costs
Random Forest,0.54000000000000004,8,15,710,43,0.92525773195876293,0.34782608695652173,0.15686274509803921,0.21621621621621623,0.020689655172413793,23,0.029639175257731958,15,43,1,58,0.074742268041237112,hypothetical; not empirically measured mine-specific costs
Random Forest,0.55000000000000004,8,14,711,43,0.92654639175257736,0.36363636363636365,0.15686274509803921,0.21917808219178081,0.019310344827586208,22,0.028350515463917526,14,43,1,57,0.073453608247422683,hypothetical; not empirically measured mine-specific costs
Random Forest,0.56000000000000005,7,14,711,44,0.92525773195876293,0.33333333333333331,0.13725490196078433,0.19444444444444445,0.019310344827586208,21,0.027061855670103094,14,44,1,58,0.074742268041237112,hypothetical; not empirically measured mine-specific costs
Random Forest,0.56999999999999995,7,13,712,44,0.92654639175257736,0.34999999999999998,0.13725490196078433,0.19718309859154928,0.01793103448275862,20,0.025773195876288658,13,44,1,57,0.073453608247422683,hypothetical; not empirically measured mine-specific costs
Random Forest,0.57999999999999996,7,12,713,44,0.92783505154639179,0.36842105263157893,0.13725490196078433,0.20000000000000001,0.016551724137931035,19,0.024484536082474227,12,44,1,56,0.072164948453608241,hypothetical; not empirically measured mine-specific costs
Random Forest,0.58999999999999997,7,11,714,44,0.92912371134020622,0.3888888888888889,0.13725490196078433,0.20289855072463769,0.015172413793103448,18,0.023195876288659795,11,44,1,55,0.070876288659793812,hypothetical; not empirically measured mine-specific costs
Random Forest,0.59999999999999998,6,10,715,45,0.92912371134020622,0.375,0.11764705882352941,0.17910447761194029,0.013793103448275862,16,0.020618556701030927,10,45,1,55,0.070876288659793812,hypothetical; not empirically measured mine-specific costs
Random Forest,0.60999999999999999,6,10,715,45,0.92912371134020622,0.375,0.11764705882352941,0.17910447761194029,0.013793103448275862,16,0.020618556701030927,10,45,1,55,0.070876288659793812,hypothetical; not empirically measured mine-specific costs
Random Forest,0.62,6,9,716,45,0.93041237113402064,0.40000000000000002,0.11764705882352941,0.18181818181818182,0.012413793103448275,15,0.019329896907216496,9,45,1,54,0.069587628865979384,hypothetical; not empirically measured mine-specific costs
Random Forest,0.63,6,8,717,45,0.93170103092783507,0.42857142857142855,0.11764705882352941,0.18461538461538463,0.011034482758620689,14,0.01804123711340206,8,45,1,53,0.068298969072164942,hypothetical; not empirically measured mine-specific costs
Random Forest,0.64000000000000001,5,8,717,46,0.93041237113402064,0.38461538461538464,0.098039215686274508,0.15625,0.011034482758620689,13,0.016752577319587628,8,46,1,54,0.069587628865979384,hypothetical; not empirically measured mine-specific costs
Random Forest,0.65000000000000002,5,7,718,46,0.93170103092783507,0.41666666666666669,0.098039215686274508,0.15873015873015872,0.009655172413793104,12,0.015463917525773196,7,46,1,53,0.068298969072164942,hypothetical; not empirically measured mine-specific costs
Random Forest,0.66000000000000003,5,6,719,46,0.9329896907216495,0.45454545454545453,0.098039215686274508,0.16129032258064516,0.0082758620689655175,11,0.014175257731958763,6,46,1,52,0.067010309278350513,hypothetical; not empirically measured mine-specific costs
Random Forest,0.67000000000000004,5,5,720,46,0.93427835051546393,0.5,0.098039215686274508,0.16393442622950818,0.0068965517241379309,10,0.012886597938144329,5,46,1,51,0.065721649484536085,hypothetical; not empirically measured mine-specific costs
Random Forest,0.68000000000000005,5,5,720,46,0.93427835051546393,0.5,0.098039215686274508,0.16393442622950818,0.0068965517241379309,10,0.012886597938144329,5,46,1,51,0.065721649484536085,hypothetical; not empirically measured mine-specific costs
Random Forest,0.68999999999999995,5,5,720,46,0.93427835051546393,0.5,0.098039215686274508,0.16393442622950818,0.0068965517241379309,10,0.012886597938144329,5,46,1,51,0.065721649484536085,hypothetical; not empirically measured mine-specific costs
Random Forest,0.69999999999999996,4,4,721,47,0.93427835051546393,0.5,0.078431372549019607,0.13559322033898305,0.0055172413793103444,8,0.010309278350515464,4,47,1,51,0.065721649484536085,hypothetical; not empirically measured mine-specific costs
Random Forest,0.70999999999999996,4,2,723,47,0.93685567010309279,0.66666666666666663,0.078431372549019607,0.14035087719298245,0.0027586206896551722,6,0.0077319587628865982,2,47,1,49,0.063144329896907214,hypothetical; not empirically measured mine-specific costs
Random Forest,0.71999999999999997,4,2,723,47,0.93685567010309279,0.66666666666666663,0.078431372549019607,0.14035087719298245,0.0027586206896551722,6,0.0077319587628865982,2,47,1,49,0.063144329896907214,hypothetical; not empirically measured mine-specific costs
Random Forest,0.72999999999999998,4,1,724,47,0.93814432989690721,0.80000000000000004,0.078431372549019607,0.14285714285714285,0.0013793103448275861,5,0.0064432989690721646,1,47,1,48,0.061855670103092786,hypothetical; not empirically measured mine-specific costs
Random Forest,0.73999999999999999,4,1,724,47,0.93814432989690721,0.80000000000000004,0.078431372549019607,0.14285714285714285,0.0013793103448275861,5,0.0064432989690721646,1,47,1,48,0.061855670103092786,hypothetical; not empirically measured mine-specific costs
Random Forest,0.75,4,1,724,47,0.93814432989690721,0.80000000000000004,0.078431372549019607,0.14285714285714285,0.0013793103448275861,5,0.0064432989690721646,1,47,1,48,0.061855670103092786,hypothetical; not empirically measured mine-specific costs
Random Forest,0.76000000000000001,3,1,724,48,0.93685567010309279,0.75,0.058823529411764705,0.10909090909090909,0.0013793103448275861,4,0.0051546391752577319,1,48,1,49,0.063144329896907214,hypothetical; not empirically measured mine-specific costs
Random Forest,0.77000000000000002,3,1,724,48,0.93685567010309279,0.75,0.058823529411764705,0.10909090909090909,0.0013793103448275861,4,0.0051546391752577319,1,48,1,49,0.063144329896907214,hypothetical; not empirically measured mine-specific costs
Random Forest,0.78000000000000003,3,1,724,48,0.93685567010309279,0.75,0.058823529411764705,0.10909090909090909,0.0013793103448275861,4,0.0051546391752577319,1,48,1,49,0.063144329896907214,hypothetical; not empirically measured mine-specific costs
Random Forest,0.79000000000000004,3,1,724,48,0.93685567010309279,0.75,0.058823529411764705,0.10909090909090909,0.0013793103448275861,4,0.0051546391752577319,1,48,1,49,0.063144329896907214,hypothetical; not empirically measured mine-specific costs
Random Forest,0.80000000000000004,3,1,724,48,0.93685567010309279,0.75,0.058823529411764705,0.10909090909090909,0.0013793103448275861,4,0.0051546391752577319,1,48,1,49,0.063144329896907214,hypothetical; not empirically measured mine-specific costs
Random Forest,0.81000000000000005,2,1,724,49,0.93556701030927836,0.66666666666666663,0.039215686274509803,0.07407407407407407,0.0013793103448275861,3,0.0038659793814432991,1,49,1,50,0.064432989690721643,hypothetical; not empirically measured mine-specific costs
Random Forest,0.81999999999999995,2,1,724,49,0.93556701030927836,0.66666666666666663,0.039215686274509803,0.07407407407407407,0.0013793103448275861,3,0.0038659793814432991,1,49,1,50,0.064432989690721643,hypothetical; not empirically measured mine-specific costs
Random Forest,0.82999999999999996,2,1,724,49,0.93556701030927836,0.66666666666666663,0.039215686274509803,0.07407407407407407,0.0013793103448275861,3,0.0038659793814432991,1,49,1,50,0.064432989690721643,hypothetical; not empirically measured mine-specific costs
Random Forest,0.83999999999999997,2,1,724,49,0.93556701030927836,0.66666666666666663,0.039215686274509803,0.07407407407407407,0.0013793103448275861,3,0.0038659793814432991,1,49,1,50,0.064432989690721643,hypothetical; not empirically measured mine-specific costs
Random Forest,0.84999999999999998,2,1,724,49,0.93556701030927836,0.66666666666666663,0.039215686274509803,0.07407407407407407,0.0013793103448275861,3,0.0038659793814432991,1,49,1,50,0.064432989690721643,hypothetical; not empirically measured mine-specific costs
Random Forest,0.85999999999999999,1,0,725,50,0.93556701030927836,1,0.019607843137254902,0.038461538461538464,0,1,0.001288659793814433,0,50,1,50,0.064432989690721643,hypothetical; not empirically measured mine-specific costs
Random Forest,0.87,1,0,725,50,0.93556701030927836,1,0.019607843137254902,0.038461538461538464,0,1,0.001288659793814433,0,50,1,50,0.064432989690721643,hypothetical; not empirically measured mine-specific costs
Random Forest,0.88,1,0,725,50,0.93556701030927836,1,0.019607843137254902,0.038461538461538464,0,1,0.001288659793814433,0,50,1,50,0.064432989690721643,hypothetical; not empirically measured mine-specific costs
Random Forest,0.89000000000000001,1,0,725,50,0.93556701030927836,1,0.019607843137254902,0.038461538461538464,0,1,0.001288659793814433,0,50,1,50,0.064432989690721643,hypothetical; not empirically measured mine-specific costs
Random Forest,0.90000000000000002,1,0,725,50,0.93556701030927836,1,0.019607843137254902,0.038461538461538464,0,1,0.001288659793814433,0,50,1,50,0.064432989690721643,hypothetical; not empirically measured mine-specific costs
Random Forest,0.91000000000000003,1,0,725,50,0.93556701030927836,1,0.019607843137254902,0.038461538461538464,0,1,0.001288659793814433,0,50,1,50,0.064432989690721643,hypothetical; not empirically measured mine-specific costs
Random Forest,0.92000000000000004,1,0,725,50,0.93556701030927836,1,0.019607843137254902,0.038461538461538464,0,1,0.001288659793814433,0,50,1,50,0.064432989690721643,hypothetical; not empirically measured mine-specific costs
Random Forest,0.93000000000000005,0,0,725,51,0.93427835051546393,0,0,0,0,0,0,0,51,1,51,0.065721649484536085,hypothetical; not empirically measured mine-specific costs
Random Forest,0.93999999999999995,0,0,725,51,0.93427835051546393,0,0,0,0,0,0,0,51,1,51,0.065721649484536085,hypothetical; not empirically measured mine-specific costs
Random Forest,0.94999999999999996,0,0,725,51,0.93427835051546393,0,0,0,0,0,0,0,51,1,51,0.065721649484536085,hypothetical; not empirically measured mine-specific costs
Random Forest,0.95999999999999996,0,0,725,51,0.93427835051546393,0,0,0,0,0,0,0,51,1,51,0.065721649484536085,hypothetical; not empirically measured mine-specific costs
Random Forest,0.96999999999999997,0,0,725,51,0.93427835051546393,0,0,0,0,0,0,0,51,1,51,0.065721649484536085,hypothetical; not empirically measured mine-specific costs
Random Forest,0.97999999999999998,0,0,725,51,0.93427835051546393,0,0,0,0,0,0,0,51,1,51,0.065721649484536085,hypothetical; not empirically measured mine-specific costs
Random Forest,0.98999999999999999,0,0,725,51,0.93427835051546393,0,0,0,0,0,0,0,51,1,51,0.065721649484536085,hypothetical; not empirically measured mine-specific costs
Gradient Boosting,0.01,51,725,0,0,0.065721649484536085,0.065721649484536085,1,0.12333736396614269,1,776,1,725,0,1,725,0.93427835051546393,hypothetical; not empirically measured mine-specific costs
Gradient Boosting,0.02,51,723,2,0,0.068298969072164942,0.06589147286821706,1,0.12363636363636364,0.99724137931034484,774,0.99742268041237114,723,0,1,723,0.93170103092783507,hypothetical; not empirically measured mine-specific costs
Gradient Boosting,0.029999999999999999,51,706,19,0,0.090206185567010308,0.067371202113606338,1,0.12623762376237624,0.97379310344827585,757,0.97551546391752575,706,0,1,706,0.90979381443298968,hypothetical; not empirically measured mine-specific costs
Gradient Boosting,0.040000000000000001,51,679,46,0,0.125,0.069863013698630141,1,0.13060179257362356,0.93655172413793109,730,0.94072164948453607,679,0,1,679,0.875,hypothetical; not empirically measured mine-specific costs
Gradient Boosting,0.050000000000000003,51,657,68,0,0.15335051546391754,0.072033898305084748,1,0.13438735177865613,0.90620689655172415,708,0.91237113402061853,657,0,1,657,0.84664948453608246,hypothetical; not empirically measured mine-specific costs
Gradient Boosting,0.059999999999999998,51,641,84,0,0.17396907216494845,0.073699421965317924,1,0.13728129205921938,0.88413793103448279,692,0.89175257731958768,641,0,1,641,0.8260309278350515,hypothetical; not empirically measured mine-specific costs
Gradient Boosting,0.070000000000000007,50,627,98,1,0.19072164948453607,0.073855243722304287,0.98039215686274506,0.13736263736263737,0.86482758620689659,677,0.87242268041237114,627,1,1,628,0.80927835051546393,hypothetical; not empirically measured mine-specific costs
Gradient Boosting,0.080000000000000002,50,617,108,1,0.20360824742268041,0.074962518740629688,0.98039215686274506,0.1392757660167131,0.8510344827586207,667,0.85953608247422686,617,1,1,618,0.79639175257731953,hypothetical; not empirically measured mine-specific costs
Gradient Boosting,0.089999999999999997,49,602,123,2,0.22164948453608246,0.075268817204301078,0.96078431372549022,0.1396011396011396,0.83034482758620687,651,0.83891752577319589,602,2,1,604,0.77835051546391754,hypothetical; not empirically measured mine-specific costs
Gradient Boosting,0.10000000000000001,47,569,156,4,0.26159793814432991,0.076298701298701296,0.92156862745098034,0.1409295352323838,0.78482758620689652,616,0.79381443298969068,569,4,1,573,0.73840206185567014,hypothetical; not empirically measured mine-specific costs
Gradient Boosting,0.11,47,531,194,4,0.31056701030927836,0.081314878892733561,0.92156862745098034,0.1494435612082671,0.73241379310344823,578,0.74484536082474229,531,4,1,535,0.68943298969072164,hypothetical; not empirically measured mine-specific costs
Gradient Boosting,0.12,46,500,225,5,0.34922680412371132,0.084249084249084255,0.90196078431372551,0.1541038525963149,0.68965517241379315,546,0.70360824742268047,500,5,1,505,0.65077319587628868,hypothetical; not empirically measured mine-specific costs
Gradient Boosting,0.13,46,466,259,5,0.39304123711340205,0.08984375,0.90196078431372551,0.16341030195381884,0.64275862068965517,512,0.65979381443298968,466,5,1,471,0.60695876288659789,hypothetical; not empirically measured mine-specific costs
Gradient Boosting,0.14000000000000001,46,441,284,5,0.42525773195876287,0.094455852156057493,0.90196078431372551,0.17100371747211895,0.60827586206896556,487,0.62757731958762886,441,5,1,446,0.57474226804123707,hypothetical; not empirically measured mine-specific costs
Gradient Boosting,0.14999999999999999,45,413,312,6,0.46005154639175255,0.098253275109170299,0.88235294117647056,0.17681728880157171,0.56965517241379315,458,0.59020618556701032,413,6,1,419,0.53994845360824739,hypothetical; not empirically measured mine-specific costs
Gradient Boosting,0.16,43,390,335,8,0.48711340206185566,0.099307159353348731,0.84313725490196079,0.17768595041322313,0.53793103448275859,433,0.5579896907216495,390,8,1,398,0.51288659793814428,hypothetical; not empirically measured mine-specific costs
Gradient Boosting,0.17000000000000001,41,367,358,10,0.51417525773195871,0.10049019607843138,0.80392156862745101,0.1786492374727669,0.50620689655172413,408,0.52577319587628868,367,10,1,377,0.48582474226804123,hypothetical; not empirically measured mine-specific costs
Gradient Boosting,0.17999999999999999,41,347,378,10,0.53994845360824739,0.1056701030927835,0.80392156862745101,0.18678815489749431,0.4786206896551724,388,0.5,347,10,1,357,0.46005154639175255,hypothetical; not empirically measured mine-specific costs
Gradient Boosting,0.19,39,331,394,12,0.5579896907216495,0.10540540540540541,0.76470588235294112,0.18527315914489312,0.45655172413793105,370,0.47680412371134023,331,12,1,343,0.4420103092783505,hypothetical; not empirically measured mine-specific costs
Gradient Boosting,0.20000000000000001,38,308,417,13,0.58634020618556704,0.10982658959537572,0.74509803921568629,0.19143576826196473,0.42482758620689653,346,0.44587628865979384,308,13,1,321,0.41365979381443296,hypothetical; not empirically measured mine-specific costs
Gradient Boosting,0.20999999999999999,38,291,434,13,0.60824742268041232,0.11550151975683891,0.74509803921568629,0.20000000000000001,0.4013793103448276,329,0.42396907216494845,291,13,1,304,0.39175257731958762,hypothetical; not empirically measured mine-specific costs
Gradient Boosting,0.22,38,274,451,13,0.63015463917525771,0.12179487179487179,0.74509803921568629,0.20936639118457301,0.37793103448275861,312,0.40206185567010311,274,13,1,287,0.36984536082474229,hypothetical; not empirically measured mine-specific costs
Gradient Boosting,0.23000000000000001,37,264,461,14,0.64175257731958768,0.12292358803986711,0.72549019607843135,0.21022727272727273,0.36413793103448278,301,0.38788659793814434,264,14,1,278,0.35824742268041238,hypothetical; not empirically measured mine-specific costs
Gradient Boosting,0.23999999999999999,37,251,474,14,0.65850515463917525,0.12847222222222221,0.72549019607843135,0.21828908554572271,0.34620689655172415,288,0.37113402061855671,251,14,1,265,0.34149484536082475,hypothetical; not empirically measured mine-specific costs
Gradient Boosting,0.25,37,240,485,14,0.67268041237113407,0.13357400722021662,0.72549019607843135,0.22560975609756098,0.33103448275862069,277,0.35695876288659795,240,14,1,254,0.32731958762886598,hypothetical; not empirically measured mine-specific costs
Gradient Boosting,0.26000000000000001,37,233,492,14,0.68170103092783507,0.13703703703703704,0.72549019607843135,0.23052959501557632,0.32137931034482758,270,0.34793814432989689,233,14,1,247,0.31829896907216493,hypothetical; not empirically measured mine-specific costs
Gradient Boosting,0.27000000000000002,36,223,502,15,0.69329896907216493,0.138996138996139,0.70588235294117652,0.23225806451612904,0.30758620689655175,259,0.33376288659793812,223,15,1,238,0.30670103092783507,hypothetical; not empirically measured mine-specific costs
Gradient Boosting,0.28000000000000003,35,212,513,16,0.70618556701030932,0.1417004048582996,0.68627450980392157,0.2348993288590604,0.29241379310344828,247,0.31829896907216493,212,16,1,228,0.29381443298969073,hypothetical; not empirically measured mine-specific costs
Gradient Boosting,0.28999999999999998,35,200,525,16,0.72164948453608246,0.14893617021276595,0.68627450980392157,0.24475524475524477,0.27586206896551724,235,0.30283505154639173,200,16,1,216,0.27835051546391754,hypothetical; not empirically measured mine-specific costs
Gradient Boosting,0.29999999999999999,34,194,531,17,0.72809278350515461,0.14912280701754385,0.66666666666666663,0.24372759856630824,0.26758620689655171,228,0.29381443298969073,194,17,1,211,0.27190721649484534,hypothetical; not empirically measured mine-specific costs
Gradient Boosting,0.31,32,186,539,19,0.73582474226804129,0.14678899082568808,0.62745098039215685,0.23791821561338289,0.25655172413793104,218,0.28092783505154639,186,19,1,205,0.26417525773195877,hypothetical; not empirically measured mine-specific costs
Gradient Boosting,0.32000000000000001,31,178,547,20,0.74484536082474229,0.14832535885167464,0.60784313725490191,0.23846153846153847,0.24551724137931036,209,0.26932989690721648,178,20,1,198,0.25515463917525771,hypothetical; not empirically measured mine-specific costs
Gradient Boosting,0.33000000000000002,30,171,554,21,0.75257731958762886,0.14925373134328357,0.58823529411764708,0.23809523809523808,0.23586206896551723,201,0.25902061855670105,171,21,1,192,0.24742268041237114,hypothetical; not empirically measured mine-specific costs
Gradient Boosting,0.34000000000000002,30,161,564,21,0.76546391752577314,0.15706806282722513,0.58823529411764708,0.24793388429752067,0.22206896551724137,191,0.24613402061855671,161,21,1,182,0.2345360824742268,hypothetical; not empirically measured mine-specific costs
Gradient Boosting,0.34999999999999998,29,158,567,22,0.76804123711340211,0.15508021390374332,0.56862745098039214,0.24369747899159663,0.21793103448275863,187,0.24097938144329897,158,22,1,180,0.23195876288659795,hypothetical; not empirically measured mine-specific costs
Gradient Boosting,0.35999999999999999,29,146,579,22,0.78350515463917525,0.1657142857142857,0.56862745098039214,0.25663716814159293,0.20137931034482759,175,0.22551546391752578,146,22,1,168,0.21649484536082475,hypothetical; not empirically measured mine-specific costs
Gradient Boosting,0.37,27,139,586,24,0.78994845360824739,0.16265060240963855,0.52941176470588236,0.24884792626728111,0.19172413793103449,166,0.21391752577319587,139,24,1,163,0.21005154639175258,hypothetical; not empirically measured mine-specific costs
Gradient Boosting,0.38,27,132,593,24,0.7989690721649485,0.16981132075471697,0.52941176470588236,0.25714285714285712,0.18206896551724139,159,0.20489690721649484,132,24,1,156,0.20103092783505155,hypothetical; not empirically measured mine-specific costs
Gradient Boosting,0.39000000000000001,27,126,599,24,0.80670103092783507,0.17647058823529413,0.52941176470588236,0.26470588235294118,0.17379310344827587,153,0.19716494845360824,126,24,1,150,0.19329896907216496,hypothetical; not empirically measured mine-specific costs
Gradient Boosting,0.40000000000000002,26,118,607,25,0.81572164948453607,0.18055555555555555,0.50980392156862742,0.26666666666666666,0.16275862068965516,144,0.18556701030927836,118,25,1,143,0.18427835051546393,hypothetical; not empirically measured mine-specific costs
Gradient Boosting,0.40999999999999998,24,113,612,27,0.81958762886597936,0.17518248175182483,0.47058823529411764,0.25531914893617019,0.15586206896551724,137,0.17654639175257733,113,27,1,140,0.18041237113402062,hypothetical; not empirically measured mine-specific costs
Gradient Boosting,0.41999999999999998,24,108,617,27,0.8260309278350515,0.18181818181818182,0.47058823529411764,0.26229508196721313,0.1489655172413793,132,0.17010309278350516,108,27,1,135,0.17396907216494845,hypothetical; not empirically measured mine-specific costs
Gradient Boosting,0.42999999999999999,24,106,619,27,0.82860824742268047,0.18461538461538463,0.47058823529411764,0.26519337016574585,0.14620689655172414,130,0.16752577319587628,106,27,1,133,0.17139175257731959,hypothetical; not empirically measured mine-specific costs
Gradient Boosting,0.44,22,104,621,29,0.82860824742268047,0.17460317460317459,0.43137254901960786,0.24858757062146894,0.14344827586206896,126,0.16237113402061856,104,29,1,133,0.17139175257731959,hypothetical; not empirically measured mine-specific costs
Gradient Boosting,0.45000000000000001,21,102,623,30,0.82989690721649489,0.17073170731707318,0.41176470588235292,0.2413793103448276,0.1406896551724138,123,0.15850515463917525,102,30,1,132,0.17010309278350516,hypothetical; not empirically measured mine-specific costs
Gradient Boosting,0.46000000000000002,21,99,626,30,0.83376288659793818,0.17499999999999999,0.41176470588235292,0.24561403508771928,0.13655172413793104,120,0.15463917525773196,99,30,1,129,0.16623711340206185,hypothetical; not empirically measured mine-specific costs
Gradient Boosting,0.46999999999999997,21,94,631,30,0.84020618556701032,0.18260869565217391,0.41176470588235292,0.25301204819277107,0.1296551724137931,115,0.14819587628865979,94,30,1,124,0.15979381443298968,hypothetical; not empirically measured mine-specific costs
Gradient Boosting,0.47999999999999998,21,87,638,30,0.84922680412371132,0.19444444444444445,0.41176470588235292,0.26415094339622641,0.12,108,0.13917525773195877,87,30,1,117,0.15077319587628865,hypothetical; not empirically measured mine-specific costs
Gradient Boosting,0.48999999999999999,21,84,641,30,0.85309278350515461,0.20000000000000001,0.41176470588235292,0.26923076923076922,0.11586206896551725,105,0.13530927835051546,84,30,1,114,0.14690721649484537,hypothetical; not empirically measured mine-specific costs
Gradient Boosting,0.5,21,83,642,30,0.85438144329896903,0.20192307692307693,0.41176470588235292,0.2709677419354839,0.11448275862068966,104,0.13402061855670103,83,30,1,113,0.14561855670103094,hypothetical; not empirically measured mine-specific costs
Gradient Boosting,0.51000000000000001,20,81,644,31,0.85567010309278346,0.19801980198019803,0.39215686274509803,0.26315789473684209,0.11172413793103449,101,0.13015463917525774,81,31,1,112,0.14432989690721648,hypothetical; not empirically measured mine-specific costs
Gradient Boosting,0.52000000000000002,20,74,651,31,0.86469072164948457,0.21276595744680851,0.39215686274509803,0.27586206896551724,0.10206896551724139,94,0.1211340206185567,74,31,1,105,0.13530927835051546,hypothetical; not empirically measured mine-specific costs
Gradient Boosting,0.53000000000000003,20,71,654,31,0.86855670103092786,0.21978021978021978,0.39215686274509803,0.28169014084507044,0.097931034482758625,91,0.1172680412371134,71,31,1,102,0.13144329896907217,hypothetical; not empirically measured mine-specific costs
Gradient Boosting,0.54000000000000004,19,68,657,32,0.87113402061855671,0.21839080459770116,0.37254901960784315,0.27536231884057971,0.093793103448275864,87,0.11211340206185567,68,32,1,100,0.12886597938144329,hypothetical; not empirically measured mine-specific costs
Gradient Boosting,0.55000000000000004,19,65,660,32,0.875,0.22619047619047619,0.37254901960784315,0.2814814814814815,0.089655172413793102,84,0.10824742268041238,65,32,1,97,0.125,hypothetical; not empirically measured mine-specific costs
Gradient Boosting,0.56000000000000005,18,63,662,33,0.87628865979381443,0.22222222222222221,0.35294117647058826,0.27272727272727271,0.086896551724137933,81,0.10438144329896908,63,33,1,96,0.12371134020618557,hypothetical; not empirically measured mine-specific costs
Gradient Boosting,0.56999999999999995,18,60,665,33,0.88015463917525771,0.23076923076923078,0.35294117647058826,0.27906976744186046,0.082758620689655171,78,0.10051546391752578,60,33,1,93,0.11984536082474227,hypothetical; not empirically measured mine-specific costs
Gradient Boosting,0.57999999999999996,18,60,665,33,0.88015463917525771,0.23076923076923078,0.35294117647058826,0.27906976744186046,0.082758620689655171,78,0.10051546391752578,60,33,1,93,0.11984536082474227,hypothetical; not empirically measured mine-specific costs
Gradient Boosting,0.58999999999999997,18,56,669,33,0.88530927835051543,0.24324324324324326,0.35294117647058826,0.28799999999999998,0.077241379310344832,74,0.095360824742268036,56,33,1,89,0.11469072164948453,hypothetical; not empirically measured mine-specific costs
Gradient Boosting,0.59999999999999998,18,51,674,33,0.89175257731958768,0.2608695652173913,0.35294117647058826,0.29999999999999999,0.070344827586206901,69,0.08891752577319588,51,33,1,84,0.10824742268041238,hypothetical; not empirically measured mine-specific costs
Gradient Boosting,0.60999999999999999,17,50,675,34,0.89175257731958768,0.2537313432835821,0.33333333333333331,0.28813559322033899,0.068965517241379309,67,0.086340206185567009,50,34,1,84,0.10824742268041238,hypothetical; not empirically measured mine-specific costs
Gradient Boosting,0.62,17,48,677,34,0.89432989690721654,0.26153846153846155,0.33333333333333331,0.29310344827586204,0.06620689655172414,65,0.083762886597938138,48,34,1,82,0.1056701030927835,hypothetical; not empirically measured mine-specific costs
Gradient Boosting,0.63,17,47,678,34,0.89561855670103097,0.265625,0.33333333333333331,0.29565217391304349,0.064827586206896548,64,0.08247422680412371,47,34,1,81,0.10438144329896908,hypothetical; not empirically measured mine-specific costs
Gradient Boosting,0.64000000000000001,17,45,680,34,0.89819587628865982,0.27419354838709675,0.33333333333333331,0.30088495575221241,0.062068965517241378,62,0.079896907216494839,45,34,1,79,0.10180412371134021,hypothetical; not empirically measured mine-specific costs
Gradient Boosting,0.65000000000000002,16,44,681,35,0.89819587628865982,0.26666666666666666,0.31372549019607843,0.28828828828828829,0.060689655172413794,60,0.077319587628865982,44,35,1,79,0.10180412371134021,hypothetical; not empirically measured mine-specific costs
Gradient Boosting,0.66000000000000003,16,42,683,35,0.90077319587628868,0.27586206896551724,0.31372549019607843,0.29357798165137616,0.057931034482758624,58,0.074742268041237112,42,35,1,77,0.099226804123711335,hypothetical; not empirically measured mine-specific costs
Gradient Boosting,0.67000000000000004,15,40,685,36,0.90206185567010311,0.27272727272727271,0.29411764705882354,0.28301886792452829,0.055172413793103448,55,0.070876288659793812,40,36,1,76,0.097938144329896906,hypothetical; not empirically measured mine-specific costs
Gradient Boosting,0.68000000000000005,15,35,690,36,0.90850515463917525,0.29999999999999999,0.29411764705882354,0.29702970297029702,0.048275862068965517,50,0.064432989690721643,35,36,1,71,0.091494845360824736,hypothetical; not empirically measured mine-specific costs
Gradient Boosting,0.68999999999999995,15,34,691,36,0.90979381443298968,0.30612244897959184,0.29411764705882354,0.29999999999999999,0.046896551724137932,49,0.063144329896907214,34,36,1,70,0.090206185567010308,hypothetical; not empirically measured mine-specific costs
Gradient Boosting,0.69999999999999996,15,34,691,36,0.90979381443298968,0.30612244897959184,0.29411764705882354,0.29999999999999999,0.046896551724137932,49,0.063144329896907214,34,36,1,70,0.090206185567010308,hypothetical; not empirically measured mine-specific costs
Gradient Boosting,0.70999999999999996,15,31,694,36,0.91365979381443296,0.32608695652173914,0.29411764705882354,0.30927835051546393,0.04275862068965517,46,0.059278350515463915,31,36,1,67,0.086340206185567009,hypothetical; not empirically measured mine-specific costs
Gradient Boosting,0.71999999999999997,15,26,699,36,0.92010309278350511,0.36585365853658536,0.29411764705882354,0.32608695652173914,0.035862068965517239,41,0.052835051546391752,26,36,1,62,0.079896907216494839,hypothetical; not empirically measured mine-specific costs
Gradient Boosting,0.72999999999999998,15,25,700,36,0.92139175257731953,0.375,0.29411764705882354,0.32967032967032966,0.034482758620689655,40,0.051546391752577317,25,36,1,61,0.078608247422680411,hypothetical; not empirically measured mine-specific costs
Gradient Boosting,0.73999999999999999,15,23,702,36,0.9239690721649485,0.39473684210526316,0.29411764705882354,0.33707865168539325,0.031724137931034485,38,0.048969072164948453,23,36,1,59,0.07603092783505154,hypothetical; not empirically measured mine-specific costs
Gradient Boosting,0.75,15,22,703,36,0.92525773195876293,0.40540540540540543,0.29411764705882354,0.34090909090909088,0.030344827586206897,37,0.047680412371134018,22,36,1,58,0.074742268041237112,hypothetical; not empirically measured mine-specific costs
Gradient Boosting,0.76000000000000001,12,19,706,39,0.92525773195876293,0.38709677419354838,0.23529411764705882,0.29268292682926828,0.026206896551724139,31,0.03994845360824742,19,39,1,58,0.074742268041237112,hypothetical; not empirically measured mine-specific costs
Gradient Boosting,0.77000000000000002,12,16,709,39,0.92912371134020622,0.42857142857142855,0.23529411764705882,0.30379746835443039,0.022068965517241378,28,0.03608247422680412,16,39,1,55,0.070876288659793812,hypothetical; not empirically measured mine-specific costs
Gradient Boosting,0.78000000000000003,11,14,711,40,0.93041237113402064,0.44,0.21568627450980393,0.28947368421052633,0.019310344827586208,25,0.032216494845360821,14,40,1,54,0.069587628865979384,hypothetical; not empirically measured mine-specific costs
Gradient Boosting,0.79000000000000004,10,12,713,41,0.93170103092783507,0.45454545454545453,0.19607843137254902,0.27397260273972601,0.016551724137931035,22,0.028350515463917526,12,41,1,53,0.068298969072164942,hypothetical; not empirically measured mine-specific costs
Gradient Boosting,0.80000000000000004,8,10,715,43,0.93170103092783507,0.44444444444444442,0.15686274509803921,0.2318840579710145,0.013793103448275862,18,0.023195876288659795,10,43,1,53,0.068298969072164942,hypothetical; not empirically measured mine-specific costs
Gradient Boosting,0.81000000000000005,6,8,717,45,0.93170103092783507,0.42857142857142855,0.11764705882352941,0.18461538461538463,0.011034482758620689,14,0.01804123711340206,8,45,1,53,0.068298969072164942,hypothetical; not empirically measured mine-specific costs
Gradient Boosting,0.81999999999999995,6,5,720,45,0.93556701030927836,0.54545454545454541,0.11764705882352941,0.19354838709677419,0.0068965517241379309,11,0.014175257731958763,5,45,1,50,0.064432989690721643,hypothetical; not empirically measured mine-specific costs
Gradient Boosting,0.82999999999999996,5,5,720,46,0.93427835051546393,0.5,0.098039215686274508,0.16393442622950818,0.0068965517241379309,10,0.012886597938144329,5,46,1,51,0.065721649484536085,hypothetical; not empirically measured mine-specific costs
Gradient Boosting,0.83999999999999997,5,4,721,46,0.93556701030927836,0.55555555555555558,0.098039215686274508,0.16666666666666666,0.0055172413793103444,9,0.011597938144329897,4,46,1,50,0.064432989690721643,hypothetical; not empirically measured mine-specific costs
Gradient Boosting,0.84999999999999998,3,3,722,48,0.93427835051546393,0.5,0.058823529411764705,0.10526315789473684,0.0041379310344827587,6,0.0077319587628865982,3,48,1,51,0.065721649484536085,hypothetical; not empirically measured mine-specific costs
Gradient Boosting,0.85999999999999999,2,3,722,49,0.9329896907216495,0.40000000000000002,0.039215686274509803,0.071428571428571425,0.0041379310344827587,5,0.0064432989690721646,3,49,1,52,0.067010309278350513,hypothetical; not empirically measured mine-specific costs
Gradient Boosting,0.87,2,2,723,49,0.93427835051546393,0.5,0.039215686274509803,0.072727272727272724,0.0027586206896551722,4,0.0051546391752577319,2,49,1,51,0.065721649484536085,hypothetical; not empirically measured mine-specific costs
Gradient Boosting,0.88,2,1,724,49,0.93556701030927836,0.66666666666666663,0.039215686274509803,0.07407407407407407,0.0013793103448275861,3,0.0038659793814432991,1,49,1,50,0.064432989690721643,hypothetical; not empirically measured mine-specific costs
Gradient Boosting,0.89000000000000001,1,1,724,50,0.93427835051546393,0.5,0.019607843137254902,0.037735849056603772,0.0013793103448275861,2,0.0025773195876288659,1,50,1,51,0.065721649484536085,hypothetical; not empirically measured mine-specific costs
Gradient Boosting,0.90000000000000002,0,0,725,51,0.93427835051546393,0,0,0,0,0,0,0,51,1,51,0.065721649484536085,hypothetical; not empirically measured mine-specific costs
Gradient Boosting,0.91000000000000003,0,0,725,51,0.93427835051546393,0,0,0,0,0,0,0,51,1,51,0.065721649484536085,hypothetical; not empirically measured mine-specific costs
Gradient Boosting,0.92000000000000004,0,0,725,51,0.93427835051546393,0,0,0,0,0,0,0,51,1,51,0.065721649484536085,hypothetical; not empirically measured mine-specific costs
Gradient Boosting,0.93000000000000005,0,0,725,51,0.93427835051546393,0,0,0,0,0,0,0,51,1,51,0.065721649484536085,hypothetical; not empirically measured mine-specific costs
Gradient Boosting,0.93999999999999995,0,0,725,51,0.93427835051546393,0,0,0,0,0,0,0,51,1,51,0.065721649484536085,hypothetical; not empirically measured mine-specific costs
Gradient Boosting,0.94999999999999996,0,0,725,51,0.93427835051546393,0,0,0,0,0,0,0,51,1,51,0.065721649484536085,hypothetical; not empirically measured mine-specific costs
Gradient Boosting,0.95999999999999996,0,0,725,51,0.93427835051546393,0,0,0,0,0,0,0,51,1,51,0.065721649484536085,hypothetical; not empirically measured mine-specific costs
Gradient Boosting,0.96999999999999997,0,0,725,51,0.93427835051546393,0,0,0,0,0,0,0,51,1,51,0.065721649484536085,hypothetical; not empirically measured mine-specific costs
Gradient Boosting,0.97999999999999998,0,0,725,51,0.93427835051546393,0,0,0,0,0,0,0,51,1,51,0.065721649484536085,hypothetical; not empirically measured mine-specific costs
Gradient Boosting,0.98999999999999999,0,0,725,51,0.93427835051546393,0,0,0,0,0,0,0,51,1,51,0.065721649484536085,hypothetical; not empirically measured mine-specific costs
SVM,0.01,51,725,0,0,0.065721649484536085,0.065721649484536085,1,0.12333736396614269,1,776,1,725,0,1,725,0.93427835051546393,hypothetical; not empirically measured mine-specific costs
SVM,0.02,51,724,1,0,0.067010309278350513,0.06580645161290323,1,0.12348668280871671,0.99862068965517237,775,0.99871134020618557,724,0,1,724,0.9329896907216495,hypothetical; not empirically measured mine-specific costs
SVM,0.029999999999999999,51,714,11,0,0.079896907216494839,0.066666666666666666,1,0.125,0.98482758620689659,765,0.98582474226804129,714,0,1,714,0.92010309278350511,hypothetical; not empirically measured mine-specific costs
SVM,0.040000000000000001,41,418,307,10,0.4484536082474227,0.089324618736383449,0.80392156862745101,0.16078431372549021,0.57655172413793099,459,0.59149484536082475,418,10,1,428,0.55154639175257736,hypothetical; not empirically measured mine-specific costs
SVM,0.050000000000000003,31,240,485,20,0.66494845360824739,0.11439114391143912,0.60784313725490191,0.19254658385093168,0.33103448275862069,271,0.34922680412371132,240,20,1,260,0.33505154639175255,hypothetical; not empirically measured mine-specific costs
SVM,0.059999999999999998,29,187,538,22,0.73067010309278346,0.13425925925925927,0.56862745098039214,0.21722846441947566,0.25793103448275861,216,0.27835051546391754,187,22,1,209,0.26932989690721648,hypothetical; not empirically measured mine-specific costs
SVM,0.070000000000000007,25,148,577,26,0.77577319587628868,0.14450867052023122,0.49019607843137253,0.22321428571428573,0.20413793103448277,173,0.22293814432989692,148,26,1,174,0.22422680412371135,hypothetical; not empirically measured mine-specific costs
SVM,0.080000000000000002,20,125,600,31,0.7989690721649485,0.13793103448275862,0.39215686274509803,0.20408163265306123,0.17241379310344829,145,0.18685567010309279,125,31,1,156,0.20103092783505155,hypothetical; not empirically measured mine-specific costs
SVM,0.089999999999999997,19,103,622,32,0.8260309278350515,0.15573770491803279,0.37254901960784315,0.21965317919075145,0.14206896551724138,122,0.15721649484536082,103,32,1,135,0.17396907216494845,hypothetical; not empirically measured mine-specific costs
SVM,0.10000000000000001,18,80,645,33,0.85438144329896903,0.18367346938775511,0.35294117647058826,0.24161073825503357,0.1103448275862069,98,0.12628865979381443,80,33,1,113,0.14561855670103094,hypothetical; not empirically measured mine-specific costs
SVM,0.11,17,73,652,34,0.86211340206185572,0.18888888888888888,0.33333333333333331,0.24113475177304963,0.10068965517241379,90,0.11597938144329897,73,34,1,107,0.13788659793814434,hypothetical; not empirically measured mine-specific costs
SVM,0.12,17,62,663,34,0.87628865979381443,0.21518987341772153,0.33333333333333331,0.26153846153846155,0.085517241379310341,79,0.10180412371134021,62,34,1,96,0.12371134020618557,hypothetical; not empirically measured mine-specific costs
SVM,0.13,16,58,667,35,0.88015463917525771,0.21621621621621623,0.31372549019607843,0.25600000000000001,0.080000000000000002,74,0.095360824742268036,58,35,1,93,0.11984536082474227,hypothetical; not empirically measured mine-specific costs
SVM,0.14000000000000001,16,53,672,35,0.88659793814432986,0.2318840579710145,0.31372549019607843,0.26666666666666666,0.073103448275862071,69,0.08891752577319588,53,35,1,88,0.1134020618556701,hypothetical; not empirically measured mine-specific costs
SVM,0.14999999999999999,15,45,680,36,0.89561855670103097,0.25,0.29411764705882354,0.27027027027027029,0.062068965517241378,60,0.077319587628865982,45,36,1,81,0.10438144329896908,hypothetical; not empirically measured mine-specific costs
SVM,0.16,12,38,687,39,0.90077319587628868,0.23999999999999999,0.23529411764705882,0.23762376237623761,0.052413793103448278,50,0.064432989690721643,38,39,1,77,0.099226804123711335,hypothetical; not empirically measured mine-specific costs
SVM,0.17000000000000001,10,33,692,41,0.90463917525773196,0.23255813953488372,0.19607843137254902,0.21276595744680851,0.045517241379310347,43,0.055412371134020616,33,41,1,74,0.095360824742268036,hypothetical; not empirically measured mine-specific costs
SVM,0.17999999999999999,10,26,699,41,0.91365979381443296,0.27777777777777779,0.19607843137254902,0.22988505747126436,0.035862068965517239,36,0.046391752577319589,26,41,1,67,0.086340206185567009,hypothetical; not empirically measured mine-specific costs
SVM,0.19,8,21,704,43,0.91752577319587625,0.27586206896551724,0.15686274509803921,0.20000000000000001,0.028965517241379312,29,0.037371134020618556,21,43,1,64,0.08247422680412371,hypothetical; not empirically measured mine-specific costs
SVM,0.20000000000000001,5,17,708,46,0.91881443298969068,0.22727272727272727,0.098039215686274508,0.13698630136986301,0.023448275862068966,22,0.028350515463917526,17,46,1,63,0.081185567010309281,hypothetical; not empirically measured mine-specific costs
SVM,0.20999999999999999,4,13,712,47,0.92268041237113407,0.23529411764705882,0.078431372549019607,0.11764705882352941,0.01793103448275862,17,0.021907216494845359,13,47,1,60,0.077319587628865982,hypothetical; not empirically measured mine-specific costs
SVM,0.22,4,11,714,47,0.92525773195876293,0.26666666666666666,0.078431372549019607,0.12121212121212122,0.015172413793103448,15,0.019329896907216496,11,47,1,58,0.074742268041237112,hypothetical; not empirically measured mine-specific costs
SVM,0.23000000000000001,3,6,719,48,0.93041237113402064,0.33333333333333331,0.058823529411764705,0.10000000000000001,0.0082758620689655175,9,0.011597938144329897,6,48,1,54,0.069587628865979384,hypothetical; not empirically measured mine-specific costs
SVM,0.23999999999999999,1,4,721,50,0.93041237113402064,0.20000000000000001,0.019607843137254902,0.035714285714285712,0.0055172413793103444,5,0.0064432989690721646,4,50,1,54,0.069587628865979384,hypothetical; not empirically measured mine-specific costs
SVM,0.25,1,3,722,50,0.93170103092783507,0.25,0.019607843137254902,0.036363636363636362,0.0041379310344827587,4,0.0051546391752577319,3,50,1,53,0.068298969072164942,hypothetical; not empirically measured mine-specific costs
SVM,0.26000000000000001,1,2,723,50,0.9329896907216495,0.33333333333333331,0.019607843137254902,0.037037037037037035,0.0027586206896551722,3,0.0038659793814432991,2,50,1,52,0.067010309278350513,hypothetical; not empirically measured mine-specific costs
SVM,0.27000000000000002,0,1,724,51,0.9329896907216495,0,0,0,0.0013793103448275861,1,0.001288659793814433,1,51,1,52,0.067010309278350513,hypothetical; not empirically measured mine-specific costs
SVM,0.28000000000000003,0,0,725,51,0.93427835051546393,0,0,0,0,0,0,0,51,1,51,0.065721649484536085,hypothetical; not empirically measured mine-specific costs
SVM,0.28999999999999998,0,0,725,51,0.93427835051546393,0,0,0,0,0,0,0,51,1,51,0.065721649484536085,hypothetical; not empirically measured mine-specific costs
SVM,0.29999999999999999,0,0,725,51,0.93427835051546393,0,0,0,0,0,0,0,51,1,51,0.065721649484536085,hypothetical; not empirically measured mine-specific costs
SVM,0.31,0,0,725,51,0.93427835051546393,0,0,0,0,0,0,0,51,1,51,0.065721649484536085,hypothetical; not empirically measured mine-specific costs
SVM,0.32000000000000001,0,0,725,51,0.93427835051546393,0,0,0,0,0,0,0,51,1,51,0.065721649484536085,hypothetical; not empirically measured mine-specific costs
SVM,0.33000000000000002,0,0,725,51,0.93427835051546393,0,0,0,0,0,0,0,51,1,51,0.065721649484536085,hypothetical; not empirically measured mine-specific costs
SVM,0.34000000000000002,0,0,725,51,0.93427835051546393,0,0,0,0,0,0,0,51,1,51,0.065721649484536085,hypothetical; not empirically measured mine-specific costs
SVM,0.34999999999999998,0,0,725,51,0.93427835051546393,0,0,0,0,0,0,0,51,1,51,0.065721649484536085,hypothetical; not empirically measured mine-specific costs
SVM,0.35999999999999999,0,0,725,51,0.93427835051546393,0,0,0,0,0,0,0,51,1,51,0.065721649484536085,hypothetical; not empirically measured mine-specific costs
SVM,0.37,0,0,725,51,0.93427835051546393,0,0,0,0,0,0,0,51,1,51,0.065721649484536085,hypothetical; not empirically measured mine-specific costs
SVM,0.38,0,0,725,51,0.93427835051546393,0,0,0,0,0,0,0,51,1,51,0.065721649484536085,hypothetical; not empirically measured mine-specific costs
SVM,0.39000000000000001,0,0,725,51,0.93427835051546393,0,0,0,0,0,0,0,51,1,51,0.065721649484536085,hypothetical; not empirically measured mine-specific costs
SVM,0.40000000000000002,0,0,725,51,0.93427835051546393,0,0,0,0,0,0,0,51,1,51,0.065721649484536085,hypothetical; not empirically measured mine-specific costs
SVM,0.40999999999999998,0,0,725,51,0.93427835051546393,0,0,0,0,0,0,0,51,1,51,0.065721649484536085,hypothetical; not empirically measured mine-specific costs
SVM,0.41999999999999998,0,0,725,51,0.93427835051546393,0,0,0,0,0,0,0,51,1,51,0.065721649484536085,hypothetical; not empirically measured mine-specific costs
SVM,0.42999999999999999,0,0,725,51,0.93427835051546393,0,0,0,0,0,0,0,51,1,51,0.065721649484536085,hypothetical; not empirically measured mine-specific costs
SVM,0.44,0,0,725,51,0.93427835051546393,0,0,0,0,0,0,0,51,1,51,0.065721649484536085,hypothetical; not empirically measured mine-specific costs
SVM,0.45000000000000001,0,0,725,51,0.93427835051546393,0,0,0,0,0,0,0,51,1,51,0.065721649484536085,hypothetical; not empirically measured mine-specific costs
SVM,0.46000000000000002,0,0,725,51,0.93427835051546393,0,0,0,0,0,0,0,51,1,51,0.065721649484536085,hypothetical; not empirically measured mine-specific costs
SVM,0.46999999999999997,0,0,725,51,0.93427835051546393,0,0,0,0,0,0,0,51,1,51,0.065721649484536085,hypothetical; not empirically measured mine-specific costs
SVM,0.47999999999999998,0,0,725,51,0.93427835051546393,0,0,0,0,0,0,0,51,1,51,0.065721649484536085,hypothetical; not empirically measured mine-specific costs
SVM,0.48999999999999999,0,0,725,51,0.93427835051546393,0,0,0,0,0,0,0,51,1,51,0.065721649484536085,hypothetical; not empirically measured mine-specific costs
SVM,0.5,0,0,725,51,0.93427835051546393,0,0,0,0,0,0,0,51,1,51,0.065721649484536085,hypothetical; not empirically measured mine-specific costs
SVM,0.51000000000000001,0,0,725,51,0.93427835051546393,0,0,0,0,0,0,0,51,1,51,0.065721649484536085,hypothetical; not empirically measured mine-specific costs
SVM,0.52000000000000002,0,0,725,51,0.93427835051546393,0,0,0,0,0,0,0,51,1,51,0.065721649484536085,hypothetical; not empirically measured mine-specific costs
SVM,0.53000000000000003,0,0,725,51,0.93427835051546393,0,0,0,0,0,0,0,51,1,51,0.065721649484536085,hypothetical; not empirically measured mine-specific costs
SVM,0.54000000000000004,0,0,725,51,0.93427835051546393,0,0,0,0,0,0,0,51,1,51,0.065721649484536085,hypothetical; not empirically measured mine-specific costs
SVM,0.55000000000000004,0,0,725,51,0.93427835051546393,0,0,0,0,0,0,0,51,1,51,0.065721649484536085,hypothetical; not empirically measured mine-specific costs
SVM,0.56000000000000005,0,0,725,51,0.93427835051546393,0,0,0,0,0,0,0,51,1,51,0.065721649484536085,hypothetical; not empirically measured mine-specific costs
SVM,0.56999999999999995,0,0,725,51,0.93427835051546393,0,0,0,0,0,0,0,51,1,51,0.065721649484536085,hypothetical; not empirically measured mine-specific costs
SVM,0.57999999999999996,0,0,725,51,0.93427835051546393,0,0,0,0,0,0,0,51,1,51,0.065721649484536085,hypothetical; not empirically measured mine-specific costs
SVM,0.58999999999999997,0,0,725,51,0.93427835051546393,0,0,0,0,0,0,0,51,1,51,0.065721649484536085,hypothetical; not empirically measured mine-specific costs
SVM,0.59999999999999998,0,0,725,51,0.93427835051546393,0,0,0,0,0,0,0,51,1,51,0.065721649484536085,hypothetical; not empirically measured mine-specific costs
SVM,0.60999999999999999,0,0,725,51,0.93427835051546393,0,0,0,0,0,0,0,51,1,51,0.065721649484536085,hypothetical; not empirically measured mine-specific costs
SVM,0.62,0,0,725,51,0.93427835051546393,0,0,0,0,0,0,0,51,1,51,0.065721649484536085,hypothetical; not empirically measured mine-specific costs
SVM,0.63,0,0,725,51,0.93427835051546393,0,0,0,0,0,0,0,51,1,51,0.065721649484536085,hypothetical; not empirically measured mine-specific costs
SVM,0.64000000000000001,0,0,725,51,0.93427835051546393,0,0,0,0,0,0,0,51,1,51,0.065721649484536085,hypothetical; not empirically measured mine-specific costs
SVM,0.65000000000000002,0,0,725,51,0.93427835051546393,0,0,0,0,0,0,0,51,1,51,0.065721649484536085,hypothetical; not empirically measured mine-specific costs
SVM,0.66000000000000003,0,0,725,51,0.93427835051546393,0,0,0,0,0,0,0,51,1,51,0.065721649484536085,hypothetical; not empirically measured mine-specific costs
SVM,0.67000000000000004,0,0,725,51,0.93427835051546393,0,0,0,0,0,0,0,51,1,51,0.065721649484536085,hypothetical; not empirically measured mine-specific costs
SVM,0.68000000000000005,0,0,725,51,0.93427835051546393,0,0,0,0,0,0,0,51,1,51,0.065721649484536085,hypothetical; not empirically measured mine-specific costs
SVM,0.68999999999999995,0,0,725,51,0.93427835051546393,0,0,0,0,0,0,0,51,1,51,0.065721649484536085,hypothetical; not empirically measured mine-specific costs
SVM,0.69999999999999996,0,0,725,51,0.93427835051546393,0,0,0,0,0,0,0,51,1,51,0.065721649484536085,hypothetical; not empirically measured mine-specific costs
SVM,0.70999999999999996,0,0,725,51,0.93427835051546393,0,0,0,0,0,0,0,51,1,51,0.065721649484536085,hypothetical; not empirically measured mine-specific costs
SVM,0.71999999999999997,0,0,725,51,0.93427835051546393,0,0,0,0,0,0,0,51,1,51,0.065721649484536085,hypothetical; not empirically measured mine-specific costs
SVM,0.72999999999999998,0,0,725,51,0.93427835051546393,0,0,0,0,0,0,0,51,1,51,0.065721649484536085,hypothetical; not empirically measured mine-specific costs
SVM,0.73999999999999999,0,0,725,51,0.93427835051546393,0,0,0,0,0,0,0,51,1,51,0.065721649484536085,hypothetical; not empirically measured mine-specific costs
SVM,0.75,0,0,725,51,0.93427835051546393,0,0,0,0,0,0,0,51,1,51,0.065721649484536085,hypothetical; not empirically measured mine-specific costs
SVM,0.76000000000000001,0,0,725,51,0.93427835051546393,0,0,0,0,0,0,0,51,1,51,0.065721649484536085,hypothetical; not empirically measured mine-specific costs
SVM,0.77000000000000002,0,0,725,51,0.93427835051546393,0,0,0,0,0,0,0,51,1,51,0.065721649484536085,hypothetical; not empirically measured mine-specific costs
SVM,0.78000000000000003,0,0,725,51,0.93427835051546393,0,0,0,0,0,0,0,51,1,51,0.065721649484536085,hypothetical; not empirically measured mine-specific costs
SVM,0.79000000000000004,0,0,725,51,0.93427835051546393,0,0,0,0,0,0,0,51,1,51,0.065721649484536085,hypothetical; not empirically measured mine-specific costs
SVM,0.80000000000000004,0,0,725,51,0.93427835051546393,0,0,0,0,0,0,0,51,1,51,0.065721649484536085,hypothetical; not empirically measured mine-specific costs
SVM,0.81000000000000005,0,0,725,51,0.93427835051546393,0,0,0,0,0,0,0,51,1,51,0.065721649484536085,hypothetical; not empirically measured mine-specific costs
SVM,0.81999999999999995,0,0,725,51,0.93427835051546393,0,0,0,0,0,0,0,51,1,51,0.065721649484536085,hypothetical; not empirically measured mine-specific costs
SVM,0.82999999999999996,0,0,725,51,0.93427835051546393,0,0,0,0,0,0,0,51,1,51,0.065721649484536085,hypothetical; not empirically measured mine-specific costs
SVM,0.83999999999999997,0,0,725,51,0.93427835051546393,0,0,0,0,0,0,0,51,1,51,0.065721649484536085,hypothetical; not empirically measured mine-specific costs
SVM,0.84999999999999998,0,0,725,51,0.93427835051546393,0,0,0,0,0,0,0,51,1,51,0.065721649484536085,hypothetical; not empirically measured mine-specific costs
SVM,0.85999999999999999,0,0,725,51,0.93427835051546393,0,0,0,0,0,0,0,51,1,51,0.065721649484536085,hypothetical; not empirically measured mine-specific costs
SVM,0.87,0,0,725,51,0.93427835051546393,0,0,0,0,0,0,0,51,1,51,0.065721649484536085,hypothetical; not empirically measured mine-specific costs
SVM,0.88,0,0,725,51,0.93427835051546393,0,0,0,0,0,0,0,51,1,51,0.065721649484536085,hypothetical; not empirically measured mine-specific costs
SVM,0.89000000000000001,0,0,725,51,0.93427835051546393,0,0,0,0,0,0,0,51,1,51,0.065721649484536085,hypothetical; not empirically measured mine-specific costs
SVM,0.90000000000000002,0,0,725,51,0.93427835051546393,0,0,0,0,0,0,0,51,1,51,0.065721649484536085,hypothetical; not empirically measured mine-specific costs
SVM,0.91000000000000003,0,0,725,51,0.93427835051546393,0,0,0,0,0,0,0,51,1,51,0.065721649484536085,hypothetical; not empirically measured mine-specific costs
SVM,0.92000000000000004,0,0,725,51,0.93427835051546393,0,0,0,0,0,0,0,51,1,51,0.065721649484536085,hypothetical; not empirically measured mine-specific costs
SVM,0.93000000000000005,0,0,725,51,0.93427835051546393,0,0,0,0,0,0,0,51,1,51,0.065721649484536085,hypothetical; not empirically measured mine-specific costs
SVM,0.93999999999999995,0,0,725,51,0.93427835051546393,0,0,0,0,0,0,0,51,1,51,0.065721649484536085,hypothetical; not empirically measured mine-specific costs
SVM,0.94999999999999996,0,0,725,51,0.93427835051546393,0,0,0,0,0,0,0,51,1,51,0.065721649484536085,hypothetical; not empirically measured mine-specific costs
SVM,0.95999999999999996,0,0,725,51,0.93427835051546393,0,0,0,0,0,0,0,51,1,51,0.065721649484536085,hypothetical; not empirically measured mine-specific costs
SVM,0.96999999999999997,0,0,725,51,0.93427835051546393,0,0,0,0,0,0,0,51,1,51,0.065721649484536085,hypothetical; not empirically measured mine-specific costs
SVM,0.97999999999999998,0,0,725,51,0.93427835051546393,0,0,0,0,0,0,0,51,1,51,0.065721649484536085,hypothetical; not empirically measured mine-specific costs
SVM,0.98999999999999999,0,0,725,51,0.93427835051546393,0,0,0,0,0,0,0,51,1,51,0.065721649484536085,hypothetical; not empirically measured mine-specific costs
Logistic Regression,0.01,51,725,0,0,0.065721649484536085,0.065721649484536085,1,0.12333736396614269,1,776,1,725,0,2,725,0.93427835051546393,hypothetical; not empirically measured mine-specific costs
Logistic Regression,0.02,51,725,0,0,0.065721649484536085,0.065721649484536085,1,0.12333736396614269,1,776,1,725,0,2,725,0.93427835051546393,hypothetical; not empirically measured mine-specific costs
Logistic Regression,0.029999999999999999,51,725,0,0,0.065721649484536085,0.065721649484536085,1,0.12333736396614269,1,776,1,725,0,2,725,0.93427835051546393,hypothetical; not empirically measured mine-specific costs
Logistic Regression,0.040000000000000001,51,725,0,0,0.065721649484536085,0.065721649484536085,1,0.12333736396614269,1,776,1,725,0,2,725,0.93427835051546393,hypothetical; not empirically measured mine-specific costs
Logistic Regression,0.050000000000000003,51,725,0,0,0.065721649484536085,0.065721649484536085,1,0.12333736396614269,1,776,1,725,0,2,725,0.93427835051546393,hypothetical; not empirically measured mine-specific costs
Logistic Regression,0.059999999999999998,51,724,1,0,0.067010309278350513,0.06580645161290323,1,0.12348668280871671,0.99862068965517237,775,0.99871134020618557,724,0,2,724,0.9329896907216495,hypothetical; not empirically measured mine-specific costs
Logistic Regression,0.070000000000000007,51,724,1,0,0.067010309278350513,0.06580645161290323,1,0.12348668280871671,0.99862068965517237,775,0.99871134020618557,724,0,2,724,0.9329896907216495,hypothetical; not empirically measured mine-specific costs
Logistic Regression,0.080000000000000002,51,723,2,0,0.068298969072164942,0.06589147286821706,1,0.12363636363636364,0.99724137931034484,774,0.99742268041237114,723,0,2,723,0.93170103092783507,hypothetical; not empirically measured mine-specific costs
Logistic Regression,0.089999999999999997,51,723,2,0,0.068298969072164942,0.06589147286821706,1,0.12363636363636364,0.99724137931034484,774,0.99742268041237114,723,0,2,723,0.93170103092783507,hypothetical; not empirically measured mine-specific costs
Logistic Regression,0.10000000000000001,51,721,4,0,0.070876288659793812,0.066062176165803108,1,0.12393681652490887,0.99448275862068969,772,0.99484536082474229,721,0,2,721,0.92912371134020622,hypothetical; not empirically measured mine-specific costs
Logistic Regression,0.11,51,718,7,0,0.074742268041237112,0.066319895968790635,1,0.12439024390243902,0.9903448275862069,769,0.990979381443299,718,0,2,718,0.92525773195876293,hypothetical; not empirically measured mine-specific costs
Logistic Regression,0.12,51,717,8,0,0.07603092783505154,0.06640625,1,0.12454212454212454,0.98896551724137927,768,0.98969072164948457,717,0,2,717,0.9239690721649485,hypothetical; not empirically measured mine-specific costs
Logistic Regression,0.13,51,716,9,0,0.077319587628865982,0.066492829204693613,1,0.12469437652811736,0.98758620689655174,767,0.98840206185567014,716,0,2,716,0.92268041237113407,hypothetical; not empirically measured mine-specific costs
Logistic Regression,0.14000000000000001,51,716,9,0,0.077319587628865982,0.066492829204693613,1,0.12469437652811736,0.98758620689655174,767,0.98840206185567014,716,0,2,716,0.92268041237113407,hypothetical; not empirically measured mine-specific costs
Logistic Regression,0.14999999999999999,51,715,10,0,0.078608247422680411,0.066579634464751958,1,0.12484700122399021,0.98620689655172411,766,0.98711340206185572,715,0,2,715,0.92139175257731953,hypothetical; not empirically measured mine-specific costs
Logistic Regression,0.16,51,714,11,0,0.079896907216494839,0.066666666666666666,1,0.125,0.98482758620689659,765,0.98582474226804129,714,0,2,714,0.92010309278350511,hypothetical; not empirically measured mine-specific costs
Logistic Regression,0.17000000000000001,51,706,19,0,0.090206185567010308,0.067371202113606338,1,0.12623762376237624,0.97379310344827585,757,0.97551546391752575,706,0,2,706,0.90979381443298968,hypothetical; not empirically measured mine-specific costs
Logistic Regression,0.17999999999999999,51,671,54,0,0.13530927835051546,0.070637119113573413,1,0.13195342820181113,0.92551724137931035,722,0.93041237113402064,671,0,2,671,0.86469072164948457,hypothetical; not empirically measured mine-specific costs
Logistic Regression,0.19,51,628,97,0,0.19072164948453607,0.07511045655375552,1,0.13972602739726028,0.86620689655172411,679,0.875,628,0,2,628,0.80927835051546393,hypothetical; not empirically measured mine-specific costs
Logistic Regression,0.20000000000000001,51,592,133,0,0.23711340206185566,0.079315707620528766,1,0.14697406340057637,0.81655172413793109,643,0.82860824742268047,592,0,2,592,0.76288659793814428,hypothetical; not empirically measured mine-specific costs
Logistic Regression,0.20999999999999999,51,567,158,0,0.26932989690721648,0.082524271844660199,1,0.15246636771300448,0.78206896551724137,618,0.79639175257731953,567,0,2,567,0.73067010309278346,hypothetical; not empirically measured mine-specific costs
Logistic Regression,0.22,51,558,167,0,0.28092783505154639,0.083743842364532015,1,0.15454545454545454,0.76965517241379311,609,0.78479381443298968,558,0,2,558,0.71907216494845361,hypothetical; not empirically measured mine-specific costs
Logistic Regression,0.23000000000000001,51,543,182,0,0.30025773195876287,0.085858585858585856,1,0.15813953488372093,0.74896551724137927,594,0.76546391752577314,543,0,2,543,0.69974226804123707,hypothetical; not empirically measured mine-specific costs
Logistic Regression,0.23999999999999999,51,527,198,0,0.32087628865979384,0.088235294117647065,1,0.16216216216216217,0.72689655172413792,578,0.74484536082474229,527,0,2,527,0.67912371134020622,hypothetical; not empirically measured mine-specific costs
Logistic Regression,0.25,49,501,224,2,0.35180412371134023,0.089090909090909096,0.96078431372549022,0.16306156405990016,0.69103448275862067,550,0.70876288659793818,501,2,2,505,0.65077319587628868,hypothetical; not empirically measured mine-specific costs
Logistic Regression,0.26000000000000001,49,484,241,2,0.37371134020618557,0.09193245778611632,0.96078431372549022,0.1678082191780822,0.66758620689655168,533,0.68685567010309279,484,2,2,488,0.62886597938144329,hypothetical; not empirically measured mine-specific costs
Logistic Regression,0.27000000000000002,49,467,258,2,0.39561855670103091,0.094961240310077522,0.96078431372549022,0.1728395061728395,0.6441379310344828,516,0.66494845360824739,467,2,2,471,0.60695876288659789,hypothetical; not empirically measured mine-specific costs
Logistic Regression,0.28000000000000003,47,445,280,4,0.42139175257731959,0.095528455284552852,0.92156862745098034,0.17311233885819521,0.61379310344827587,492,0.634020618556701,445,4,2,453,0.58376288659793818,hypothetical; not empirically measured mine-specific costs
Logistic Regression,0.28999999999999998,46,414,311,5,0.46005154639175255,0.10000000000000001,0.90196078431372551,0.18003913894324852,0.57103448275862068,460,0.59278350515463918,414,5,2,424,0.54639175257731953,hypothetical; not empirically measured mine-specific costs
Logistic Regression,0.29999999999999999,45,394,331,6,0.4845360824742268,0.10250569476082004,0.88235294117647056,0.18367346938775511,0.54344827586206901,439,0.56572164948453607,394,6,2,406,0.52319587628865982,hypothetical; not empirically measured mine-specific costs
Logistic Regression,0.31,44,367,358,7,0.51804123711340211,0.1070559610705596,0.86274509803921573,0.19047619047619047,0.50620689655172413,411,0.52963917525773196,367,7,2,381,0.49097938144329895,hypothetical; not empirically measured mine-specific costs
Logistic Regression,0.32000000000000001,41,347,378,10,0.53994845360824739,0.1056701030927835,0.80392156862745101,0.18678815489749431,0.4786206896551724,388,0.5,347,10,2,367,0.47293814432989689,hypothetical; not empirically measured mine-specific costs
Logistic Regression,0.33000000000000002,40,328,397,11,0.56314432989690721,0.10869565217391304,0.78431372549019607,0.1909307875894988,0.45241379310344826,368,0.47422680412371132,328,11,2,350,0.45103092783505155,hypothetical; not empirically measured mine-specific costs
Logistic Regression,0.34000000000000002,39,312,413,12,0.58247422680412375,0.1111111111111111,0.76470588235294112,0.19402985074626866,0.4303448275862069,351,0.45231958762886598,312,12,2,336,0.4329896907216495,hypothetical; not empirically measured mine-specific costs
Logistic Regression,0.34999999999999998,38,296,429,13,0.60180412371134018,0.11377245508982035,0.74509803921568629,0.19740259740259741,0.40827586206896554,334,0.43041237113402064,296,13,2,322,0.41494845360824745,hypothetical; not empirically measured mine-specific costs
Logistic Regression,0.35999999999999999,37,280,445,14,0.62113402061855671,0.1167192429022082,0.72549019607843135,0.20108695652173914,0.38620689655172413,317,0.40850515463917525,280,14,2,308,0.39690721649484534,hypothetical; not empirically measured mine-specific costs
Logistic Regression,0.37,37,262,463,14,0.64432989690721654,0.12374581939799331,0.72549019607843135,0.21142857142857144,0.36137931034482756,299,0.38530927835051548,262,14,2,290,0.37371134020618557,hypothetical; not empirically measured mine-specific costs
Logistic Regression,0.38,36,243,482,15,0.66752577319587625,0.12903225806451613,0.70588235294117652,0.21818181818181817,0.33517241379310347,279,0.3595360824742268,243,15,2,273,0.35180412371134023,hypothetical; not empirically measured mine-specific costs
Logistic Regression,0.39000000000000001,36,232,493,15,0.68170103092783507,0.13432835820895522,0.70588235294117652,0.22570532915360503,0.32000000000000001,268,0.34536082474226804,232,15,2,262,0.33762886597938147,hypothetical; not empirically measured mine-specific costs
Logistic Regression,0.40000000000000002,35,219,506,16,0.69716494845360821,0.13779527559055119,0.68627450980392157,0.22950819672131148,0.30206896551724138,254,0.32731958762886598,219,16,2,251,0.3234536082474227,hypothetical; not empirically measured mine-specific costs
Logistic Regression,0.40999999999999998,33,208,517,18,0.70876288659793818,0.13692946058091288,0.6470588235294118,0.22602739726027396,0.28689655172413792,241,0.31056701030927836,208,18,2,244,0.31443298969072164,hypothetical; not empirically measured mine-specific costs
Logistic Regression,0.41999999999999998,33,200,525,18,0.71907216494845361,0.14163090128755365,0.6470588235294118,0.23239436619718309,0.27586206896551724,233,0.30025773195876287,200,18,2,236,0.30412371134020616,hypothetical; not empirically measured mine-specific costs
Logistic Regression,0.42999999999999999,33,186,539,18,0.73711340206185572,0.15068493150684931,0.6470588235294118,0.24444444444444444,0.25655172413793104,219,0.28221649484536082,186,18,2,222,0.28608247422680411,hypothetical; not empirically measured mine-specific costs
Logistic Regression,0.44,33,182,543,18,0.74226804123711343,0.15348837209302327,0.6470588235294118,0.24812030075187969,0.25103448275862067,215,0.27706185567010311,182,18,2,218,0.28092783505154639,hypothetical; not empirically measured mine-specific costs
Logistic Regression,0.45000000000000001,33,173,552,18,0.75386597938144329,0.16019417475728157,0.6470588235294118,0.25680933852140075,0.23862068965517241,206,0.2654639175257732,173,18,2,209,0.26932989690721648,hypothetical; not empirically measured mine-specific costs
Logistic Regression,0.46000000000000002,33,165,560,18,0.76417525773195871,0.16666666666666666,0.6470588235294118,0.26506024096385544,0.22758620689655173,198,0.25515463917525771,165,18,2,201,0.25902061855670105,hypothetical; not empirically measured mine-specific costs
Logistic Regression,0.46999999999999997,33,158,567,18,0.77319587628865982,0.17277486910994763,0.6470588235294118,0.27272727272727271,0.21793103448275863,191,0.24613402061855671,158,18,2,194,0.25,hypothetical; not empirically measured mine-specific costs
Logistic Regression,0.47999999999999998,32,152,573,19,0.77963917525773196,0.17391304347826086,0.62745098039215685,0.2723404255319149,0.20965517241379311,184,0.23711340206185566,152,19,2,190,0.24484536082474226,hypothetical; not empirically measured mine-specific costs
Logistic Regression,0.48999999999999999,32,142,583,19,0.79252577319587625,0.18390804597701149,0.62745098039215685,0.28444444444444444,0.19586206896551725,174,0.22422680412371135,142,19,2,180,0.23195876288659795,hypothetical; not empirically measured mine-specific costs
Logistic Regression,0.5,32,134,591,19,0.80283505154639179,0.19277108433734941,0.62745098039215685,0.29493087557603687,0.18482758620689654,166,0.21391752577319587,134,19,2,172,0.22164948453608246,hypothetical; not empirically measured mine-specific costs
Logistic Regression,0.51000000000000001,32,127,598,19,0.81185567010309279,0.20125786163522014,0.62745098039215685,0.30476190476190479,0.17517241379310344,159,0.20489690721649484,127,19,2,165,0.21262886597938144,hypothetical; not empirically measured mine-specific costs
Logistic Regression,0.52000000000000002,32,120,605,19,0.82087628865979378,0.21052631578947367,0.62745098039215685,0.31527093596059114,0.16551724137931034,152,0.19587628865979381,120,19,2,158,0.20360824742268041,hypothetical; not empirically measured mine-specific costs
Logistic Regression,0.53000000000000003,32,115,610,19,0.82731958762886593,0.21768707482993196,0.62745098039215685,0.32323232323232326,0.15862068965517243,147,0.18943298969072164,115,19,2,153,0.19716494845360824,hypothetical; not empirically measured mine-specific costs
Logistic Regression,0.54000000000000004,32,107,618,19,0.83762886597938147,0.23021582733812951,0.62745098039215685,0.33684210526315789,0.14758620689655172,139,0.17912371134020619,107,19,2,145,0.18685567010309279,hypothetical; not empirically measured mine-specific costs
Logistic Regression,0.55000000000000004,32,102,623,19,0.84407216494845361,0.23880597014925373,0.62745098039215685,0.34594594594594597,0.1406896551724138,134,0.17268041237113402,102,19,2,140,0.18041237113402062,hypothetical; not empirically measured mine-specific costs
Logistic Regression,0.56000000000000005,30,100,625,21,0.84407216494845361,0.23076923076923078,0.58823529411764708,0.33149171270718231,0.13793103448275862,130,0.16752577319587628,100,21,2,142,0.18298969072164947,hypothetical; not empirically measured mine-specific costs
Logistic Regression,0.56999999999999995,30,96,629,21,0.84922680412371132,0.23809523809523808,0.58823529411764708,0.33898305084745761,0.13241379310344828,126,0.16237113402061856,96,21,2,138,0.17783505154639176,hypothetical; not empirically measured mine-specific costs
Logistic Regression,0.57999999999999996,29,94,631,22,0.85051546391752575,0.23577235772357724,0.56862745098039214,0.33333333333333331,0.1296551724137931,123,0.15850515463917525,94,22,2,138,0.17783505154639176,hypothetical; not empirically measured mine-specific costs
Logistic Regression,0.58999999999999997,29,92,633,22,0.85309278350515461,0.23966942148760331,0.56862745098039214,0.33720930232558138,0.12689655172413794,121,0.15592783505154639,92,22,2,136,0.17525773195876287,hypothetical; not empirically measured mine-specific costs
Logistic Regression,0.59999999999999998,27,87,638,24,0.85695876288659789,0.23684210526315788,0.52941176470588236,0.32727272727272727,0.12,114,0.14690721649484537,87,24,2,135,0.17396907216494845,hypothetical; not empirically measured mine-specific costs
Logistic Regression,0.60999999999999999,26,87,638,25,0.85567010309278346,0.23008849557522124,0.50980392156862742,0.31707317073170732,0.12,113,0.14561855670103094,87,25,2,137,0.17654639175257733,hypothetical; not empirically measured mine-specific costs
Logistic Regression,0.62,26,83,642,25,0.86082474226804129,0.23853211009174313,0.50980392156862742,0.32500000000000001,0.11448275862068966,109,0.1404639175257732,83,25,2,133,0.17139175257731959,hypothetical; not empirically measured mine-specific costs
Logistic Regression,0.63,24,79,646,27,0.86340206185567014,0.23300970873786409,0.47058823529411764,0.31168831168831168,0.10896551724137932,103,0.1327319587628866,79,27,2,133,0.17139175257731959,hypothetical; not empirically measured mine-specific costs
Logistic Regression,0.64000000000000001,24,74,651,27,0.86984536082474229,0.24489795918367346,0.47058823529411764,0.32214765100671139,0.10206896551724139,98,0.12628865979381443,74,27,2,128,0.16494845360824742,hypothetical; not empirically measured mine-specific costs
Logistic Regression,0.65000000000000002,22,70,655,29,0.87242268041237114,0.2391304347826087,0.43137254901960786,0.30769230769230771,0.096551724137931033,92,0.11855670103092783,70,29,2,128,0.16494845360824742,hypothetical; not empirically measured mine-specific costs
Logistic Regression,0.66000000000000003,22,67,658,29,0.87628865979381443,0.24719101123595505,0.43137254901960786,0.31428571428571428,0.092413793103448272,89,0.11469072164948453,67,29,2,125,0.16108247422680413,hypothetical; not empirically measured mine-specific costs
Logistic Regression,0.67000000000000004,22,66,659,29,0.87757731958762886,0.25,0.43137254901960786,0.31654676258992803,0.091034482758620694,88,0.1134020618556701,66,29,2,124,0.15979381443298968,hypothetical; not empirically measured mine-specific costs
Logistic Regression,0.68000000000000005,21,63,662,30,0.88015463917525771,0.25,0.41176470588235292,0.31111111111111112,0.086896551724137933,84,0.10824742268041238,63,30,2,123,0.15850515463917525,hypothetical; not empirically measured mine-specific costs
Logistic Regression,0.68999999999999995,20,63,662,31,0.87886597938144329,0.24096385542168675,0.39215686274509803,0.29850746268656714,0.086896551724137933,83,0.10695876288659793,63,31,2,125,0.16108247422680413,hypothetical; not empirically measured mine-specific costs
Logistic Regression,0.69999999999999996,20,59,666,31,0.884020618556701,0.25316455696202533,0.39215686274509803,0.30769230769230771,0.08137931034482758,79,0.10180412371134021,59,31,2,121,0.15592783505154639,hypothetical; not empirically measured mine-specific costs
Logistic Regression,0.70999999999999996,20,54,671,31,0.89046391752577314,0.27027027027027029,0.39215686274509803,0.32000000000000001,0.074482758620689649,74,0.095360824742268036,54,31,2,116,0.14948453608247422,hypothetical; not empirically measured mine-specific costs
Logistic Regression,0.71999999999999997,19,53,672,32,0.89046391752577314,0.2638888888888889,0.37254901960784315,0.30894308943089432,0.073103448275862071,72,0.092783505154639179,53,32,2,117,0.15077319587628865,hypothetical; not empirically measured mine-specific costs
Logistic Regression,0.72999999999999998,19,50,675,32,0.89432989690721654,0.27536231884057971,0.37254901960784315,0.31666666666666665,0.068965517241379309,69,0.08891752577319588,50,32,2,114,0.14690721649484537,hypothetical; not empirically measured mine-specific costs
Logistic Regression,0.73999999999999999,18,47,678,33,0.89690721649484539,0.27692307692307694,0.35294117647058826,0.31034482758620691,0.064827586206896548,65,0.083762886597938138,47,33,2,113,0.14561855670103094,hypothetical; not empirically measured mine-specific costs
Logistic Regression,0.75,17,47,678,34,0.89561855670103097,0.265625,0.33333333333333331,0.29565217391304349,0.064827586206896548,64,0.08247422680412371,47,34,2,115,0.14819587628865979,hypothetical; not empirically measured mine-specific costs
Logistic Regression,0.76000000000000001,16,45,680,35,0.89690721649484539,0.26229508196721313,0.31372549019607843,0.2857142857142857,0.062068965517241378,61,0.078608247422680411,45,35,2,115,0.14819587628865979,hypothetical; not empirically measured mine-specific costs
Logistic Regression,0.77000000000000002,16,40,685,35,0.90335051546391754,0.2857142857142857,0.31372549019607843,0.29906542056074764,0.055172413793103448,56,0.072164948453608241,40,35,2,110,0.14175257731958762,hypothetical; not empirically measured mine-specific costs
Logistic Regression,0.78000000000000003,15,37,688,36,0.90592783505154639,0.28846153846153844,0.29411764705882354,0.29126213592233008,0.051034482758620693,52,0.067010309278350513,37,36,2,109,0.1404639175257732,hypothetical; not empirically measured mine-specific costs
Logistic Regression,0.79000000000000004,15,35,690,36,0.90850515463917525,0.29999999999999999,0.29411764705882354,0.29702970297029702,0.048275862068965517,50,0.064432989690721643,35,36,2,107,0.13788659793814434,hypothetical; not empirically measured mine-specific costs
Logistic Regression,0.80000000000000004,15,34,691,36,0.90979381443298968,0.30612244897959184,0.29411764705882354,0.29999999999999999,0.046896551724137932,49,0.063144329896907214,34,36,2,106,0.13659793814432988,hypothetical; not empirically measured mine-specific costs
Logistic Regression,0.81000000000000005,15,32,693,36,0.91237113402061853,0.31914893617021278,0.29411764705882354,0.30612244897959184,0.044137931034482755,47,0.06056701030927835,32,36,2,104,0.13402061855670103,hypothetical; not empirically measured mine-specific costs
Logistic Regression,0.81999999999999995,15,30,695,36,0.91494845360824739,0.33333333333333331,0.29411764705882354,0.3125,0.041379310344827586,45,0.057989690721649487,30,36,2,102,0.13144329896907217,hypothetical; not empirically measured mine-specific costs
Logistic Regression,0.82999999999999996,15,29,696,36,0.91623711340206182,0.34090909090909088,0.29411764705882354,0.31578947368421051,0.040000000000000001,44,0.056701030927835051,29,36,2,101,0.13015463917525774,hypothetical; not empirically measured mine-specific costs
Logistic Regression,0.83999999999999997,13,27,698,38,0.91623711340206182,0.32500000000000001,0.25490196078431371,0.2857142857142857,0.037241379310344824,40,0.051546391752577317,27,38,2,103,0.1327319587628866,hypothetical; not empirically measured mine-specific costs
Logistic Regression,0.84999999999999998,13,24,701,38,0.92010309278350511,0.35135135135135137,0.25490196078431371,0.29545454545454547,0.03310344827586207,37,0.047680412371134018,24,38,2,100,0.12886597938144329,hypothetical; not empirically measured mine-specific costs
Logistic Regression,0.85999999999999999,12,23,702,39,0.92010309278350511,0.34285714285714286,0.23529411764705882,0.27906976744186046,0.031724137931034485,35,0.045103092783505154,23,39,2,101,0.13015463917525774,hypothetical; not empirically measured mine-specific costs
Logistic Regression,0.87,10,23,702,41,0.91752577319587625,0.30303030303030304,0.19607843137254902,0.23809523809523808,0.031724137931034485,33,0.04252577319587629,23,41,2,105,0.13530927835051546,hypothetical; not empirically measured mine-specific costs
Logistic Regression,0.88,8,20,705,43,0.91881443298969068,0.2857142857142857,0.15686274509803921,0.20253164556962025,0.027586206896551724,28,0.03608247422680412,20,43,2,106,0.13659793814432988,hypothetical; not empirically measured mine-specific costs
Logistic Regression,0.89000000000000001,7,18,707,44,0.92010309278350511,0.28000000000000003,0.13725490196078433,0.18421052631578946,0.024827586206896551,25,0.032216494845360821,18,44,2,106,0.13659793814432988,hypothetical; not empirically measured mine-specific costs
Logistic Regression,0.90000000000000002,5,15,710,46,0.92139175257731953,0.25,0.098039215686274508,0.14084507042253522,0.020689655172413793,20,0.025773195876288658,15,46,2,107,0.13788659793814434,hypothetical; not empirically measured mine-specific costs
Logistic Regression,0.91000000000000003,4,15,710,47,0.92010309278350511,0.21052631578947367,0.078431372549019607,0.11428571428571428,0.020689655172413793,19,0.024484536082474227,15,47,2,109,0.1404639175257732,hypothetical; not empirically measured mine-specific costs
Logistic Regression,0.92000000000000004,3,13,712,48,0.92139175257731953,0.1875,0.058823529411764705,0.089552238805970144,0.01793103448275862,16,0.020618556701030927,13,48,2,109,0.1404639175257732,hypothetical; not empirically measured mine-specific costs
Logistic Regression,0.93000000000000005,3,13,712,48,0.92139175257731953,0.1875,0.058823529411764705,0.089552238805970144,0.01793103448275862,16,0.020618556701030927,13,48,2,109,0.1404639175257732,hypothetical; not empirically measured mine-specific costs
Logistic Regression,0.93999999999999995,3,13,712,48,0.92139175257731953,0.1875,0.058823529411764705,0.089552238805970144,0.01793103448275862,16,0.020618556701030927,13,48,2,109,0.1404639175257732,hypothetical; not empirically measured mine-specific costs
Logistic Regression,0.94999999999999996,2,9,716,49,0.92525773195876293,0.18181818181818182,0.039215686274509803,0.064516129032258063,0.012413793103448275,11,0.014175257731958763,9,49,2,107,0.13788659793814434,hypothetical; not empirically measured mine-specific costs
Logistic Regression,0.95999999999999996,1,6,719,50,0.92783505154639179,0.14285714285714285,0.019607843137254902,0.034482758620689655,0.0082758620689655175,7,0.0090206185567010301,6,50,2,106,0.13659793814432988,hypothetical; not empirically measured mine-specific costs
Logistic Regression,0.96999999999999997,1,6,719,50,0.92783505154639179,0.14285714285714285,0.019607843137254902,0.034482758620689655,0.0082758620689655175,7,0.0090206185567010301,6,50,2,106,0.13659793814432988,hypothetical; not empirically measured mine-specific costs
Logistic Regression,0.97999999999999998,1,3,722,50,0.93170103092783507,0.25,0.019607843137254902,0.036363636363636362,0.0041379310344827587,4,0.0051546391752577319,3,50,2,103,0.1327319587628866,hypothetical; not empirically measured mine-specific costs
Logistic Regression,0.98999999999999999,0,1,724,51,0.9329896907216495,0,0,0,0.0013793103448275861,1,0.001288659793814433,1,51,2,103,0.1327319587628866,hypothetical; not empirically measured mine-specific costs
Random Forest,0.01,47,566,159,4,0.2654639175257732,0.076672104404567704,0.92156862745098034,0.14156626506024098,0.78068965517241384,613,0.78994845360824739,566,4,2,574,0.73969072164948457,hypothetical; not empirically measured mine-specific costs
Random Forest,0.02,45,493,232,6,0.35695876288659795,0.083643122676579931,0.88235294117647056,0.15280135823429541,0.68000000000000005,538,0.69329896907216493,493,6,2,505,0.65077319587628868,hypothetical; not empirically measured mine-specific costs
Random Forest,0.029999999999999999,45,457,268,6,0.40335051546391754,0.089641434262948211,0.88235294117647056,0.16274864376130199,0.63034482758620691,502,0.64690721649484539,457,6,2,469,0.60438144329896903,hypothetical; not empirically measured mine-specific costs
Random Forest,0.040000000000000001,45,402,323,6,0.47422680412371132,0.10067114093959731,0.88235294117647056,0.18072289156626506,0.55448275862068963,447,0.5760309278350515,402,6,2,414,0.53350515463917525,hypothetical; not empirically measured mine-specific costs
Random Forest,0.050000000000000003,44,369,356,7,0.51546391752577314,0.10653753026634383,0.86274509803921573,0.18965517241379309,0.50896551724137928,413,0.53221649484536082,369,7,2,383,0.49355670103092786,hypothetical; not empirically measured mine-specific costs
Random Forest,0.059999999999999998,43,335,390,8,0.5579896907216495,0.11375661375661375,0.84313725490196079,0.20046620046620048,0.46206896551724136,378,0.48711340206185566,335,8,2,351,0.45231958762886598,hypothetical; not empirically measured mine-specific costs
Random Forest,0.070000000000000007,43,311,414,8,0.58891752577319589,0.12146892655367232,0.84313725490196079,0.21234567901234569,0.42896551724137932,354,0.45618556701030927,311,8,2,327,0.42139175257731959,hypothetical; not empirically measured mine-specific costs
Random Forest,0.080000000000000002,42,295,430,9,0.60824742268041232,0.12462908011869436,0.82352941176470584,0.21649484536082475,0.40689655172413791,337,0.43427835051546393,295,9,2,313,0.40335051546391754,hypothetical; not empirically measured mine-specific costs
Random Forest,0.089999999999999997,41,276,449,10,0.63144329896907214,0.12933753943217666,0.80392156862745101,0.22282608695652173,0.38068965517241377,317,0.40850515463917525,276,10,2,296,0.38144329896907214,hypothetical; not empirically measured mine-specific costs
Random Forest,0.10000000000000001,40,258,467,11,0.65335051546391754,0.13422818791946309,0.78431372549019607,0.22922636103151864,0.35586206896551725,298,0.38402061855670105,258,11,2,280,0.36082474226804123,hypothetical; not empirically measured mine-specific costs
Random Forest,0.11,39,241,484,12,0.6739690721649485,0.13928571428571429,0.76470588235294112,0.23564954682779457,0.33241379310344826,280,0.36082474226804123,241,12,2,265,0.34149484536082475,hypothetical; not empirically measured mine-specific costs
Random Forest,0.12,37,223,502,14,0.69458762886597936,0.1423076923076923,0.72549019607843135,0.23794212218649519,0.30758620689655175,260,0.33505154639175255,223,14,2,251,0.3234536082474227,hypothetical; not empirically measured mine-specific costs
Random Forest,0.13,36,209,516,15,0.71134020618556704,0.14693877551020409,0.70588235294117652,0.24324324324324326,0.28827586206896549,245,0.31572164948453607,209,15,2,239,0.3079896907216495,hypothetical; not empirically measured mine-specific costs
Random Forest,0.14000000000000001,36,199,526,15,0.72422680412371132,0.15319148936170213,0.70588235294117652,0.25174825174825177,0.27448275862068966,235,0.30283505154639173,199,15,2,229,0.29510309278350516,hypothetical; not empirically measured mine-specific costs
Random Forest,0.14999999999999999,35,185,540,16,0.740979381443299,0.15909090909090909,0.68627450980392157,0.25830258302583026,0.25517241379310346,220,0.28350515463917525,185,16,2,217,0.27963917525773196,hypothetical; not empirically measured mine-specific costs
Random Forest,0.16,32,174,551,19,0.75128865979381443,0.1553398058252427,0.62745098039215685,0.24902723735408561,0.23999999999999999,206,0.2654639175257732,174,19,2,212,0.27319587628865977,hypothetical; not empirically measured mine-specific costs
Random Forest,0.17000000000000001,30,153,572,21,0.77577319587628868,0.16393442622950818,0.58823529411764708,0.25641025641025639,0.21103448275862069,183,0.23582474226804123,153,21,2,195,0.25128865979381443,hypothetical; not empirically measured mine-specific costs
Random Forest,0.17999999999999999,28,140,585,23,0.78994845360824739,0.16666666666666666,0.5490196078431373,0.25570776255707761,0.19310344827586207,168,0.21649484536082475,140,23,2,186,0.23969072164948454,hypothetical; not empirically measured mine-specific costs
Random Forest,0.19,28,130,595,23,0.80283505154639179,0.17721518987341772,0.5490196078431373,0.26794258373205743,0.1793103448275862,158,0.20360824742268041,130,23,2,176,0.22680412371134021,hypothetical; not empirically measured mine-specific costs
Random Forest,0.20000000000000001,28,119,606,23,0.8170103092783505,0.19047619047619047,0.5490196078431373,0.28282828282828282,0.16413793103448276,147,0.18943298969072164,119,23,2,165,0.21262886597938144,hypothetical; not empirically measured mine-specific costs
Random Forest,0.20999999999999999,27,112,613,24,0.82474226804123707,0.19424460431654678,0.52941176470588236,0.28421052631578947,0.15448275862068966,139,0.17912371134020619,112,24,2,160,0.20618556701030927,hypothetical; not empirically measured mine-specific costs
Random Forest,0.22,26,108,617,25,0.82860824742268047,0.19402985074626866,0.50980392156862742,0.2810810810810811,0.1489655172413793,134,0.17268041237113402,108,25,2,158,0.20360824742268041,hypothetical; not empirically measured mine-specific costs
Random Forest,0.23000000000000001,25,102,623,26,0.83505154639175261,0.19685039370078741,0.49019607843137253,0.2808988764044944,0.1406896551724138,127,0.16365979381443299,102,26,2,154,0.19845360824742267,hypothetical; not empirically measured mine-specific costs
Random Forest,0.23999999999999999,25,93,632,26,0.84664948453608246,0.21186440677966101,0.49019607843137253,0.29585798816568049,0.12827586206896552,118,0.15206185567010308,93,26,2,145,0.18685567010309279,hypothetical; not empirically measured mine-specific costs
Random Forest,0.25,24,86,639,27,0.85438144329896903,0.21818181818181817,0.47058823529411764,0.29813664596273293,0.11862068965517242,110,0.14175257731958762,86,27,2,140,0.18041237113402062,hypothetical; not empirically measured mine-specific costs
Random Forest,0.26000000000000001,23,79,646,28,0.86211340206185572,0.22549019607843138,0.45098039215686275,0.30065359477124182,0.10896551724137932,102,0.13144329896907217,79,28,2,135,0.17396907216494845,hypothetical; not empirically measured mine-specific costs
Random Forest,0.27000000000000002,21,74,651,30,0.865979381443299,0.22105263157894736,0.41176470588235292,0.28767123287671231,0.10206896551724139,95,0.12242268041237113,74,30,2,134,0.17268041237113402,hypothetical; not empirically measured mine-specific costs
Random Forest,0.28000000000000003,20,71,654,31,0.86855670103092786,0.21978021978021978,0.39215686274509803,0.28169014084507044,0.097931034482758625,91,0.1172680412371134,71,31,2,133,0.17139175257731959,hypothetical; not empirically measured mine-specific costs
Random Forest,0.28999999999999998,19,66,659,32,0.87371134020618557,0.22352941176470589,0.37254901960784315,0.27941176470588236,0.091034482758620694,85,0.1095360824742268,66,32,2,130,0.16752577319587628,hypothetical; not empirically measured mine-specific costs
Random Forest,0.29999999999999999,18,62,663,33,0.87757731958762886,0.22500000000000001,0.35294117647058826,0.27480916030534353,0.085517241379310341,80,0.10309278350515463,62,33,2,128,0.16494845360824742,hypothetical; not empirically measured mine-specific costs
Random Forest,0.31,17,57,668,34,0.88273195876288657,0.22972972972972974,0.33333333333333331,0.27200000000000002,0.07862068965517241,74,0.095360824742268036,57,34,2,125,0.16108247422680413,hypothetical; not empirically measured mine-specific costs
Random Forest,0.32000000000000001,16,56,669,35,0.88273195876288657,0.22222222222222221,0.31372549019607843,0.26016260162601629,0.077241379310344832,72,0.092783505154639179,56,35,2,126,0.16237113402061856,hypothetical; not empirically measured mine-specific costs
Random Forest,0.33000000000000002,16,53,672,35,0.88659793814432986,0.2318840579710145,0.31372549019607843,0.26666666666666666,0.073103448275862071,69,0.08891752577319588,53,35,2,123,0.15850515463917525,hypothetical; not empirically measured mine-specific costs
Random Forest,0.34000000000000002,16,52,673,35,0.88788659793814428,0.23529411764705882,0.31372549019607843,0.26890756302521007,0.071724137931034479,68,0.087628865979381437,52,35,2,122,0.15721649484536082,hypothetical; not empirically measured mine-specific costs
Random Forest,0.34999999999999998,14,47,678,37,0.89175257731958768,0.22950819672131148,0.27450980392156865,0.25,0.064827586206896548,61,0.078608247422680411,47,37,2,121,0.15592783505154639,hypothetical; not empirically measured mine-specific costs
Random Forest,0.35999999999999999,13,40,685,38,0.89948453608247425,0.24528301886792453,0.25490196078431371,0.25,0.055172413793103448,53,0.068298969072164942,40,38,2,116,0.14948453608247422,hypothetical; not empirically measured mine-specific costs
Random Forest,0.37,13,37,688,38,0.90335051546391754,0.26000000000000001,0.25490196078431371,0.25742574257425743,0.051034482758620693,50,0.064432989690721643,37,38,2,113,0.14561855670103094,hypothetical; not empirically measured mine-specific costs
Random Forest,0.38,13,34,691,38,0.90721649484536082,0.27659574468085107,0.25490196078431371,0.26530612244897961,0.046896551724137932,47,0.06056701030927835,34,38,2,110,0.14175257731958762,hypothetical; not empirically measured mine-specific costs
Random Forest,0.39000000000000001,12,29,696,39,0.91237113402061853,0.29268292682926828,0.23529411764705882,0.2608695652173913,0.040000000000000001,41,0.052835051546391752,29,39,2,107,0.13788659793814434,hypothetical; not empirically measured mine-specific costs
Random Forest,0.40000000000000002,11,29,696,40,0.91108247422680411,0.27500000000000002,0.21568627450980393,0.24175824175824176,0.040000000000000001,40,0.051546391752577317,29,40,2,109,0.1404639175257732,hypothetical; not empirically measured mine-specific costs
Random Forest,0.40999999999999998,11,29,696,40,0.91108247422680411,0.27500000000000002,0.21568627450980393,0.24175824175824176,0.040000000000000001,40,0.051546391752577317,29,40,2,109,0.1404639175257732,hypothetical; not empirically measured mine-specific costs
Random Forest,0.41999999999999998,11,28,697,40,0.91237113402061853,0.28205128205128205,0.21568627450980393,0.24444444444444444,0.038620689655172416,39,0.050257731958762888,28,40,2,108,0.13917525773195877,hypothetical; not empirically measured mine-specific costs
Random Forest,0.42999999999999999,11,28,697,40,0.91237113402061853,0.28205128205128205,0.21568627450980393,0.24444444444444444,0.038620689655172416,39,0.050257731958762888,28,40,2,108,0.13917525773195877,hypothetical; not empirically measured mine-specific costs
Random Forest,0.44,11,25,700,40,0.91623711340206182,0.30555555555555558,0.21568627450980393,0.25287356321839083,0.034482758620689655,36,0.046391752577319589,25,40,2,105,0.13530927835051546,hypothetical; not empirically measured mine-specific costs
Random Forest,0.45000000000000001,10,25,700,41,0.91494845360824739,0.2857142857142857,0.19607843137254902,0.23255813953488372,0.034482758620689655,35,0.045103092783505154,25,41,2,107,0.13788659793814434,hypothetical; not empirically measured mine-specific costs
Random Forest,0.46000000000000002,9,25,700,42,0.91365979381443296,0.26470588235294118,0.17647058823529413,0.21176470588235294,0.034482758620689655,34,0.043814432989690719,25,42,2,109,0.1404639175257732,hypothetical; not empirically measured mine-specific costs
Random Forest,0.46999999999999997,8,24,701,43,0.91365979381443296,0.25,0.15686274509803921,0.19277108433734941,0.03310344827586207,32,0.041237113402061855,24,43,2,110,0.14175257731958762,hypothetical; not empirically measured mine-specific costs
Random Forest,0.47999999999999998,8,21,704,43,0.91752577319587625,0.27586206896551724,0.15686274509803921,0.20000000000000001,0.028965517241379312,29,0.037371134020618556,21,43,2,107,0.13788659793814434,hypothetical; not empirically measured mine-specific costs
Random Forest,0.48999999999999999,8,20,705,43,0.91881443298969068,0.2857142857142857,0.15686274509803921,0.20253164556962025,0.027586206896551724,28,0.03608247422680412,20,43,2,106,0.13659793814432988,hypothetical; not empirically measured mine-specific costs
Random Forest,0.5,8,18,707,43,0.92139175257731953,0.30769230769230771,0.15686274509803921,0.20779220779220781,0.024827586206896551,26,0.033505154639175257,18,43,2,104,0.13402061855670103,hypothetical; not empirically measured mine-specific costs
Random Forest,0.51000000000000001,8,18,707,43,0.92139175257731953,0.30769230769230771,0.15686274509803921,0.20779220779220781,0.024827586206896551,26,0.033505154639175257,18,43,2,104,0.13402061855670103,hypothetical; not empirically measured mine-specific costs
Random Forest,0.52000000000000002,8,17,708,43,0.92268041237113407,0.32000000000000001,0.15686274509803921,0.21052631578947367,0.023448275862068966,25,0.032216494845360821,17,43,2,103,0.1327319587628866,hypothetical; not empirically measured mine-specific costs
Random Forest,0.53000000000000003,8,15,710,43,0.92525773195876293,0.34782608695652173,0.15686274509803921,0.21621621621621623,0.020689655172413793,23,0.029639175257731958,15,43,2,101,0.13015463917525774,hypothetical; not empirically measured mine-specific costs
Random Forest,0.54000000000000004,8,15,710,43,0.92525773195876293,0.34782608695652173,0.15686274509803921,0.21621621621621623,0.020689655172413793,23,0.029639175257731958,15,43,2,101,0.13015463917525774,hypothetical; not empirically measured mine-specific costs
Random Forest,0.55000000000000004,8,14,711,43,0.92654639175257736,0.36363636363636365,0.15686274509803921,0.21917808219178081,0.019310344827586208,22,0.028350515463917526,14,43,2,100,0.12886597938144329,hypothetical; not empirically measured mine-specific costs
Random Forest,0.56000000000000005,7,14,711,44,0.92525773195876293,0.33333333333333331,0.13725490196078433,0.19444444444444445,0.019310344827586208,21,0.027061855670103094,14,44,2,102,0.13144329896907217,hypothetical; not empirically measured mine-specific costs
Random Forest,0.56999999999999995,7,13,712,44,0.92654639175257736,0.34999999999999998,0.13725490196078433,0.19718309859154928,0.01793103448275862,20,0.025773195876288658,13,44,2,101,0.13015463917525774,hypothetical; not empirically measured mine-specific costs
Random Forest,0.57999999999999996,7,12,713,44,0.92783505154639179,0.36842105263157893,0.13725490196078433,0.20000000000000001,0.016551724137931035,19,0.024484536082474227,12,44,2,100,0.12886597938144329,hypothetical; not empirically measured mine-specific costs
Random Forest,0.58999999999999997,7,11,714,44,0.92912371134020622,0.3888888888888889,0.13725490196078433,0.20289855072463769,0.015172413793103448,18,0.023195876288659795,11,44,2,99,0.12757731958762886,hypothetical; not empirically measured mine-specific costs
Random Forest,0.59999999999999998,6,10,715,45,0.92912371134020622,0.375,0.11764705882352941,0.17910447761194029,0.013793103448275862,16,0.020618556701030927,10,45,2,100,0.12886597938144329,hypothetical; not empirically measured mine-specific costs
Random Forest,0.60999999999999999,6,10,715,45,0.92912371134020622,0.375,0.11764705882352941,0.17910447761194029,0.013793103448275862,16,0.020618556701030927,10,45,2,100,0.12886597938144329,hypothetical; not empirically measured mine-specific costs
Random Forest,0.62,6,9,716,45,0.93041237113402064,0.40000000000000002,0.11764705882352941,0.18181818181818182,0.012413793103448275,15,0.019329896907216496,9,45,2,99,0.12757731958762886,hypothetical; not empirically measured mine-specific costs
Random Forest,0.63,6,8,717,45,0.93170103092783507,0.42857142857142855,0.11764705882352941,0.18461538461538463,0.011034482758620689,14,0.01804123711340206,8,45,2,98,0.12628865979381443,hypothetical; not empirically measured mine-specific costs
Random Forest,0.64000000000000001,5,8,717,46,0.93041237113402064,0.38461538461538464,0.098039215686274508,0.15625,0.011034482758620689,13,0.016752577319587628,8,46,2,100,0.12886597938144329,hypothetical; not empirically measured mine-specific costs
Random Forest,0.65000000000000002,5,7,718,46,0.93170103092783507,0.41666666666666669,0.098039215686274508,0.15873015873015872,0.009655172413793104,12,0.015463917525773196,7,46,2,99,0.12757731958762886,hypothetical; not empirically measured mine-specific costs
Random Forest,0.66000000000000003,5,6,719,46,0.9329896907216495,0.45454545454545453,0.098039215686274508,0.16129032258064516,0.0082758620689655175,11,0.014175257731958763,6,46,2,98,0.12628865979381443,hypothetical; not empirically measured mine-specific costs
Random Forest,0.67000000000000004,5,5,720,46,0.93427835051546393,0.5,0.098039215686274508,0.16393442622950818,0.0068965517241379309,10,0.012886597938144329,5,46,2,97,0.125,hypothetical; not empirically measured mine-specific costs
Random Forest,0.68000000000000005,5,5,720,46,0.93427835051546393,0.5,0.098039215686274508,0.16393442622950818,0.0068965517241379309,10,0.012886597938144329,5,46,2,97,0.125,hypothetical; not empirically measured mine-specific costs
Random Forest,0.68999999999999995,5,5,720,46,0.93427835051546393,0.5,0.098039215686274508,0.16393442622950818,0.0068965517241379309,10,0.012886597938144329,5,46,2,97,0.125,hypothetical; not empirically measured mine-specific costs
Random Forest,0.69999999999999996,4,4,721,47,0.93427835051546393,0.5,0.078431372549019607,0.13559322033898305,0.0055172413793103444,8,0.010309278350515464,4,47,2,98,0.12628865979381443,hypothetical; not empirically measured mine-specific costs
Random Forest,0.70999999999999996,4,2,723,47,0.93685567010309279,0.66666666666666663,0.078431372549019607,0.14035087719298245,0.0027586206896551722,6,0.0077319587628865982,2,47,2,96,0.12371134020618557,hypothetical; not empirically measured mine-specific costs
Random Forest,0.71999999999999997,4,2,723,47,0.93685567010309279,0.66666666666666663,0.078431372549019607,0.14035087719298245,0.0027586206896551722,6,0.0077319587628865982,2,47,2,96,0.12371134020618557,hypothetical; not empirically measured mine-specific costs
Random Forest,0.72999999999999998,4,1,724,47,0.93814432989690721,0.80000000000000004,0.078431372549019607,0.14285714285714285,0.0013793103448275861,5,0.0064432989690721646,1,47,2,95,0.12242268041237113,hypothetical; not empirically measured mine-specific costs
Random Forest,0.73999999999999999,4,1,724,47,0.93814432989690721,0.80000000000000004,0.078431372549019607,0.14285714285714285,0.0013793103448275861,5,0.0064432989690721646,1,47,2,95,0.12242268041237113,hypothetical; not empirically measured mine-specific costs
Random Forest,0.75,4,1,724,47,0.93814432989690721,0.80000000000000004,0.078431372549019607,0.14285714285714285,0.0013793103448275861,5,0.0064432989690721646,1,47,2,95,0.12242268041237113,hypothetical; not empirically measured mine-specific costs
Random Forest,0.76000000000000001,3,1,724,48,0.93685567010309279,0.75,0.058823529411764705,0.10909090909090909,0.0013793103448275861,4,0.0051546391752577319,1,48,2,97,0.125,hypothetical; not empirically measured mine-specific costs
Random Forest,0.77000000000000002,3,1,724,48,0.93685567010309279,0.75,0.058823529411764705,0.10909090909090909,0.0013793103448275861,4,0.0051546391752577319,1,48,2,97,0.125,hypothetical; not empirically measured mine-specific costs
Random Forest,0.78000000000000003,3,1,724,48,0.93685567010309279,0.75,0.058823529411764705,0.10909090909090909,0.0013793103448275861,4,0.0051546391752577319,1,48,2,97,0.125,hypothetical; not empirically measured mine-specific costs
Random Forest,0.79000000000000004,3,1,724,48,0.93685567010309279,0.75,0.058823529411764705,0.10909090909090909,0.0013793103448275861,4,0.0051546391752577319,1,48,2,97,0.125,hypothetical; not empirically measured mine-specific costs
Random Forest,0.80000000000000004,3,1,724,48,0.93685567010309279,0.75,0.058823529411764705,0.10909090909090909,0.0013793103448275861,4,0.0051546391752577319,1,48,2,97,0.125,hypothetical; not empirically measured mine-specific costs
Random Forest,0.81000000000000005,2,1,724,49,0.93556701030927836,0.66666666666666663,0.039215686274509803,0.07407407407407407,0.0013793103448275861,3,0.0038659793814432991,1,49,2,99,0.12757731958762886,hypothetical; not empirically measured mine-specific costs
Random Forest,0.81999999999999995,2,1,724,49,0.93556701030927836,0.66666666666666663,0.039215686274509803,0.07407407407407407,0.0013793103448275861,3,0.0038659793814432991,1,49,2,99,0.12757731958762886,hypothetical; not empirically measured mine-specific costs
Random Forest,0.82999999999999996,2,1,724,49,0.93556701030927836,0.66666666666666663,0.039215686274509803,0.07407407407407407,0.0013793103448275861,3,0.0038659793814432991,1,49,2,99,0.12757731958762886,hypothetical; not empirically measured mine-specific costs
Random Forest,0.83999999999999997,2,1,724,49,0.93556701030927836,0.66666666666666663,0.039215686274509803,0.07407407407407407,0.0013793103448275861,3,0.0038659793814432991,1,49,2,99,0.12757731958762886,hypothetical; not empirically measured mine-specific costs
Random Forest,0.84999999999999998,2,1,724,49,0.93556701030927836,0.66666666666666663,0.039215686274509803,0.07407407407407407,0.0013793103448275861,3,0.0038659793814432991,1,49,2,99,0.12757731958762886,hypothetical; not empirically measured mine-specific costs
Random Forest,0.85999999999999999,1,0,725,50,0.93556701030927836,1,0.019607843137254902,0.038461538461538464,0,1,0.001288659793814433,0,50,2,100,0.12886597938144329,hypothetical; not empirically measured mine-specific costs
Random Forest,0.87,1,0,725,50,0.93556701030927836,1,0.019607843137254902,0.038461538461538464,0,1,0.001288659793814433,0,50,2,100,0.12886597938144329,hypothetical; not empirically measured mine-specific costs
Random Forest,0.88,1,0,725,50,0.93556701030927836,1,0.019607843137254902,0.038461538461538464,0,1,0.001288659793814433,0,50,2,100,0.12886597938144329,hypothetical; not empirically measured mine-specific costs
Random Forest,0.89000000000000001,1,0,725,50,0.93556701030927836,1,0.019607843137254902,0.038461538461538464,0,1,0.001288659793814433,0,50,2,100,0.12886597938144329,hypothetical; not empirically measured mine-specific costs
Random Forest,0.90000000000000002,1,0,725,50,0.93556701030927836,1,0.019607843137254902,0.038461538461538464,0,1,0.001288659793814433,0,50,2,100,0.12886597938144329,hypothetical; not empirically measured mine-specific costs
Random Forest,0.91000000000000003,1,0,725,50,0.93556701030927836,1,0.019607843137254902,0.038461538461538464,0,1,0.001288659793814433,0,50,2,100,0.12886597938144329,hypothetical; not empirically measured mine-specific costs
Random Forest,0.92000000000000004,1,0,725,50,0.93556701030927836,1,0.019607843137254902,0.038461538461538464,0,1,0.001288659793814433,0,50,2,100,0.12886597938144329,hypothetical; not empirically measured mine-specific costs
Random Forest,0.93000000000000005,0,0,725,51,0.93427835051546393,0,0,0,0,0,0,0,51,2,102,0.13144329896907217,hypothetical; not empirically measured mine-specific costs
Random Forest,0.93999999999999995,0,0,725,51,0.93427835051546393,0,0,0,0,0,0,0,51,2,102,0.13144329896907217,hypothetical; not empirically measured mine-specific costs
Random Forest,0.94999999999999996,0,0,725,51,0.93427835051546393,0,0,0,0,0,0,0,51,2,102,0.13144329896907217,hypothetical; not empirically measured mine-specific costs
Random Forest,0.95999999999999996,0,0,725,51,0.93427835051546393,0,0,0,0,0,0,0,51,2,102,0.13144329896907217,hypothetical; not empirically measured mine-specific costs
Random Forest,0.96999999999999997,0,0,725,51,0.93427835051546393,0,0,0,0,0,0,0,51,2,102,0.13144329896907217,hypothetical; not empirically measured mine-specific costs
Random Forest,0.97999999999999998,0,0,725,51,0.93427835051546393,0,0,0,0,0,0,0,51,2,102,0.13144329896907217,hypothetical; not empirically measured mine-specific costs
Random Forest,0.98999999999999999,0,0,725,51,0.93427835051546393,0,0,0,0,0,0,0,51,2,102,0.13144329896907217,hypothetical; not empirically measured mine-specific costs
Gradient Boosting,0.01,51,725,0,0,0.065721649484536085,0.065721649484536085,1,0.12333736396614269,1,776,1,725,0,2,725,0.93427835051546393,hypothetical; not empirically measured mine-specific costs
Gradient Boosting,0.02,51,723,2,0,0.068298969072164942,0.06589147286821706,1,0.12363636363636364,0.99724137931034484,774,0.99742268041237114,723,0,2,723,0.93170103092783507,hypothetical; not empirically measured mine-specific costs
Gradient Boosting,0.029999999999999999,51,706,19,0,0.090206185567010308,0.067371202113606338,1,0.12623762376237624,0.97379310344827585,757,0.97551546391752575,706,0,2,706,0.90979381443298968,hypothetical; not empirically measured mine-specific costs
Gradient Boosting,0.040000000000000001,51,679,46,0,0.125,0.069863013698630141,1,0.13060179257362356,0.93655172413793109,730,0.94072164948453607,679,0,2,679,0.875,hypothetical; not empirically measured mine-specific costs
Gradient Boosting,0.050000000000000003,51,657,68,0,0.15335051546391754,0.072033898305084748,1,0.13438735177865613,0.90620689655172415,708,0.91237113402061853,657,0,2,657,0.84664948453608246,hypothetical; not empirically measured mine-specific costs
Gradient Boosting,0.059999999999999998,51,641,84,0,0.17396907216494845,0.073699421965317924,1,0.13728129205921938,0.88413793103448279,692,0.89175257731958768,641,0,2,641,0.8260309278350515,hypothetical; not empirically measured mine-specific costs
Gradient Boosting,0.070000000000000007,50,627,98,1,0.19072164948453607,0.073855243722304287,0.98039215686274506,0.13736263736263737,0.86482758620689659,677,0.87242268041237114,627,1,2,629,0.81056701030927836,hypothetical; not empirically measured mine-specific costs
Gradient Boosting,0.080000000000000002,50,617,108,1,0.20360824742268041,0.074962518740629688,0.98039215686274506,0.1392757660167131,0.8510344827586207,667,0.85953608247422686,617,1,2,619,0.79768041237113407,hypothetical; not empirically measured mine-specific costs
Gradient Boosting,0.089999999999999997,49,602,123,2,0.22164948453608246,0.075268817204301078,0.96078431372549022,0.1396011396011396,0.83034482758620687,651,0.83891752577319589,602,2,2,606,0.78092783505154639,hypothetical; not empirically measured mine-specific costs
Gradient Boosting,0.10000000000000001,47,569,156,4,0.26159793814432991,0.076298701298701296,0.92156862745098034,0.1409295352323838,0.78482758620689652,616,0.79381443298969068,569,4,2,577,0.74355670103092786,hypothetical; not empirically measured mine-specific costs
Gradient Boosting,0.11,47,531,194,4,0.31056701030927836,0.081314878892733561,0.92156862745098034,0.1494435612082671,0.73241379310344823,578,0.74484536082474229,531,4,2,539,0.69458762886597936,hypothetical; not empirically measured mine-specific costs
Gradient Boosting,0.12,46,500,225,5,0.34922680412371132,0.084249084249084255,0.90196078431372551,0.1541038525963149,0.68965517241379315,546,0.70360824742268047,500,5,2,510,0.65721649484536082,hypothetical; not empirically measured mine-specific costs
Gradient Boosting,0.13,46,466,259,5,0.39304123711340205,0.08984375,0.90196078431372551,0.16341030195381884,0.64275862068965517,512,0.65979381443298968,466,5,2,476,0.61340206185567014,hypothetical; not empirically measured mine-specific costs
Gradient Boosting,0.14000000000000001,46,441,284,5,0.42525773195876287,0.094455852156057493,0.90196078431372551,0.17100371747211895,0.60827586206896556,487,0.62757731958762886,441,5,2,451,0.58118556701030932,hypothetical; not empirically measured mine-specific costs
Gradient Boosting,0.14999999999999999,45,413,312,6,0.46005154639175255,0.098253275109170299,0.88235294117647056,0.17681728880157171,0.56965517241379315,458,0.59020618556701032,413,6,2,425,0.54768041237113407,hypothetical; not empirically measured mine-specific costs
Gradient Boosting,0.16,43,390,335,8,0.48711340206185566,0.099307159353348731,0.84313725490196079,0.17768595041322313,0.53793103448275859,433,0.5579896907216495,390,8,2,406,0.52319587628865982,hypothetical; not empirically measured mine-specific costs
Gradient Boosting,0.17000000000000001,41,367,358,10,0.51417525773195871,0.10049019607843138,0.80392156862745101,0.1786492374727669,0.50620689655172413,408,0.52577319587628868,367,10,2,387,0.49871134020618557,hypothetical; not empirically measured mine-specific costs
Gradient Boosting,0.17999999999999999,41,347,378,10,0.53994845360824739,0.1056701030927835,0.80392156862745101,0.18678815489749431,0.4786206896551724,388,0.5,347,10,2,367,0.47293814432989689,hypothetical; not empirically measured mine-specific costs
Gradient Boosting,0.19,39,331,394,12,0.5579896907216495,0.10540540540540541,0.76470588235294112,0.18527315914489312,0.45655172413793105,370,0.47680412371134023,331,12,2,355,0.4574742268041237,hypothetical; not empirically measured mine-specific costs
Gradient Boosting,0.20000000000000001,38,308,417,13,0.58634020618556704,0.10982658959537572,0.74509803921568629,0.19143576826196473,0.42482758620689653,346,0.44587628865979384,308,13,2,334,0.43041237113402064,hypothetical; not empirically measured mine-specific costs
Gradient Boosting,0.20999999999999999,38,291,434,13,0.60824742268041232,0.11550151975683891,0.74509803921568629,0.20000000000000001,0.4013793103448276,329,0.42396907216494845,291,13,2,317,0.40850515463917525,hypothetical; not empirically measured mine-specific costs
Gradient Boosting,0.22,38,274,451,13,0.63015463917525771,0.12179487179487179,0.74509803921568629,0.20936639118457301,0.37793103448275861,312,0.40206185567010311,274,13,2,300,0.38659793814432991,hypothetical; not empirically measured mine-specific costs
Gradient Boosting,0.23000000000000001,37,264,461,14,0.64175257731958768,0.12292358803986711,0.72549019607843135,0.21022727272727273,0.36413793103448278,301,0.38788659793814434,264,14,2,292,0.37628865979381443,hypothetical; not empirically measured mine-specific costs
Gradient Boosting,0.23999999999999999,37,251,474,14,0.65850515463917525,0.12847222222222221,0.72549019607843135,0.21828908554572271,0.34620689655172415,288,0.37113402061855671,251,14,2,279,0.3595360824742268,hypothetical; not empirically measured mine-specific costs
Gradient Boosting,0.25,37,240,485,14,0.67268041237113407,0.13357400722021662,0.72549019607843135,0.22560975609756098,0.33103448275862069,277,0.35695876288659795,240,14,2,268,0.34536082474226804,hypothetical; not empirically measured mine-specific costs
Gradient Boosting,0.26000000000000001,37,233,492,14,0.68170103092783507,0.13703703703703704,0.72549019607843135,0.23052959501557632,0.32137931034482758,270,0.34793814432989689,233,14,2,261,0.33634020618556704,hypothetical; not empirically measured mine-specific costs
Gradient Boosting,0.27000000000000002,36,223,502,15,0.69329896907216493,0.138996138996139,0.70588235294117652,0.23225806451612904,0.30758620689655175,259,0.33376288659793812,223,15,2,253,0.32603092783505155,hypothetical; not empirically measured mine-specific costs
Gradient Boosting,0.28000000000000003,35,212,513,16,0.70618556701030932,0.1417004048582996,0.68627450980392157,0.2348993288590604,0.29241379310344828,247,0.31829896907216493,212,16,2,244,0.31443298969072164,hypothetical; not empirically measured mine-specific costs
Gradient Boosting,0.28999999999999998,35,200,525,16,0.72164948453608246,0.14893617021276595,0.68627450980392157,0.24475524475524477,0.27586206896551724,235,0.30283505154639173,200,16,2,232,0.29896907216494845,hypothetical; not empirically measured mine-specific costs
Gradient Boosting,0.29999999999999999,34,194,531,17,0.72809278350515461,0.14912280701754385,0.66666666666666663,0.24372759856630824,0.26758620689655171,228,0.29381443298969073,194,17,2,228,0.29381443298969073,hypothetical; not empirically measured mine-specific costs
Gradient Boosting,0.31,32,186,539,19,0.73582474226804129,0.14678899082568808,0.62745098039215685,0.23791821561338289,0.25655172413793104,218,0.28092783505154639,186,19,2,224,0.28865979381443296,hypothetical; not empirically measured mine-specific costs
Gradient Boosting,0.32000000000000001,31,178,547,20,0.74484536082474229,0.14832535885167464,0.60784313725490191,0.23846153846153847,0.24551724137931036,209,0.26932989690721648,178,20,2,218,0.28092783505154639,hypothetical; not empirically measured mine-specific costs
Gradient Boosting,0.33000000000000002,30,171,554,21,0.75257731958762886,0.14925373134328357,0.58823529411764708,0.23809523809523808,0.23586206896551723,201,0.25902061855670105,171,21,2,213,0.27448453608247425,hypothetical; not empirically measured mine-specific costs
Gradient Boosting,0.34000000000000002,30,161,564,21,0.76546391752577314,0.15706806282722513,0.58823529411764708,0.24793388429752067,0.22206896551724137,191,0.24613402061855671,161,21,2,203,0.26159793814432991,hypothetical; not empirically measured mine-specific costs
Gradient Boosting,0.34999999999999998,29,158,567,22,0.76804123711340211,0.15508021390374332,0.56862745098039214,0.24369747899159663,0.21793103448275863,187,0.24097938144329897,158,22,2,202,0.26030927835051548,hypothetical; not empirically measured mine-specific costs
Gradient Boosting,0.35999999999999999,29,146,579,22,0.78350515463917525,0.1657142857142857,0.56862745098039214,0.25663716814159293,0.20137931034482759,175,0.22551546391752578,146,22,2,190,0.24484536082474226,hypothetical; not empirically measured mine-specific costs
Gradient Boosting,0.37,27,139,586,24,0.78994845360824739,0.16265060240963855,0.52941176470588236,0.24884792626728111,0.19172413793103449,166,0.21391752577319587,139,24,2,187,0.24097938144329897,hypothetical; not empirically measured mine-specific costs
Gradient Boosting,0.38,27,132,593,24,0.7989690721649485,0.16981132075471697,0.52941176470588236,0.25714285714285712,0.18206896551724139,159,0.20489690721649484,132,24,2,180,0.23195876288659795,hypothetical; not empirically measured mine-specific costs
Gradient Boosting,0.39000000000000001,27,126,599,24,0.80670103092783507,0.17647058823529413,0.52941176470588236,0.26470588235294118,0.17379310344827587,153,0.19716494845360824,126,24,2,174,0.22422680412371135,hypothetical; not empirically measured mine-specific costs
Gradient Boosting,0.40000000000000002,26,118,607,25,0.81572164948453607,0.18055555555555555,0.50980392156862742,0.26666666666666666,0.16275862068965516,144,0.18556701030927836,118,25,2,168,0.21649484536082475,hypothetical; not empirically measured mine-specific costs
Gradient Boosting,0.40999999999999998,24,113,612,27,0.81958762886597936,0.17518248175182483,0.47058823529411764,0.25531914893617019,0.15586206896551724,137,0.17654639175257733,113,27,2,167,0.21520618556701032,hypothetical; not empirically measured mine-specific costs
Gradient Boosting,0.41999999999999998,24,108,617,27,0.8260309278350515,0.18181818181818182,0.47058823529411764,0.26229508196721313,0.1489655172413793,132,0.17010309278350516,108,27,2,162,0.20876288659793815,hypothetical; not empirically measured mine-specific costs
Gradient Boosting,0.42999999999999999,24,106,619,27,0.82860824742268047,0.18461538461538463,0.47058823529411764,0.26519337016574585,0.14620689655172414,130,0.16752577319587628,106,27,2,160,0.20618556701030927,hypothetical; not empirically measured mine-specific costs
Gradient Boosting,0.44,22,104,621,29,0.82860824742268047,0.17460317460317459,0.43137254901960786,0.24858757062146894,0.14344827586206896,126,0.16237113402061856,104,29,2,162,0.20876288659793815,hypothetical; not empirically measured mine-specific costs
Gradient Boosting,0.45000000000000001,21,102,623,30,0.82989690721649489,0.17073170731707318,0.41176470588235292,0.2413793103448276,0.1406896551724138,123,0.15850515463917525,102,30,2,162,0.20876288659793815,hypothetical; not empirically measured mine-specific costs
Gradient Boosting,0.46000000000000002,21,99,626,30,0.83376288659793818,0.17499999999999999,0.41176470588235292,0.24561403508771928,0.13655172413793104,120,0.15463917525773196,99,30,2,159,0.20489690721649484,hypothetical; not empirically measured mine-specific costs
Gradient Boosting,0.46999999999999997,21,94,631,30,0.84020618556701032,0.18260869565217391,0.41176470588235292,0.25301204819277107,0.1296551724137931,115,0.14819587628865979,94,30,2,154,0.19845360824742267,hypothetical; not empirically measured mine-specific costs
Gradient Boosting,0.47999999999999998,21,87,638,30,0.84922680412371132,0.19444444444444445,0.41176470588235292,0.26415094339622641,0.12,108,0.13917525773195877,87,30,2,147,0.18943298969072164,hypothetical; not empirically measured mine-specific costs
Gradient Boosting,0.48999999999999999,21,84,641,30,0.85309278350515461,0.20000000000000001,0.41176470588235292,0.26923076923076922,0.11586206896551725,105,0.13530927835051546,84,30,2,144,0.18556701030927836,hypothetical; not empirically measured mine-specific costs
Gradient Boosting,0.5,21,83,642,30,0.85438144329896903,0.20192307692307693,0.41176470588235292,0.2709677419354839,0.11448275862068966,104,0.13402061855670103,83,30,2,143,0.18427835051546393,hypothetical; not empirically measured mine-specific costs
Gradient Boosting,0.51000000000000001,20,81,644,31,0.85567010309278346,0.19801980198019803,0.39215686274509803,0.26315789473684209,0.11172413793103449,101,0.13015463917525774,81,31,2,143,0.18427835051546393,hypothetical; not empirically measured mine-specific costs
Gradient Boosting,0.52000000000000002,20,74,651,31,0.86469072164948457,0.21276595744680851,0.39215686274509803,0.27586206896551724,0.10206896551724139,94,0.1211340206185567,74,31,2,136,0.17525773195876287,hypothetical; not empirically measured mine-specific costs
Gradient Boosting,0.53000000000000003,20,71,654,31,0.86855670103092786,0.21978021978021978,0.39215686274509803,0.28169014084507044,0.097931034482758625,91,0.1172680412371134,71,31,2,133,0.17139175257731959,hypothetical; not empirically measured mine-specific costs
Gradient Boosting,0.54000000000000004,19,68,657,32,0.87113402061855671,0.21839080459770116,0.37254901960784315,0.27536231884057971,0.093793103448275864,87,0.11211340206185567,68,32,2,132,0.17010309278350516,hypothetical; not empirically measured mine-specific costs
Gradient Boosting,0.55000000000000004,19,65,660,32,0.875,0.22619047619047619,0.37254901960784315,0.2814814814814815,0.089655172413793102,84,0.10824742268041238,65,32,2,129,0.16623711340206185,hypothetical; not empirically measured mine-specific costs
Gradient Boosting,0.56000000000000005,18,63,662,33,0.87628865979381443,0.22222222222222221,0.35294117647058826,0.27272727272727271,0.086896551724137933,81,0.10438144329896908,63,33,2,129,0.16623711340206185,hypothetical; not empirically measured mine-specific costs
Gradient Boosting,0.56999999999999995,18,60,665,33,0.88015463917525771,0.23076923076923078,0.35294117647058826,0.27906976744186046,0.082758620689655171,78,0.10051546391752578,60,33,2,126,0.16237113402061856,hypothetical; not empirically measured mine-specific costs
Gradient Boosting,0.57999999999999996,18,60,665,33,0.88015463917525771,0.23076923076923078,0.35294117647058826,0.27906976744186046,0.082758620689655171,78,0.10051546391752578,60,33,2,126,0.16237113402061856,hypothetical; not empirically measured mine-specific costs
Gradient Boosting,0.58999999999999997,18,56,669,33,0.88530927835051543,0.24324324324324326,0.35294117647058826,0.28799999999999998,0.077241379310344832,74,0.095360824742268036,56,33,2,122,0.15721649484536082,hypothetical; not empirically measured mine-specific costs
Gradient Boosting,0.59999999999999998,18,51,674,33,0.89175257731958768,0.2608695652173913,0.35294117647058826,0.29999999999999999,0.070344827586206901,69,0.08891752577319588,51,33,2,117,0.15077319587628865,hypothetical; not empirically measured mine-specific costs
Gradient Boosting,0.60999999999999999,17,50,675,34,0.89175257731958768,0.2537313432835821,0.33333333333333331,0.28813559322033899,0.068965517241379309,67,0.086340206185567009,50,34,2,118,0.15206185567010308,hypothetical; not empirically measured mine-specific costs
Gradient Boosting,0.62,17,48,677,34,0.89432989690721654,0.26153846153846155,0.33333333333333331,0.29310344827586204,0.06620689655172414,65,0.083762886597938138,48,34,2,116,0.14948453608247422,hypothetical; not empirically measured mine-specific costs
Gradient Boosting,0.63,17,47,678,34,0.89561855670103097,0.265625,0.33333333333333331,0.29565217391304349,0.064827586206896548,64,0.08247422680412371,47,34,2,115,0.14819587628865979,hypothetical; not empirically measured mine-specific costs
Gradient Boosting,0.64000000000000001,17,45,680,34,0.89819587628865982,0.27419354838709675,0.33333333333333331,0.30088495575221241,0.062068965517241378,62,0.079896907216494839,45,34,2,113,0.14561855670103094,hypothetical; not empirically measured mine-specific costs
Gradient Boosting,0.65000000000000002,16,44,681,35,0.89819587628865982,0.26666666666666666,0.31372549019607843,0.28828828828828829,0.060689655172413794,60,0.077319587628865982,44,35,2,114,0.14690721649484537,hypothetical; not empirically measured mine-specific costs
Gradient Boosting,0.66000000000000003,16,42,683,35,0.90077319587628868,0.27586206896551724,0.31372549019607843,0.29357798165137616,0.057931034482758624,58,0.074742268041237112,42,35,2,112,0.14432989690721648,hypothetical; not empirically measured mine-specific costs
Gradient Boosting,0.67000000000000004,15,40,685,36,0.90206185567010311,0.27272727272727271,0.29411764705882354,0.28301886792452829,0.055172413793103448,55,0.070876288659793812,40,36,2,112,0.14432989690721648,hypothetical; not empirically measured mine-specific costs
Gradient Boosting,0.68000000000000005,15,35,690,36,0.90850515463917525,0.29999999999999999,0.29411764705882354,0.29702970297029702,0.048275862068965517,50,0.064432989690721643,35,36,2,107,0.13788659793814434,hypothetical; not empirically measured mine-specific costs
Gradient Boosting,0.68999999999999995,15,34,691,36,0.90979381443298968,0.30612244897959184,0.29411764705882354,0.29999999999999999,0.046896551724137932,49,0.063144329896907214,34,36,2,106,0.13659793814432988,hypothetical; not empirically measured mine-specific costs
Gradient Boosting,0.69999999999999996,15,34,691,36,0.90979381443298968,0.30612244897959184,0.29411764705882354,0.29999999999999999,0.046896551724137932,49,0.063144329896907214,34,36,2,106,0.13659793814432988,hypothetical; not empirically measured mine-specific costs
Gradient Boosting,0.70999999999999996,15,31,694,36,0.91365979381443296,0.32608695652173914,0.29411764705882354,0.30927835051546393,0.04275862068965517,46,0.059278350515463915,31,36,2,103,0.1327319587628866,hypothetical; not empirically measured mine-specific costs
Gradient Boosting,0.71999999999999997,15,26,699,36,0.92010309278350511,0.36585365853658536,0.29411764705882354,0.32608695652173914,0.035862068965517239,41,0.052835051546391752,26,36,2,98,0.12628865979381443,hypothetical; not empirically measured mine-specific costs
Gradient Boosting,0.72999999999999998,15,25,700,36,0.92139175257731953,0.375,0.29411764705882354,0.32967032967032966,0.034482758620689655,40,0.051546391752577317,25,36,2,97,0.125,hypothetical; not empirically measured mine-specific costs
Gradient Boosting,0.73999999999999999,15,23,702,36,0.9239690721649485,0.39473684210526316,0.29411764705882354,0.33707865168539325,0.031724137931034485,38,0.048969072164948453,23,36,2,95,0.12242268041237113,hypothetical; not empirically measured mine-specific costs
Gradient Boosting,0.75,15,22,703,36,0.92525773195876293,0.40540540540540543,0.29411764705882354,0.34090909090909088,0.030344827586206897,37,0.047680412371134018,22,36,2,94,0.1211340206185567,hypothetical; not empirically measured mine-specific costs
Gradient Boosting,0.76000000000000001,12,19,706,39,0.92525773195876293,0.38709677419354838,0.23529411764705882,0.29268292682926828,0.026206896551724139,31,0.03994845360824742,19,39,2,97,0.125,hypothetical; not empirically measured mine-specific costs
Gradient Boosting,0.77000000000000002,12,16,709,39,0.92912371134020622,0.42857142857142855,0.23529411764705882,0.30379746835443039,0.022068965517241378,28,0.03608247422680412,16,39,2,94,0.1211340206185567,hypothetical; not empirically measured mine-specific costs
Gradient Boosting,0.78000000000000003,11,14,711,40,0.93041237113402064,0.44,0.21568627450980393,0.28947368421052633,0.019310344827586208,25,0.032216494845360821,14,40,2,94,0.1211340206185567,hypothetical; not empirically measured mine-specific costs
Gradient Boosting,0.79000000000000004,10,12,713,41,0.93170103092783507,0.45454545454545453,0.19607843137254902,0.27397260273972601,0.016551724137931035,22,0.028350515463917526,12,41,2,94,0.1211340206185567,hypothetical; not empirically measured mine-specific costs
Gradient Boosting,0.80000000000000004,8,10,715,43,0.93170103092783507,0.44444444444444442,0.15686274509803921,0.2318840579710145,0.013793103448275862,18,0.023195876288659795,10,43,2,96,0.12371134020618557,hypothetical; not empirically measured mine-specific costs
Gradient Boosting,0.81000000000000005,6,8,717,45,0.93170103092783507,0.42857142857142855,0.11764705882352941,0.18461538461538463,0.011034482758620689,14,0.01804123711340206,8,45,2,98,0.12628865979381443,hypothetical; not empirically measured mine-specific costs
Gradient Boosting,0.81999999999999995,6,5,720,45,0.93556701030927836,0.54545454545454541,0.11764705882352941,0.19354838709677419,0.0068965517241379309,11,0.014175257731958763,5,45,2,95,0.12242268041237113,hypothetical; not empirically measured mine-specific costs
Gradient Boosting,0.82999999999999996,5,5,720,46,0.93427835051546393,0.5,0.098039215686274508,0.16393442622950818,0.0068965517241379309,10,0.012886597938144329,5,46,2,97,0.125,hypothetical; not empirically measured mine-specific costs
Gradient Boosting,0.83999999999999997,5,4,721,46,0.93556701030927836,0.55555555555555558,0.098039215686274508,0.16666666666666666,0.0055172413793103444,9,0.011597938144329897,4,46,2,96,0.12371134020618557,hypothetical; not empirically measured mine-specific costs
Gradient Boosting,0.84999999999999998,3,3,722,48,0.93427835051546393,0.5,0.058823529411764705,0.10526315789473684,0.0041379310344827587,6,0.0077319587628865982,3,48,2,99,0.12757731958762886,hypothetical; not empirically measured mine-specific costs
Gradient Boosting,0.85999999999999999,2,3,722,49,0.9329896907216495,0.40000000000000002,0.039215686274509803,0.071428571428571425,0.0041379310344827587,5,0.0064432989690721646,3,49,2,101,0.13015463917525774,hypothetical; not empirically measured mine-specific costs
Gradient Boosting,0.87,2,2,723,49,0.93427835051546393,0.5,0.039215686274509803,0.072727272727272724,0.0027586206896551722,4,0.0051546391752577319,2,49,2,100,0.12886597938144329,hypothetical; not empirically measured mine-specific costs
Gradient Boosting,0.88,2,1,724,49,0.93556701030927836,0.66666666666666663,0.039215686274509803,0.07407407407407407,0.0013793103448275861,3,0.0038659793814432991,1,49,2,99,0.12757731958762886,hypothetical; not empirically measured mine-specific costs
Gradient Boosting,0.89000000000000001,1,1,724,50,0.93427835051546393,0.5,0.019607843137254902,0.037735849056603772,0.0013793103448275861,2,0.0025773195876288659,1,50,2,101,0.13015463917525774,hypothetical; not empirically measured mine-specific costs
Gradient Boosting,0.90000000000000002,0,0,725,51,0.93427835051546393,0,0,0,0,0,0,0,51,2,102,0.13144329896907217,hypothetical; not empirically measured mine-specific costs
Gradient Boosting,0.91000000000000003,0,0,725,51,0.93427835051546393,0,0,0,0,0,0,0,51,2,102,0.13144329896907217,hypothetical; not empirically measured mine-specific costs
Gradient Boosting,0.92000000000000004,0,0,725,51,0.93427835051546393,0,0,0,0,0,0,0,51,2,102,0.13144329896907217,hypothetical; not empirically measured mine-specific costs
Gradient Boosting,0.93000000000000005,0,0,725,51,0.93427835051546393,0,0,0,0,0,0,0,51,2,102,0.13144329896907217,hypothetical; not empirically measured mine-specific costs
Gradient Boosting,0.93999999999999995,0,0,725,51,0.93427835051546393,0,0,0,0,0,0,0,51,2,102,0.13144329896907217,hypothetical; not empirically measured mine-specific costs
Gradient Boosting,0.94999999999999996,0,0,725,51,0.93427835051546393,0,0,0,0,0,0,0,51,2,102,0.13144329896907217,hypothetical; not empirically measured mine-specific costs
Gradient Boosting,0.95999999999999996,0,0,725,51,0.93427835051546393,0,0,0,0,0,0,0,51,2,102,0.13144329896907217,hypothetical; not empirically measured mine-specific costs
Gradient Boosting,0.96999999999999997,0,0,725,51,0.93427835051546393,0,0,0,0,0,0,0,51,2,102,0.13144329896907217,hypothetical; not empirically measured mine-specific costs
Gradient Boosting,0.97999999999999998,0,0,725,51,0.93427835051546393,0,0,0,0,0,0,0,51,2,102,0.13144329896907217,hypothetical; not empirically measured mine-specific costs
Gradient Boosting,0.98999999999999999,0,0,725,51,0.93427835051546393,0,0,0,0,0,0,0,51,2,102,0.13144329896907217,hypothetical; not empirically measured mine-specific costs
SVM,0.01,51,725,0,0,0.065721649484536085,0.065721649484536085,1,0.12333736396614269,1,776,1,725,0,2,725,0.93427835051546393,hypothetical; not empirically measured mine-specific costs
SVM,0.02,51,724,1,0,0.067010309278350513,0.06580645161290323,1,0.12348668280871671,0.99862068965517237,775,0.99871134020618557,724,0,2,724,0.9329896907216495,hypothetical; not empirically measured mine-specific costs
SVM,0.029999999999999999,51,714,11,0,0.079896907216494839,0.066666666666666666,1,0.125,0.98482758620689659,765,0.98582474226804129,714,0,2,714,0.92010309278350511,hypothetical; not empirically measured mine-specific costs
SVM,0.040000000000000001,41,418,307,10,0.4484536082474227,0.089324618736383449,0.80392156862745101,0.16078431372549021,0.57655172413793099,459,0.59149484536082475,418,10,2,438,0.56443298969072164,hypothetical; not empirically measured mine-specific costs
SVM,0.050000000000000003,31,240,485,20,0.66494845360824739,0.11439114391143912,0.60784313725490191,0.19254658385093168,0.33103448275862069,271,0.34922680412371132,240,20,2,280,0.36082474226804123,hypothetical; not empirically measured mine-specific costs
SVM,0.059999999999999998,29,187,538,22,0.73067010309278346,0.13425925925925927,0.56862745098039214,0.21722846441947566,0.25793103448275861,216,0.27835051546391754,187,22,2,231,0.29768041237113402,hypothetical; not empirically measured mine-specific costs
SVM,0.070000000000000007,25,148,577,26,0.77577319587628868,0.14450867052023122,0.49019607843137253,0.22321428571428573,0.20413793103448277,173,0.22293814432989692,148,26,2,200,0.25773195876288657,hypothetical; not empirically measured mine-specific costs
SVM,0.080000000000000002,20,125,600,31,0.7989690721649485,0.13793103448275862,0.39215686274509803,0.20408163265306123,0.17241379310344829,145,0.18685567010309279,125,31,2,187,0.24097938144329897,hypothetical; not empirically measured mine-specific costs
SVM,0.089999999999999997,19,103,622,32,0.8260309278350515,0.15573770491803279,0.37254901960784315,0.21965317919075145,0.14206896551724138,122,0.15721649484536082,103,32,2,167,0.21520618556701032,hypothetical; not empirically measured mine-specific costs
SVM,0.10000000000000001,18,80,645,33,0.85438144329896903,0.18367346938775511,0.35294117647058826,0.24161073825503357,0.1103448275862069,98,0.12628865979381443,80,33,2,146,0.18814432989690721,hypothetical; not empirically measured mine-specific costs
SVM,0.11,17,73,652,34,0.86211340206185572,0.18888888888888888,0.33333333333333331,0.24113475177304963,0.10068965517241379,90,0.11597938144329897,73,34,2,141,0.18170103092783504,hypothetical; not empirically measured mine-specific costs
SVM,0.12,17,62,663,34,0.87628865979381443,0.21518987341772153,0.33333333333333331,0.26153846153846155,0.085517241379310341,79,0.10180412371134021,62,34,2,130,0.16752577319587628,hypothetical; not empirically measured mine-specific costs
SVM,0.13,16,58,667,35,0.88015463917525771,0.21621621621621623,0.31372549019607843,0.25600000000000001,0.080000000000000002,74,0.095360824742268036,58,35,2,128,0.16494845360824742,hypothetical; not empirically measured mine-specific costs
SVM,0.14000000000000001,16,53,672,35,0.88659793814432986,0.2318840579710145,0.31372549019607843,0.26666666666666666,0.073103448275862071,69,0.08891752577319588,53,35,2,123,0.15850515463917525,hypothetical; not empirically measured mine-specific costs
SVM,0.14999999999999999,15,45,680,36,0.89561855670103097,0.25,0.29411764705882354,0.27027027027027029,0.062068965517241378,60,0.077319587628865982,45,36,2,117,0.15077319587628865,hypothetical; not empirically measured mine-specific costs
SVM,0.16,12,38,687,39,0.90077319587628868,0.23999999999999999,0.23529411764705882,0.23762376237623761,0.052413793103448278,50,0.064432989690721643,38,39,2,116,0.14948453608247422,hypothetical; not empirically measured mine-specific costs
SVM,0.17000000000000001,10,33,692,41,0.90463917525773196,0.23255813953488372,0.19607843137254902,0.21276595744680851,0.045517241379310347,43,0.055412371134020616,33,41,2,115,0.14819587628865979,hypothetical; not empirically measured mine-specific costs
SVM,0.17999999999999999,10,26,699,41,0.91365979381443296,0.27777777777777779,0.19607843137254902,0.22988505747126436,0.035862068965517239,36,0.046391752577319589,26,41,2,108,0.13917525773195877,hypothetical; not empirically measured mine-specific costs
SVM,0.19,8,21,704,43,0.91752577319587625,0.27586206896551724,0.15686274509803921,0.20000000000000001,0.028965517241379312,29,0.037371134020618556,21,43,2,107,0.13788659793814434,hypothetical; not empirically measured mine-specific costs
SVM,0.20000000000000001,5,17,708,46,0.91881443298969068,0.22727272727272727,0.098039215686274508,0.13698630136986301,0.023448275862068966,22,0.028350515463917526,17,46,2,109,0.1404639175257732,hypothetical; not empirically measured mine-specific costs
SVM,0.20999999999999999,4,13,712,47,0.92268041237113407,0.23529411764705882,0.078431372549019607,0.11764705882352941,0.01793103448275862,17,0.021907216494845359,13,47,2,107,0.13788659793814434,hypothetical; not empirically measured mine-specific costs
SVM,0.22,4,11,714,47,0.92525773195876293,0.26666666666666666,0.078431372549019607,0.12121212121212122,0.015172413793103448,15,0.019329896907216496,11,47,2,105,0.13530927835051546,hypothetical; not empirically measured mine-specific costs
SVM,0.23000000000000001,3,6,719,48,0.93041237113402064,0.33333333333333331,0.058823529411764705,0.10000000000000001,0.0082758620689655175,9,0.011597938144329897,6,48,2,102,0.13144329896907217,hypothetical; not empirically measured mine-specific costs
SVM,0.23999999999999999,1,4,721,50,0.93041237113402064,0.20000000000000001,0.019607843137254902,0.035714285714285712,0.0055172413793103444,5,0.0064432989690721646,4,50,2,104,0.13402061855670103,hypothetical; not empirically measured mine-specific costs
SVM,0.25,1,3,722,50,0.93170103092783507,0.25,0.019607843137254902,0.036363636363636362,0.0041379310344827587,4,0.0051546391752577319,3,50,2,103,0.1327319587628866,hypothetical; not empirically measured mine-specific costs
SVM,0.26000000000000001,1,2,723,50,0.9329896907216495,0.33333333333333331,0.019607843137254902,0.037037037037037035,0.0027586206896551722,3,0.0038659793814432991,2,50,2,102,0.13144329896907217,hypothetical; not empirically measured mine-specific costs
SVM,0.27000000000000002,0,1,724,51,0.9329896907216495,0,0,0,0.0013793103448275861,1,0.001288659793814433,1,51,2,103,0.1327319587628866,hypothetical; not empirically measured mine-specific costs
SVM,0.28000000000000003,0,0,725,51,0.93427835051546393,0,0,0,0,0,0,0,51,2,102,0.13144329896907217,hypothetical; not empirically measured mine-specific costs
SVM,0.28999999999999998,0,0,725,51,0.93427835051546393,0,0,0,0,0,0,0,51,2,102,0.13144329896907217,hypothetical; not empirically measured mine-specific costs
SVM,0.29999999999999999,0,0,725,51,0.93427835051546393,0,0,0,0,0,0,0,51,2,102,0.13144329896907217,hypothetical; not empirically measured mine-specific costs
SVM,0.31,0,0,725,51,0.93427835051546393,0,0,0,0,0,0,0,51,2,102,0.13144329896907217,hypothetical; not empirically measured mine-specific costs
SVM,0.32000000000000001,0,0,725,51,0.93427835051546393,0,0,0,0,0,0,0,51,2,102,0.13144329896907217,hypothetical; not empirically measured mine-specific costs
SVM,0.33000000000000002,0,0,725,51,0.93427835051546393,0,0,0,0,0,0,0,51,2,102,0.13144329896907217,hypothetical; not empirically measured mine-specific costs
SVM,0.34000000000000002,0,0,725,51,0.93427835051546393,0,0,0,0,0,0,0,51,2,102,0.13144329896907217,hypothetical; not empirically measured mine-specific costs
SVM,0.34999999999999998,0,0,725,51,0.93427835051546393,0,0,0,0,0,0,0,51,2,102,0.13144329896907217,hypothetical; not empirically measured mine-specific costs
SVM,0.35999999999999999,0,0,725,51,0.93427835051546393,0,0,0,0,0,0,0,51,2,102,0.13144329896907217,hypothetical; not empirically measured mine-specific costs
SVM,0.37,0,0,725,51,0.93427835051546393,0,0,0,0,0,0,0,51,2,102,0.13144329896907217,hypothetical; not empirically measured mine-specific costs
SVM,0.38,0,0,725,51,0.93427835051546393,0,0,0,0,0,0,0,51,2,102,0.13144329896907217,hypothetical; not empirically measured mine-specific costs
SVM,0.39000000000000001,0,0,725,51,0.93427835051546393,0,0,0,0,0,0,0,51,2,102,0.13144329896907217,hypothetical; not empirically measured mine-specific costs
SVM,0.40000000000000002,0,0,725,51,0.93427835051546393,0,0,0,0,0,0,0,51,2,102,0.13144329896907217,hypothetical; not empirically measured mine-specific costs
SVM,0.40999999999999998,0,0,725,51,0.93427835051546393,0,0,0,0,0,0,0,51,2,102,0.13144329896907217,hypothetical; not empirically measured mine-specific costs
SVM,0.41999999999999998,0,0,725,51,0.93427835051546393,0,0,0,0,0,0,0,51,2,102,0.13144329896907217,hypothetical; not empirically measured mine-specific costs
SVM,0.42999999999999999,0,0,725,51,0.93427835051546393,0,0,0,0,0,0,0,51,2,102,0.13144329896907217,hypothetical; not empirically measured mine-specific costs
SVM,0.44,0,0,725,51,0.93427835051546393,0,0,0,0,0,0,0,51,2,102,0.13144329896907217,hypothetical; not empirically measured mine-specific costs
SVM,0.45000000000000001,0,0,725,51,0.93427835051546393,0,0,0,0,0,0,0,51,2,102,0.13144329896907217,hypothetical; not empirically measured mine-specific costs
SVM,0.46000000000000002,0,0,725,51,0.93427835051546393,0,0,0,0,0,0,0,51,2,102,0.13144329896907217,hypothetical; not empirically measured mine-specific costs
SVM,0.46999999999999997,0,0,725,51,0.93427835051546393,0,0,0,0,0,0,0,51,2,102,0.13144329896907217,hypothetical; not empirically measured mine-specific costs
SVM,0.47999999999999998,0,0,725,51,0.93427835051546393,0,0,0,0,0,0,0,51,2,102,0.13144329896907217,hypothetical; not empirically measured mine-specific costs
SVM,0.48999999999999999,0,0,725,51,0.93427835051546393,0,0,0,0,0,0,0,51,2,102,0.13144329896907217,hypothetical; not empirically measured mine-specific costs
SVM,0.5,0,0,725,51,0.93427835051546393,0,0,0,0,0,0,0,51,2,102,0.13144329896907217,hypothetical; not empirically measured mine-specific costs
SVM,0.51000000000000001,0,0,725,51,0.93427835051546393,0,0,0,0,0,0,0,51,2,102,0.13144329896907217,hypothetical; not empirically measured mine-specific costs
SVM,0.52000000000000002,0,0,725,51,0.93427835051546393,0,0,0,0,0,0,0,51,2,102,0.13144329896907217,hypothetical; not empirically measured mine-specific costs
SVM,0.53000000000000003,0,0,725,51,0.93427835051546393,0,0,0,0,0,0,0,51,2,102,0.13144329896907217,hypothetical; not empirically measured mine-specific costs
SVM,0.54000000000000004,0,0,725,51,0.93427835051546393,0,0,0,0,0,0,0,51,2,102,0.13144329896907217,hypothetical; not empirically measured mine-specific costs
SVM,0.55000000000000004,0,0,725,51,0.93427835051546393,0,0,0,0,0,0,0,51,2,102,0.13144329896907217,hypothetical; not empirically measured mine-specific costs
SVM,0.56000000000000005,0,0,725,51,0.93427835051546393,0,0,0,0,0,0,0,51,2,102,0.13144329896907217,hypothetical; not empirically measured mine-specific costs
SVM,0.56999999999999995,0,0,725,51,0.93427835051546393,0,0,0,0,0,0,0,51,2,102,0.13144329896907217,hypothetical; not empirically measured mine-specific costs
SVM,0.57999999999999996,0,0,725,51,0.93427835051546393,0,0,0,0,0,0,0,51,2,102,0.13144329896907217,hypothetical; not empirically measured mine-specific costs
SVM,0.58999999999999997,0,0,725,51,0.93427835051546393,0,0,0,0,0,0,0,51,2,102,0.13144329896907217,hypothetical; not empirically measured mine-specific costs
SVM,0.59999999999999998,0,0,725,51,0.93427835051546393,0,0,0,0,0,0,0,51,2,102,0.13144329896907217,hypothetical; not empirically measured mine-specific costs
SVM,0.60999999999999999,0,0,725,51,0.93427835051546393,0,0,0,0,0,0,0,51,2,102,0.13144329896907217,hypothetical; not empirically measured mine-specific costs
SVM,0.62,0,0,725,51,0.93427835051546393,0,0,0,0,0,0,0,51,2,102,0.13144329896907217,hypothetical; not empirically measured mine-specific costs
SVM,0.63,0,0,725,51,0.93427835051546393,0,0,0,0,0,0,0,51,2,102,0.13144329896907217,hypothetical; not empirically measured mine-specific costs
SVM,0.64000000000000001,0,0,725,51,0.93427835051546393,0,0,0,0,0,0,0,51,2,102,0.13144329896907217,hypothetical; not empirically measured mine-specific costs
SVM,0.65000000000000002,0,0,725,51,0.93427835051546393,0,0,0,0,0,0,0,51,2,102,0.13144329896907217,hypothetical; not empirically measured mine-specific costs
SVM,0.66000000000000003,0,0,725,51,0.93427835051546393,0,0,0,0,0,0,0,51,2,102,0.13144329896907217,hypothetical; not empirically measured mine-specific costs
SVM,0.67000000000000004,0,0,725,51,0.93427835051546393,0,0,0,0,0,0,0,51,2,102,0.13144329896907217,hypothetical; not empirically measured mine-specific costs
SVM,0.68000000000000005,0,0,725,51,0.93427835051546393,0,0,0,0,0,0,0,51,2,102,0.13144329896907217,hypothetical; not empirically measured mine-specific costs
SVM,0.68999999999999995,0,0,725,51,0.93427835051546393,0,0,0,0,0,0,0,51,2,102,0.13144329896907217,hypothetical; not empirically measured mine-specific costs
SVM,0.69999999999999996,0,0,725,51,0.93427835051546393,0,0,0,0,0,0,0,51,2,102,0.13144329896907217,hypothetical; not empirically measured mine-specific costs
SVM,0.70999999999999996,0,0,725,51,0.93427835051546393,0,0,0,0,0,0,0,51,2,102,0.13144329896907217,hypothetical; not empirically measured mine-specific costs
SVM,0.71999999999999997,0,0,725,51,0.93427835051546393,0,0,0,0,0,0,0,51,2,102,0.13144329896907217,hypothetical; not empirically measured mine-specific costs
SVM,0.72999999999999998,0,0,725,51,0.93427835051546393,0,0,0,0,0,0,0,51,2,102,0.13144329896907217,hypothetical; not empirically measured mine-specific costs
SVM,0.73999999999999999,0,0,725,51,0.93427835051546393,0,0,0,0,0,0,0,51,2,102,0.13144329896907217,hypothetical; not empirically measured mine-specific costs
SVM,0.75,0,0,725,51,0.93427835051546393,0,0,0,0,0,0,0,51,2,102,0.13144329896907217,hypothetical; not empirically measured mine-specific costs
SVM,0.76000000000000001,0,0,725,51,0.93427835051546393,0,0,0,0,0,0,0,51,2,102,0.13144329896907217,hypothetical; not empirically measured mine-specific costs
SVM,0.77000000000000002,0,0,725,51,0.93427835051546393,0,0,0,0,0,0,0,51,2,102,0.13144329896907217,hypothetical; not empirically measured mine-specific costs
SVM,0.78000000000000003,0,0,725,51,0.93427835051546393,0,0,0,0,0,0,0,51,2,102,0.13144329896907217,hypothetical; not empirically measured mine-specific costs
SVM,0.79000000000000004,0,0,725,51,0.93427835051546393,0,0,0,0,0,0,0,51,2,102,0.13144329896907217,hypothetical; not empirically measured mine-specific costs
SVM,0.80000000000000004,0,0,725,51,0.93427835051546393,0,0,0,0,0,0,0,51,2,102,0.13144329896907217,hypothetical; not empirically measured mine-specific costs
SVM,0.81000000000000005,0,0,725,51,0.93427835051546393,0,0,0,0,0,0,0,51,2,102,0.13144329896907217,hypothetical; not empirically measured mine-specific costs
SVM,0.81999999999999995,0,0,725,51,0.93427835051546393,0,0,0,0,0,0,0,51,2,102,0.13144329896907217,hypothetical; not empirically measured mine-specific costs
SVM,0.82999999999999996,0,0,725,51,0.93427835051546393,0,0,0,0,0,0,0,51,2,102,0.13144329896907217,hypothetical; not empirically measured mine-specific costs
SVM,0.83999999999999997,0,0,725,51,0.93427835051546393,0,0,0,0,0,0,0,51,2,102,0.13144329896907217,hypothetical; not empirically measured mine-specific costs
SVM,0.84999999999999998,0,0,725,51,0.93427835051546393,0,0,0,0,0,0,0,51,2,102,0.13144329896907217,hypothetical; not empirically measured mine-specific costs
SVM,0.85999999999999999,0,0,725,51,0.93427835051546393,0,0,0,0,0,0,0,51,2,102,0.13144329896907217,hypothetical; not empirically measured mine-specific costs
SVM,0.87,0,0,725,51,0.93427835051546393,0,0,0,0,0,0,0,51,2,102,0.13144329896907217,hypothetical; not empirically measured mine-specific costs
SVM,0.88,0,0,725,51,0.93427835051546393,0,0,0,0,0,0,0,51,2,102,0.13144329896907217,hypothetical; not empirically measured mine-specific costs
SVM,0.89000000000000001,0,0,725,51,0.93427835051546393,0,0,0,0,0,0,0,51,2,102,0.13144329896907217,hypothetical; not empirically measured mine-specific costs
SVM,0.90000000000000002,0,0,725,51,0.93427835051546393,0,0,0,0,0,0,0,51,2,102,0.13144329896907217,hypothetical; not empirically measured mine-specific costs
SVM,0.91000000000000003,0,0,725,51,0.93427835051546393,0,0,0,0,0,0,0,51,2,102,0.13144329896907217,hypothetical; not empirically measured mine-specific costs
SVM,0.92000000000000004,0,0,725,51,0.93427835051546393,0,0,0,0,0,0,0,51,2,102,0.13144329896907217,hypothetical; not empirically measured mine-specific costs
SVM,0.93000000000000005,0,0,725,51,0.93427835051546393,0,0,0,0,0,0,0,51,2,102,0.13144329896907217,hypothetical; not empirically measured mine-specific costs
SVM,0.93999999999999995,0,0,725,51,0.93427835051546393,0,0,0,0,0,0,0,51,2,102,0.13144329896907217,hypothetical; not empirically measured mine-specific costs
SVM,0.94999999999999996,0,0,725,51,0.93427835051546393,0,0,0,0,0,0,0,51,2,102,0.13144329896907217,hypothetical; not empirically measured mine-specific costs
SVM,0.95999999999999996,0,0,725,51,0.93427835051546393,0,0,0,0,0,0,0,51,2,102,0.13144329896907217,hypothetical; not empirically measured mine-specific costs
SVM,0.96999999999999997,0,0,725,51,0.93427835051546393,0,0,0,0,0,0,0,51,2,102,0.13144329896907217,hypothetical; not empirically measured mine-specific costs
SVM,0.97999999999999998,0,0,725,51,0.93427835051546393,0,0,0,0,0,0,0,51,2,102,0.13144329896907217,hypothetical; not empirically measured mine-specific costs
SVM,0.98999999999999999,0,0,725,51,0.93427835051546393,0,0,0,0,0,0,0,51,2,102,0.13144329896907217,hypothetical; not empirically measured mine-specific costs
Logistic Regression,0.01,51,725,0,0,0.065721649484536085,0.065721649484536085,1,0.12333736396614269,1,776,1,725,0,5,725,0.93427835051546393,hypothetical; not empirically measured mine-specific costs
Logistic Regression,0.02,51,725,0,0,0.065721649484536085,0.065721649484536085,1,0.12333736396614269,1,776,1,725,0,5,725,0.93427835051546393,hypothetical; not empirically measured mine-specific costs
Logistic Regression,0.029999999999999999,51,725,0,0,0.065721649484536085,0.065721649484536085,1,0.12333736396614269,1,776,1,725,0,5,725,0.93427835051546393,hypothetical; not empirically measured mine-specific costs
Logistic Regression,0.040000000000000001,51,725,0,0,0.065721649484536085,0.065721649484536085,1,0.12333736396614269,1,776,1,725,0,5,725,0.93427835051546393,hypothetical; not empirically measured mine-specific costs
Logistic Regression,0.050000000000000003,51,725,0,0,0.065721649484536085,0.065721649484536085,1,0.12333736396614269,1,776,1,725,0,5,725,0.93427835051546393,hypothetical; not empirically measured mine-specific costs
Logistic Regression,0.059999999999999998,51,724,1,0,0.067010309278350513,0.06580645161290323,1,0.12348668280871671,0.99862068965517237,775,0.99871134020618557,724,0,5,724,0.9329896907216495,hypothetical; not empirically measured mine-specific costs
Logistic Regression,0.070000000000000007,51,724,1,0,0.067010309278350513,0.06580645161290323,1,0.12348668280871671,0.99862068965517237,775,0.99871134020618557,724,0,5,724,0.9329896907216495,hypothetical; not empirically measured mine-specific costs
Logistic Regression,0.080000000000000002,51,723,2,0,0.068298969072164942,0.06589147286821706,1,0.12363636363636364,0.99724137931034484,774,0.99742268041237114,723,0,5,723,0.93170103092783507,hypothetical; not empirically measured mine-specific costs
Logistic Regression,0.089999999999999997,51,723,2,0,0.068298969072164942,0.06589147286821706,1,0.12363636363636364,0.99724137931034484,774,0.99742268041237114,723,0,5,723,0.93170103092783507,hypothetical; not empirically measured mine-specific costs
Logistic Regression,0.10000000000000001,51,721,4,0,0.070876288659793812,0.066062176165803108,1,0.12393681652490887,0.99448275862068969,772,0.99484536082474229,721,0,5,721,0.92912371134020622,hypothetical; not empirically measured mine-specific costs
Logistic Regression,0.11,51,718,7,0,0.074742268041237112,0.066319895968790635,1,0.12439024390243902,0.9903448275862069,769,0.990979381443299,718,0,5,718,0.92525773195876293,hypothetical; not empirically measured mine-specific costs
Logistic Regression,0.12,51,717,8,0,0.07603092783505154,0.06640625,1,0.12454212454212454,0.98896551724137927,768,0.98969072164948457,717,0,5,717,0.9239690721649485,hypothetical; not empirically measured mine-specific costs
Logistic Regression,0.13,51,716,9,0,0.077319587628865982,0.066492829204693613,1,0.12469437652811736,0.98758620689655174,767,0.98840206185567014,716,0,5,716,0.92268041237113407,hypothetical; not empirically measured mine-specific costs
Logistic Regression,0.14000000000000001,51,716,9,0,0.077319587628865982,0.066492829204693613,1,0.12469437652811736,0.98758620689655174,767,0.98840206185567014,716,0,5,716,0.92268041237113407,hypothetical; not empirically measured mine-specific costs
Logistic Regression,0.14999999999999999,51,715,10,0,0.078608247422680411,0.066579634464751958,1,0.12484700122399021,0.98620689655172411,766,0.98711340206185572,715,0,5,715,0.92139175257731953,hypothetical; not empirically measured mine-specific costs
Logistic Regression,0.16,51,714,11,0,0.079896907216494839,0.066666666666666666,1,0.125,0.98482758620689659,765,0.98582474226804129,714,0,5,714,0.92010309278350511,hypothetical; not empirically measured mine-specific costs
Logistic Regression,0.17000000000000001,51,706,19,0,0.090206185567010308,0.067371202113606338,1,0.12623762376237624,0.97379310344827585,757,0.97551546391752575,706,0,5,706,0.90979381443298968,hypothetical; not empirically measured mine-specific costs
Logistic Regression,0.17999999999999999,51,671,54,0,0.13530927835051546,0.070637119113573413,1,0.13195342820181113,0.92551724137931035,722,0.93041237113402064,671,0,5,671,0.86469072164948457,hypothetical; not empirically measured mine-specific costs
Logistic Regression,0.19,51,628,97,0,0.19072164948453607,0.07511045655375552,1,0.13972602739726028,0.86620689655172411,679,0.875,628,0,5,628,0.80927835051546393,hypothetical; not empirically measured mine-specific costs
Logistic Regression,0.20000000000000001,51,592,133,0,0.23711340206185566,0.079315707620528766,1,0.14697406340057637,0.81655172413793109,643,0.82860824742268047,592,0,5,592,0.76288659793814428,hypothetical; not empirically measured mine-specific costs
Logistic Regression,0.20999999999999999,51,567,158,0,0.26932989690721648,0.082524271844660199,1,0.15246636771300448,0.78206896551724137,618,0.79639175257731953,567,0,5,567,0.73067010309278346,hypothetical; not empirically measured mine-specific costs
Logistic Regression,0.22,51,558,167,0,0.28092783505154639,0.083743842364532015,1,0.15454545454545454,0.76965517241379311,609,0.78479381443298968,558,0,5,558,0.71907216494845361,hypothetical; not empirically measured mine-specific costs
Logistic Regression,0.23000000000000001,51,543,182,0,0.30025773195876287,0.085858585858585856,1,0.15813953488372093,0.74896551724137927,594,0.76546391752577314,543,0,5,543,0.69974226804123707,hypothetical; not empirically measured mine-specific costs
Logistic Regression,0.23999999999999999,51,527,198,0,0.32087628865979384,0.088235294117647065,1,0.16216216216216217,0.72689655172413792,578,0.74484536082474229,527,0,5,527,0.67912371134020622,hypothetical; not empirically measured mine-specific costs
Logistic Regression,0.25,49,501,224,2,0.35180412371134023,0.089090909090909096,0.96078431372549022,0.16306156405990016,0.69103448275862067,550,0.70876288659793818,501,2,5,511,0.65850515463917525,hypothetical; not empirically measured mine-specific costs
Logistic Regression,0.26000000000000001,49,484,241,2,0.37371134020618557,0.09193245778611632,0.96078431372549022,0.1678082191780822,0.66758620689655168,533,0.68685567010309279,484,2,5,494,0.63659793814432986,hypothetical; not empirically measured mine-specific costs
Logistic Regression,0.27000000000000002,49,467,258,2,0.39561855670103091,0.094961240310077522,0.96078431372549022,0.1728395061728395,0.6441379310344828,516,0.66494845360824739,467,2,5,477,0.61469072164948457,hypothetical; not empirically measured mine-specific costs
Logistic Regression,0.28000000000000003,47,445,280,4,0.42139175257731959,0.095528455284552852,0.92156862745098034,0.17311233885819521,0.61379310344827587,492,0.634020618556701,445,4,5,465,0.59922680412371132,hypothetical; not empirically measured mine-specific costs
Logistic Regression,0.28999999999999998,46,414,311,5,0.46005154639175255,0.10000000000000001,0.90196078431372551,0.18003913894324852,0.57103448275862068,460,0.59278350515463918,414,5,5,439,0.56572164948453607,hypothetical; not empirically measured mine-specific costs
Logistic Regression,0.29999999999999999,45,394,331,6,0.4845360824742268,0.10250569476082004,0.88235294117647056,0.18367346938775511,0.54344827586206901,439,0.56572164948453607,394,6,5,424,0.54639175257731953,hypothetical; not empirically measured mine-specific costs
Logistic Regression,0.31,44,367,358,7,0.51804123711340211,0.1070559610705596,0.86274509803921573,0.19047619047619047,0.50620689655172413,411,0.52963917525773196,367,7,5,402,0.51804123711340211,hypothetical; not empirically measured mine-specific costs
Logistic Regression,0.32000000000000001,41,347,378,10,0.53994845360824739,0.1056701030927835,0.80392156862745101,0.18678815489749431,0.4786206896551724,388,0.5,347,10,5,397,0.51159793814432986,hypothetical; not empirically measured mine-specific costs
Logistic Regression,0.33000000000000002,40,328,397,11,0.56314432989690721,0.10869565217391304,0.78431372549019607,0.1909307875894988,0.45241379310344826,368,0.47422680412371132,328,11,5,383,0.49355670103092786,hypothetical; not empirically measured mine-specific costs
Logistic Regression,0.34000000000000002,39,312,413,12,0.58247422680412375,0.1111111111111111,0.76470588235294112,0.19402985074626866,0.4303448275862069,351,0.45231958762886598,312,12,5,372,0.47938144329896909,hypothetical; not empirically measured mine-specific costs
Logistic Regression,0.34999999999999998,38,296,429,13,0.60180412371134018,0.11377245508982035,0.74509803921568629,0.19740259740259741,0.40827586206896554,334,0.43041237113402064,296,13,5,361,0.46520618556701032,hypothetical; not empirically measured mine-specific costs
Logistic Regression,0.35999999999999999,37,280,445,14,0.62113402061855671,0.1167192429022082,0.72549019607843135,0.20108695652173914,0.38620689655172413,317,0.40850515463917525,280,14,5,350,0.45103092783505155,hypothetical; not empirically measured mine-specific costs
Logistic Regression,0.37,37,262,463,14,0.64432989690721654,0.12374581939799331,0.72549019607843135,0.21142857142857144,0.36137931034482756,299,0.38530927835051548,262,14,5,332,0.42783505154639173,hypothetical; not empirically measured mine-specific costs
Logistic Regression,0.38,36,243,482,15,0.66752577319587625,0.12903225806451613,0.70588235294117652,0.21818181818181817,0.33517241379310347,279,0.3595360824742268,243,15,5,318,0.40979381443298968,hypothetical; not empirically measured mine-specific costs
Logistic Regression,0.39000000000000001,36,232,493,15,0.68170103092783507,0.13432835820895522,0.70588235294117652,0.22570532915360503,0.32000000000000001,268,0.34536082474226804,232,15,5,307,0.39561855670103091,hypothetical; not empirically measured mine-specific costs
Logistic Regression,0.40000000000000002,35,219,506,16,0.69716494845360821,0.13779527559055119,0.68627450980392157,0.22950819672131148,0.30206896551724138,254,0.32731958762886598,219,16,5,299,0.38530927835051548,hypothetical; not empirically measured mine-specific costs
Logistic Regression,0.40999999999999998,33,208,517,18,0.70876288659793818,0.13692946058091288,0.6470588235294118,0.22602739726027396,0.28689655172413792,241,0.31056701030927836,208,18,5,298,0.38402061855670105,hypothetical; not empirically measured mine-specific costs
Logistic Regression,0.41999999999999998,33,200,525,18,0.71907216494845361,0.14163090128755365,0.6470588235294118,0.23239436619718309,0.27586206896551724,233,0.30025773195876287,200,18,5,290,0.37371134020618557,hypothetical; not empirically measured mine-specific costs
Logistic Regression,0.42999999999999999,33,186,539,18,0.73711340206185572,0.15068493150684931,0.6470588235294118,0.24444444444444444,0.25655172413793104,219,0.28221649484536082,186,18,5,276,0.35567010309278352,hypothetical; not empirically measured mine-specific costs
Logistic Regression,0.44,33,182,543,18,0.74226804123711343,0.15348837209302327,0.6470588235294118,0.24812030075187969,0.25103448275862067,215,0.27706185567010311,182,18,5,272,0.35051546391752575,hypothetical; not empirically measured mine-specific costs
Logistic Regression,0.45000000000000001,33,173,552,18,0.75386597938144329,0.16019417475728157,0.6470588235294118,0.25680933852140075,0.23862068965517241,206,0.2654639175257732,173,18,5,263,0.33891752577319589,hypothetical; not empirically measured mine-specific costs
Logistic Regression,0.46000000000000002,33,165,560,18,0.76417525773195871,0.16666666666666666,0.6470588235294118,0.26506024096385544,0.22758620689655173,198,0.25515463917525771,165,18,5,255,0.32860824742268041,hypothetical; not empirically measured mine-specific costs
Logistic Regression,0.46999999999999997,33,158,567,18,0.77319587628865982,0.17277486910994763,0.6470588235294118,0.27272727272727271,0.21793103448275863,191,0.24613402061855671,158,18,5,248,0.31958762886597936,hypothetical; not empirically measured mine-specific costs
Logistic Regression,0.47999999999999998,32,152,573,19,0.77963917525773196,0.17391304347826086,0.62745098039215685,0.2723404255319149,0.20965517241379311,184,0.23711340206185566,152,19,5,247,0.31829896907216493,hypothetical; not empirically measured mine-specific costs
Logistic Regression,0.48999999999999999,32,142,583,19,0.79252577319587625,0.18390804597701149,0.62745098039215685,0.28444444444444444,0.19586206896551725,174,0.22422680412371135,142,19,5,237,0.30541237113402064,hypothetical; not empirically measured mine-specific costs
Logistic Regression,0.5,32,134,591,19,0.80283505154639179,0.19277108433734941,0.62745098039215685,0.29493087557603687,0.18482758620689654,166,0.21391752577319587,134,19,5,229,0.29510309278350516,hypothetical; not empirically measured mine-specific costs
Logistic Regression,0.51000000000000001,32,127,598,19,0.81185567010309279,0.20125786163522014,0.62745098039215685,0.30476190476190479,0.17517241379310344,159,0.20489690721649484,127,19,5,222,0.28608247422680411,hypothetical; not empirically measured mine-specific costs
Logistic Regression,0.52000000000000002,32,120,605,19,0.82087628865979378,0.21052631578947367,0.62745098039215685,0.31527093596059114,0.16551724137931034,152,0.19587628865979381,120,19,5,215,0.27706185567010311,hypothetical; not empirically measured mine-specific costs
Logistic Regression,0.53000000000000003,32,115,610,19,0.82731958762886593,0.21768707482993196,0.62745098039215685,0.32323232323232326,0.15862068965517243,147,0.18943298969072164,115,19,5,210,0.27061855670103091,hypothetical; not empirically measured mine-specific costs
Logistic Regression,0.54000000000000004,32,107,618,19,0.83762886597938147,0.23021582733812951,0.62745098039215685,0.33684210526315789,0.14758620689655172,139,0.17912371134020619,107,19,5,202,0.26030927835051548,hypothetical; not empirically measured mine-specific costs
Logistic Regression,0.55000000000000004,32,102,623,19,0.84407216494845361,0.23880597014925373,0.62745098039215685,0.34594594594594597,0.1406896551724138,134,0.17268041237113402,102,19,5,197,0.25386597938144329,hypothetical; not empirically measured mine-specific costs
Logistic Regression,0.56000000000000005,30,100,625,21,0.84407216494845361,0.23076923076923078,0.58823529411764708,0.33149171270718231,0.13793103448275862,130,0.16752577319587628,100,21,5,205,0.26417525773195877,hypothetical; not empirically measured mine-specific costs
Logistic Regression,0.56999999999999995,30,96,629,21,0.84922680412371132,0.23809523809523808,0.58823529411764708,0.33898305084745761,0.13241379310344828,126,0.16237113402061856,96,21,5,201,0.25902061855670105,hypothetical; not empirically measured mine-specific costs
Logistic Regression,0.57999999999999996,29,94,631,22,0.85051546391752575,0.23577235772357724,0.56862745098039214,0.33333333333333331,0.1296551724137931,123,0.15850515463917525,94,22,5,204,0.26288659793814434,hypothetical; not empirically measured mine-specific costs
Logistic Regression,0.58999999999999997,29,92,633,22,0.85309278350515461,0.23966942148760331,0.56862745098039214,0.33720930232558138,0.12689655172413794,121,0.15592783505154639,92,22,5,202,0.26030927835051548,hypothetical; not empirically measured mine-specific costs
Logistic Regression,0.59999999999999998,27,87,638,24,0.85695876288659789,0.23684210526315788,0.52941176470588236,0.32727272727272727,0.12,114,0.14690721649484537,87,24,5,207,0.26675257731958762,hypothetical; not empirically measured mine-specific costs
Logistic Regression,0.60999999999999999,26,87,638,25,0.85567010309278346,0.23008849557522124,0.50980392156862742,0.31707317073170732,0.12,113,0.14561855670103094,87,25,5,212,0.27319587628865977,hypothetical; not empirically measured mine-specific costs
Logistic Regression,0.62,26,83,642,25,0.86082474226804129,0.23853211009174313,0.50980392156862742,0.32500000000000001,0.11448275862068966,109,0.1404639175257732,83,25,5,208,0.26804123711340205,hypothetical; not empirically measured mine-specific costs
Logistic Regression,0.63,24,79,646,27,0.86340206185567014,0.23300970873786409,0.47058823529411764,0.31168831168831168,0.10896551724137932,103,0.1327319587628866,79,27,5,214,0.27577319587628868,hypothetical; not empirically measured mine-specific costs
Logistic Regression,0.64000000000000001,24,74,651,27,0.86984536082474229,0.24489795918367346,0.47058823529411764,0.32214765100671139,0.10206896551724139,98,0.12628865979381443,74,27,5,209,0.26932989690721648,hypothetical; not empirically measured mine-specific costs
Logistic Regression,0.65000000000000002,22,70,655,29,0.87242268041237114,0.2391304347826087,0.43137254901960786,0.30769230769230771,0.096551724137931033,92,0.11855670103092783,70,29,5,215,0.27706185567010311,hypothetical; not empirically measured mine-specific costs
Logistic Regression,0.66000000000000003,22,67,658,29,0.87628865979381443,0.24719101123595505,0.43137254901960786,0.31428571428571428,0.092413793103448272,89,0.11469072164948453,67,29,5,212,0.27319587628865977,hypothetical; not empirically measured mine-specific costs
Logistic Regression,0.67000000000000004,22,66,659,29,0.87757731958762886,0.25,0.43137254901960786,0.31654676258992803,0.091034482758620694,88,0.1134020618556701,66,29,5,211,0.27190721649484534,hypothetical; not empirically measured mine-specific costs
Logistic Regression,0.68000000000000005,21,63,662,30,0.88015463917525771,0.25,0.41176470588235292,0.31111111111111112,0.086896551724137933,84,0.10824742268041238,63,30,5,213,0.27448453608247425,hypothetical; not empirically measured mine-specific costs
Logistic Regression,0.68999999999999995,20,63,662,31,0.87886597938144329,0.24096385542168675,0.39215686274509803,0.29850746268656714,0.086896551724137933,83,0.10695876288659793,63,31,5,218,0.28092783505154639,hypothetical; not empirically measured mine-specific costs
Logistic Regression,0.69999999999999996,20,59,666,31,0.884020618556701,0.25316455696202533,0.39215686274509803,0.30769230769230771,0.08137931034482758,79,0.10180412371134021,59,31,5,214,0.27577319587628868,hypothetical; not empirically measured mine-specific costs
Logistic Regression,0.70999999999999996,20,54,671,31,0.89046391752577314,0.27027027027027029,0.39215686274509803,0.32000000000000001,0.074482758620689649,74,0.095360824742268036,54,31,5,209,0.26932989690721648,hypothetical; not empirically measured mine-specific costs
Logistic Regression,0.71999999999999997,19,53,672,32,0.89046391752577314,0.2638888888888889,0.37254901960784315,0.30894308943089432,0.073103448275862071,72,0.092783505154639179,53,32,5,213,0.27448453608247425,hypothetical; not empirically measured mine-specific costs
Logistic Regression,0.72999999999999998,19,50,675,32,0.89432989690721654,0.27536231884057971,0.37254901960784315,0.31666666666666665,0.068965517241379309,69,0.08891752577319588,50,32,5,210,0.27061855670103091,hypothetical; not empirically measured mine-specific costs
Logistic Regression,0.73999999999999999,18,47,678,33,0.89690721649484539,0.27692307692307694,0.35294117647058826,0.31034482758620691,0.064827586206896548,65,0.083762886597938138,47,33,5,212,0.27319587628865977,hypothetical; not empirically measured mine-specific costs
Logistic Regression,0.75,17,47,678,34,0.89561855670103097,0.265625,0.33333333333333331,0.29565217391304349,0.064827586206896548,64,0.08247422680412371,47,34,5,217,0.27963917525773196,hypothetical; not empirically measured mine-specific costs
Logistic Regression,0.76000000000000001,16,45,680,35,0.89690721649484539,0.26229508196721313,0.31372549019607843,0.2857142857142857,0.062068965517241378,61,0.078608247422680411,45,35,5,220,0.28350515463917525,hypothetical; not empirically measured mine-specific costs
Logistic Regression,0.77000000000000002,16,40,685,35,0.90335051546391754,0.2857142857142857,0.31372549019607843,0.29906542056074764,0.055172413793103448,56,0.072164948453608241,40,35,5,215,0.27706185567010311,hypothetical; not empirically measured mine-specific costs
Logistic Regression,0.78000000000000003,15,37,688,36,0.90592783505154639,0.28846153846153844,0.29411764705882354,0.29126213592233008,0.051034482758620693,52,0.067010309278350513,37,36,5,217,0.27963917525773196,hypothetical; not empirically measured mine-specific costs
Logistic Regression,0.79000000000000004,15,35,690,36,0.90850515463917525,0.29999999999999999,0.29411764705882354,0.29702970297029702,0.048275862068965517,50,0.064432989690721643,35,36,5,215,0.27706185567010311,hypothetical; not empirically measured mine-specific costs
Logistic Regression,0.80000000000000004,15,34,691,36,0.90979381443298968,0.30612244897959184,0.29411764705882354,0.29999999999999999,0.046896551724137932,49,0.063144329896907214,34,36,5,214,0.27577319587628868,hypothetical; not empirically measured mine-specific costs
Logistic Regression,0.81000000000000005,15,32,693,36,0.91237113402061853,0.31914893617021278,0.29411764705882354,0.30612244897959184,0.044137931034482755,47,0.06056701030927835,32,36,5,212,0.27319587628865977,hypothetical; not empirically measured mine-specific costs
Logistic Regression,0.81999999999999995,15,30,695,36,0.91494845360824739,0.33333333333333331,0.29411764705882354,0.3125,0.041379310344827586,45,0.057989690721649487,30,36,5,210,0.27061855670103091,hypothetical; not empirically measured mine-specific costs
Logistic Regression,0.82999999999999996,15,29,696,36,0.91623711340206182,0.34090909090909088,0.29411764705882354,0.31578947368421051,0.040000000000000001,44,0.056701030927835051,29,36,5,209,0.26932989690721648,hypothetical; not empirically measured mine-specific costs
Logistic Regression,0.83999999999999997,13,27,698,38,0.91623711340206182,0.32500000000000001,0.25490196078431371,0.2857142857142857,0.037241379310344824,40,0.051546391752577317,27,38,5,217,0.27963917525773196,hypothetical; not empirically measured mine-specific costs
Logistic Regression,0.84999999999999998,13,24,701,38,0.92010309278350511,0.35135135135135137,0.25490196078431371,0.29545454545454547,0.03310344827586207,37,0.047680412371134018,24,38,5,214,0.27577319587628868,hypothetical; not empirically measured mine-specific costs
Logistic Regression,0.85999999999999999,12,23,702,39,0.92010309278350511,0.34285714285714286,0.23529411764705882,0.27906976744186046,0.031724137931034485,35,0.045103092783505154,23,39,5,218,0.28092783505154639,hypothetical; not empirically measured mine-specific costs
Logistic Regression,0.87,10,23,702,41,0.91752577319587625,0.30303030303030304,0.19607843137254902,0.23809523809523808,0.031724137931034485,33,0.04252577319587629,23,41,5,228,0.29381443298969073,hypothetical; not empirically measured mine-specific costs
Logistic Regression,0.88,8,20,705,43,0.91881443298969068,0.2857142857142857,0.15686274509803921,0.20253164556962025,0.027586206896551724,28,0.03608247422680412,20,43,5,235,0.30283505154639173,hypothetical; not empirically measured mine-specific costs
Logistic Regression,0.89000000000000001,7,18,707,44,0.92010309278350511,0.28000000000000003,0.13725490196078433,0.18421052631578946,0.024827586206896551,25,0.032216494845360821,18,44,5,238,0.30670103092783507,hypothetical; not empirically measured mine-specific costs
Logistic Regression,0.90000000000000002,5,15,710,46,0.92139175257731953,0.25,0.098039215686274508,0.14084507042253522,0.020689655172413793,20,0.025773195876288658,15,46,5,245,0.31572164948453607,hypothetical; not empirically measured mine-specific costs
Logistic Regression,0.91000000000000003,4,15,710,47,0.92010309278350511,0.21052631578947367,0.078431372549019607,0.11428571428571428,0.020689655172413793,19,0.024484536082474227,15,47,5,250,0.32216494845360827,hypothetical; not empirically measured mine-specific costs
Logistic Regression,0.92000000000000004,3,13,712,48,0.92139175257731953,0.1875,0.058823529411764705,0.089552238805970144,0.01793103448275862,16,0.020618556701030927,13,48,5,253,0.32603092783505155,hypothetical; not empirically measured mine-specific costs
Logistic Regression,0.93000000000000005,3,13,712,48,0.92139175257731953,0.1875,0.058823529411764705,0.089552238805970144,0.01793103448275862,16,0.020618556701030927,13,48,5,253,0.32603092783505155,hypothetical; not empirically measured mine-specific costs
Logistic Regression,0.93999999999999995,3,13,712,48,0.92139175257731953,0.1875,0.058823529411764705,0.089552238805970144,0.01793103448275862,16,0.020618556701030927,13,48,5,253,0.32603092783505155,hypothetical; not empirically measured mine-specific costs
Logistic Regression,0.94999999999999996,2,9,716,49,0.92525773195876293,0.18181818181818182,0.039215686274509803,0.064516129032258063,0.012413793103448275,11,0.014175257731958763,9,49,5,254,0.32731958762886598,hypothetical; not empirically measured mine-specific costs
Logistic Regression,0.95999999999999996,1,6,719,50,0.92783505154639179,0.14285714285714285,0.019607843137254902,0.034482758620689655,0.0082758620689655175,7,0.0090206185567010301,6,50,5,256,0.32989690721649484,hypothetical; not empirically measured mine-specific costs
Logistic Regression,0.96999999999999997,1,6,719,50,0.92783505154639179,0.14285714285714285,0.019607843137254902,0.034482758620689655,0.0082758620689655175,7,0.0090206185567010301,6,50,5,256,0.32989690721649484,hypothetical; not empirically measured mine-specific costs
Logistic Regression,0.97999999999999998,1,3,722,50,0.93170103092783507,0.25,0.019607843137254902,0.036363636363636362,0.0041379310344827587,4,0.0051546391752577319,3,50,5,253,0.32603092783505155,hypothetical; not empirically measured mine-specific costs
Logistic Regression,0.98999999999999999,0,1,724,51,0.9329896907216495,0,0,0,0.0013793103448275861,1,0.001288659793814433,1,51,5,256,0.32989690721649484,hypothetical; not empirically measured mine-specific costs
Random Forest,0.01,47,566,159,4,0.2654639175257732,0.076672104404567704,0.92156862745098034,0.14156626506024098,0.78068965517241384,613,0.78994845360824739,566,4,5,586,0.75515463917525771,hypothetical; not empirically measured mine-specific costs
Random Forest,0.02,45,493,232,6,0.35695876288659795,0.083643122676579931,0.88235294117647056,0.15280135823429541,0.68000000000000005,538,0.69329896907216493,493,6,5,523,0.6739690721649485,hypothetical; not empirically measured mine-specific costs
Random Forest,0.029999999999999999,45,457,268,6,0.40335051546391754,0.089641434262948211,0.88235294117647056,0.16274864376130199,0.63034482758620691,502,0.64690721649484539,457,6,5,487,0.62757731958762886,hypothetical; not empirically measured mine-specific costs
Random Forest,0.040000000000000001,45,402,323,6,0.47422680412371132,0.10067114093959731,0.88235294117647056,0.18072289156626506,0.55448275862068963,447,0.5760309278350515,402,6,5,432,0.55670103092783507,hypothetical; not empirically measured mine-specific costs
Random Forest,0.050000000000000003,44,369,356,7,0.51546391752577314,0.10653753026634383,0.86274509803921573,0.18965517241379309,0.50896551724137928,413,0.53221649484536082,369,7,5,404,0.52061855670103097,hypothetical; not empirically measured mine-specific costs
Random Forest,0.059999999999999998,43,335,390,8,0.5579896907216495,0.11375661375661375,0.84313725490196079,0.20046620046620048,0.46206896551724136,378,0.48711340206185566,335,8,5,375,0.48324742268041238,hypothetical; not empirically measured mine-specific costs
Random Forest,0.070000000000000007,43,311,414,8,0.58891752577319589,0.12146892655367232,0.84313725490196079,0.21234567901234569,0.42896551724137932,354,0.45618556701030927,311,8,5,351,0.45231958762886598,hypothetical; not empirically measured mine-specific costs
Random Forest,0.080000000000000002,42,295,430,9,0.60824742268041232,0.12462908011869436,0.82352941176470584,0.21649484536082475,0.40689655172413791,337,0.43427835051546393,295,9,5,340,0.43814432989690721,hypothetical; not empirically measured mine-specific costs
Random Forest,0.089999999999999997,41,276,449,10,0.63144329896907214,0.12933753943217666,0.80392156862745101,0.22282608695652173,0.38068965517241377,317,0.40850515463917525,276,10,5,326,0.42010309278350516,hypothetical; not empirically measured mine-specific costs
Random Forest,0.10000000000000001,40,258,467,11,0.65335051546391754,0.13422818791946309,0.78431372549019607,0.22922636103151864,0.35586206896551725,298,0.38402061855670105,258,11,5,313,0.40335051546391754,hypothetical; not empirically measured mine-specific costs
Random Forest,0.11,39,241,484,12,0.6739690721649485,0.13928571428571429,0.76470588235294112,0.23564954682779457,0.33241379310344826,280,0.36082474226804123,241,12,5,301,0.38788659793814434,hypothetical; not empirically measured mine-specific costs
Random Forest,0.12,37,223,502,14,0.69458762886597936,0.1423076923076923,0.72549019607843135,0.23794212218649519,0.30758620689655175,260,0.33505154639175255,223,14,5,293,0.37757731958762886,hypothetical; not empirically measured mine-specific costs
Random Forest,0.13,36,209,516,15,0.71134020618556704,0.14693877551020409,0.70588235294117652,0.24324324324324326,0.28827586206896549,245,0.31572164948453607,209,15,5,284,0.36597938144329895,hypothetical; not empirically measured mine-specific costs
Random Forest,0.14000000000000001,36,199,526,15,0.72422680412371132,0.15319148936170213,0.70588235294117652,0.25174825174825177,0.27448275862068966,235,0.30283505154639173,199,15,5,274,0.35309278350515466,hypothetical; not empirically measured mine-specific costs
Random Forest,0.14999999999999999,35,185,540,16,0.740979381443299,0.15909090909090909,0.68627450980392157,0.25830258302583026,0.25517241379310346,220,0.28350515463917525,185,16,5,265,0.34149484536082475,hypothetical; not empirically measured mine-specific costs
Random Forest,0.16,32,174,551,19,0.75128865979381443,0.1553398058252427,0.62745098039215685,0.24902723735408561,0.23999999999999999,206,0.2654639175257732,174,19,5,269,0.34664948453608246,hypothetical; not empirically measured mine-specific costs
Random Forest,0.17000000000000001,30,153,572,21,0.77577319587628868,0.16393442622950818,0.58823529411764708,0.25641025641025639,0.21103448275862069,183,0.23582474226804123,153,21,5,258,0.3324742268041237,hypothetical; not empirically measured mine-specific costs
Random Forest,0.17999999999999999,28,140,585,23,0.78994845360824739,0.16666666666666666,0.5490196078431373,0.25570776255707761,0.19310344827586207,168,0.21649484536082475,140,23,5,255,0.32860824742268041,hypothetical; not empirically measured mine-specific costs
Random Forest,0.19,28,130,595,23,0.80283505154639179,0.17721518987341772,0.5490196078431373,0.26794258373205743,0.1793103448275862,158,0.20360824742268041,130,23,5,245,0.31572164948453607,hypothetical; not empirically measured mine-specific costs
Random Forest,0.20000000000000001,28,119,606,23,0.8170103092783505,0.19047619047619047,0.5490196078431373,0.28282828282828282,0.16413793103448276,147,0.18943298969072164,119,23,5,234,0.3015463917525773,hypothetical; not empirically measured mine-specific costs
Random Forest,0.20999999999999999,27,112,613,24,0.82474226804123707,0.19424460431654678,0.52941176470588236,0.28421052631578947,0.15448275862068966,139,0.17912371134020619,112,24,5,232,0.29896907216494845,hypothetical; not empirically measured mine-specific costs
Random Forest,0.22,26,108,617,25,0.82860824742268047,0.19402985074626866,0.50980392156862742,0.2810810810810811,0.1489655172413793,134,0.17268041237113402,108,25,5,233,0.30025773195876287,hypothetical; not empirically measured mine-specific costs
Random Forest,0.23000000000000001,25,102,623,26,0.83505154639175261,0.19685039370078741,0.49019607843137253,0.2808988764044944,0.1406896551724138,127,0.16365979381443299,102,26,5,232,0.29896907216494845,hypothetical; not empirically measured mine-specific costs
Random Forest,0.23999999999999999,25,93,632,26,0.84664948453608246,0.21186440677966101,0.49019607843137253,0.29585798816568049,0.12827586206896552,118,0.15206185567010308,93,26,5,223,0.28737113402061853,hypothetical; not empirically measured mine-specific costs
Random Forest,0.25,24,86,639,27,0.85438144329896903,0.21818181818181817,0.47058823529411764,0.29813664596273293,0.11862068965517242,110,0.14175257731958762,86,27,5,221,0.28479381443298968,hypothetical; not empirically measured mine-specific costs
Random Forest,0.26000000000000001,23,79,646,28,0.86211340206185572,0.22549019607843138,0.45098039215686275,0.30065359477124182,0.10896551724137932,102,0.13144329896907217,79,28,5,219,0.28221649484536082,hypothetical; not empirically measured mine-specific costs
Random Forest,0.27000000000000002,21,74,651,30,0.865979381443299,0.22105263157894736,0.41176470588235292,0.28767123287671231,0.10206896551724139,95,0.12242268041237113,74,30,5,224,0.28865979381443296,hypothetical; not empirically measured mine-specific costs
Random Forest,0.28000000000000003,20,71,654,31,0.86855670103092786,0.21978021978021978,0.39215686274509803,0.28169014084507044,0.097931034482758625,91,0.1172680412371134,71,31,5,226,0.29123711340206188,hypothetical; not empirically measured mine-specific costs
Random Forest,0.28999999999999998,19,66,659,32,0.87371134020618557,0.22352941176470589,0.37254901960784315,0.27941176470588236,0.091034482758620694,85,0.1095360824742268,66,32,5,226,0.29123711340206188,hypothetical; not empirically measured mine-specific costs
Random Forest,0.29999999999999999,18,62,663,33,0.87757731958762886,0.22500000000000001,0.35294117647058826,0.27480916030534353,0.085517241379310341,80,0.10309278350515463,62,33,5,227,0.2925257731958763,hypothetical; not empirically measured mine-specific costs
Random Forest,0.31,17,57,668,34,0.88273195876288657,0.22972972972972974,0.33333333333333331,0.27200000000000002,0.07862068965517241,74,0.095360824742268036,57,34,5,227,0.2925257731958763,hypothetical; not empirically measured mine-specific costs
Random Forest,0.32000000000000001,16,56,669,35,0.88273195876288657,0.22222222222222221,0.31372549019607843,0.26016260162601629,0.077241379310344832,72,0.092783505154639179,56,35,5,231,0.29768041237113402,hypothetical; not empirically measured mine-specific costs
Random Forest,0.33000000000000002,16,53,672,35,0.88659793814432986,0.2318840579710145,0.31372549019607843,0.26666666666666666,0.073103448275862071,69,0.08891752577319588,53,35,5,228,0.29381443298969073,hypothetical; not empirically measured mine-specific costs
Random Forest,0.34000000000000002,16,52,673,35,0.88788659793814428,0.23529411764705882,0.31372549019607843,0.26890756302521007,0.071724137931034479,68,0.087628865979381437,52,35,5,227,0.2925257731958763,hypothetical; not empirically measured mine-specific costs
Random Forest,0.34999999999999998,14,47,678,37,0.89175257731958768,0.22950819672131148,0.27450980392156865,0.25,0.064827586206896548,61,0.078608247422680411,47,37,5,232,0.29896907216494845,hypothetical; not empirically measured mine-specific costs
Random Forest,0.35999999999999999,13,40,685,38,0.89948453608247425,0.24528301886792453,0.25490196078431371,0.25,0.055172413793103448,53,0.068298969072164942,40,38,5,230,0.29639175257731959,hypothetical; not empirically measured mine-specific costs
Random Forest,0.37,13,37,688,38,0.90335051546391754,0.26000000000000001,0.25490196078431371,0.25742574257425743,0.051034482758620693,50,0.064432989690721643,37,38,5,227,0.2925257731958763,hypothetical; not empirically measured mine-specific costs
Random Forest,0.38,13,34,691,38,0.90721649484536082,0.27659574468085107,0.25490196078431371,0.26530612244897961,0.046896551724137932,47,0.06056701030927835,34,38,5,224,0.28865979381443296,hypothetical; not empirically measured mine-specific costs
Random Forest,0.39000000000000001,12,29,696,39,0.91237113402061853,0.29268292682926828,0.23529411764705882,0.2608695652173913,0.040000000000000001,41,0.052835051546391752,29,39,5,224,0.28865979381443296,hypothetical; not empirically measured mine-specific costs
Random Forest,0.40000000000000002,11,29,696,40,0.91108247422680411,0.27500000000000002,0.21568627450980393,0.24175824175824176,0.040000000000000001,40,0.051546391752577317,29,40,5,229,0.29510309278350516,hypothetical; not empirically measured mine-specific costs
Random Forest,0.40999999999999998,11,29,696,40,0.91108247422680411,0.27500000000000002,0.21568627450980393,0.24175824175824176,0.040000000000000001,40,0.051546391752577317,29,40,5,229,0.29510309278350516,hypothetical; not empirically measured mine-specific costs
Random Forest,0.41999999999999998,11,28,697,40,0.91237113402061853,0.28205128205128205,0.21568627450980393,0.24444444444444444,0.038620689655172416,39,0.050257731958762888,28,40,5,228,0.29381443298969073,hypothetical; not empirically measured mine-specific costs
Random Forest,0.42999999999999999,11,28,697,40,0.91237113402061853,0.28205128205128205,0.21568627450980393,0.24444444444444444,0.038620689655172416,39,0.050257731958762888,28,40,5,228,0.29381443298969073,hypothetical; not empirically measured mine-specific costs
Random Forest,0.44,11,25,700,40,0.91623711340206182,0.30555555555555558,0.21568627450980393,0.25287356321839083,0.034482758620689655,36,0.046391752577319589,25,40,5,225,0.28994845360824745,hypothetical; not empirically measured mine-specific costs
Random Forest,0.45000000000000001,10,25,700,41,0.91494845360824739,0.2857142857142857,0.19607843137254902,0.23255813953488372,0.034482758620689655,35,0.045103092783505154,25,41,5,230,0.29639175257731959,hypothetical; not empirically measured mine-specific costs
Random Forest,0.46000000000000002,9,25,700,42,0.91365979381443296,0.26470588235294118,0.17647058823529413,0.21176470588235294,0.034482758620689655,34,0.043814432989690719,25,42,5,235,0.30283505154639173,hypothetical; not empirically measured mine-specific costs
Random Forest,0.46999999999999997,8,24,701,43,0.91365979381443296,0.25,0.15686274509803921,0.19277108433734941,0.03310344827586207,32,0.041237113402061855,24,43,5,239,0.3079896907216495,hypothetical; not empirically measured mine-specific costs
Random Forest,0.47999999999999998,8,21,704,43,0.91752577319587625,0.27586206896551724,0.15686274509803921,0.20000000000000001,0.028965517241379312,29,0.037371134020618556,21,43,5,236,0.30412371134020616,hypothetical; not empirically measured mine-specific costs
Random Forest,0.48999999999999999,8,20,705,43,0.91881443298969068,0.2857142857142857,0.15686274509803921,0.20253164556962025,0.027586206896551724,28,0.03608247422680412,20,43,5,235,0.30283505154639173,hypothetical; not empirically measured mine-specific costs
Random Forest,0.5,8,18,707,43,0.92139175257731953,0.30769230769230771,0.15686274509803921,0.20779220779220781,0.024827586206896551,26,0.033505154639175257,18,43,5,233,0.30025773195876287,hypothetical; not empirically measured mine-specific costs
Random Forest,0.51000000000000001,8,18,707,43,0.92139175257731953,0.30769230769230771,0.15686274509803921,0.20779220779220781,0.024827586206896551,26,0.033505154639175257,18,43,5,233,0.30025773195876287,hypothetical; not empirically measured mine-specific costs
Random Forest,0.52000000000000002,8,17,708,43,0.92268041237113407,0.32000000000000001,0.15686274509803921,0.21052631578947367,0.023448275862068966,25,0.032216494845360821,17,43,5,232,0.29896907216494845,hypothetical; not empirically measured mine-specific costs
Random Forest,0.53000000000000003,8,15,710,43,0.92525773195876293,0.34782608695652173,0.15686274509803921,0.21621621621621623,0.020689655172413793,23,0.029639175257731958,15,43,5,230,0.29639175257731959,hypothetical; not empirically measured mine-specific costs
Random Forest,0.54000000000000004,8,15,710,43,0.92525773195876293,0.34782608695652173,0.15686274509803921,0.21621621621621623,0.020689655172413793,23,0.029639175257731958,15,43,5,230,0.29639175257731959,hypothetical; not empirically measured mine-specific costs
Random Forest,0.55000000000000004,8,14,711,43,0.92654639175257736,0.36363636363636365,0.15686274509803921,0.21917808219178081,0.019310344827586208,22,0.028350515463917526,14,43,5,229,0.29510309278350516,hypothetical; not empirically measured mine-specific costs
Random Forest,0.56000000000000005,7,14,711,44,0.92525773195876293,0.33333333333333331,0.13725490196078433,0.19444444444444445,0.019310344827586208,21,0.027061855670103094,14,44,5,234,0.3015463917525773,hypothetical; not empirically measured mine-specific costs
Random Forest,0.56999999999999995,7,13,712,44,0.92654639175257736,0.34999999999999998,0.13725490196078433,0.19718309859154928,0.01793103448275862,20,0.025773195876288658,13,44,5,233,0.30025773195876287,hypothetical; not empirically measured mine-specific costs
Random Forest,0.57999999999999996,7,12,713,44,0.92783505154639179,0.36842105263157893,0.13725490196078433,0.20000000000000001,0.016551724137931035,19,0.024484536082474227,12,44,5,232,0.29896907216494845,hypothetical; not empirically measured mine-specific costs
Random Forest,0.58999999999999997,7,11,714,44,0.92912371134020622,0.3888888888888889,0.13725490196078433,0.20289855072463769,0.015172413793103448,18,0.023195876288659795,11,44,5,231,0.29768041237113402,hypothetical; not empirically measured mine-specific costs
Random Forest,0.59999999999999998,6,10,715,45,0.92912371134020622,0.375,0.11764705882352941,0.17910447761194029,0.013793103448275862,16,0.020618556701030927,10,45,5,235,0.30283505154639173,hypothetical; not empirically measured mine-specific costs
Random Forest,0.60999999999999999,6,10,715,45,0.92912371134020622,0.375,0.11764705882352941,0.17910447761194029,0.013793103448275862,16,0.020618556701030927,10,45,5,235,0.30283505154639173,hypothetical; not empirically measured mine-specific costs
Random Forest,0.62,6,9,716,45,0.93041237113402064,0.40000000000000002,0.11764705882352941,0.18181818181818182,0.012413793103448275,15,0.019329896907216496,9,45,5,234,0.3015463917525773,hypothetical; not empirically measured mine-specific costs
Random Forest,0.63,6,8,717,45,0.93170103092783507,0.42857142857142855,0.11764705882352941,0.18461538461538463,0.011034482758620689,14,0.01804123711340206,8,45,5,233,0.30025773195876287,hypothetical; not empirically measured mine-specific costs
Random Forest,0.64000000000000001,5,8,717,46,0.93041237113402064,0.38461538461538464,0.098039215686274508,0.15625,0.011034482758620689,13,0.016752577319587628,8,46,5,238,0.30670103092783507,hypothetical; not empirically measured mine-specific costs
Random Forest,0.65000000000000002,5,7,718,46,0.93170103092783507,0.41666666666666669,0.098039215686274508,0.15873015873015872,0.009655172413793104,12,0.015463917525773196,7,46,5,237,0.30541237113402064,hypothetical; not empirically measured mine-specific costs
Random Forest,0.66000000000000003,5,6,719,46,0.9329896907216495,0.45454545454545453,0.098039215686274508,0.16129032258064516,0.0082758620689655175,11,0.014175257731958763,6,46,5,236,0.30412371134020616,hypothetical; not empirically measured mine-specific costs
Random Forest,0.67000000000000004,5,5,720,46,0.93427835051546393,0.5,0.098039215686274508,0.16393442622950818,0.0068965517241379309,10,0.012886597938144329,5,46,5,235,0.30283505154639173,hypothetical; not empirically measured mine-specific costs
Random Forest,0.68000000000000005,5,5,720,46,0.93427835051546393,0.5,0.098039215686274508,0.16393442622950818,0.0068965517241379309,10,0.012886597938144329,5,46,5,235,0.30283505154639173,hypothetical; not empirically measured mine-specific costs
Random Forest,0.68999999999999995,5,5,720,46,0.93427835051546393,0.5,0.098039215686274508,0.16393442622950818,0.0068965517241379309,10,0.012886597938144329,5,46,5,235,0.30283505154639173,hypothetical; not empirically measured mine-specific costs
Random Forest,0.69999999999999996,4,4,721,47,0.93427835051546393,0.5,0.078431372549019607,0.13559322033898305,0.0055172413793103444,8,0.010309278350515464,4,47,5,239,0.3079896907216495,hypothetical; not empirically measured mine-specific costs
Random Forest,0.70999999999999996,4,2,723,47,0.93685567010309279,0.66666666666666663,0.078431372549019607,0.14035087719298245,0.0027586206896551722,6,0.0077319587628865982,2,47,5,237,0.30541237113402064,hypothetical; not empirically measured mine-specific costs
Random Forest,0.71999999999999997,4,2,723,47,0.93685567010309279,0.66666666666666663,0.078431372549019607,0.14035087719298245,0.0027586206896551722,6,0.0077319587628865982,2,47,5,237,0.30541237113402064,hypothetical; not empirically measured mine-specific costs
Random Forest,0.72999999999999998,4,1,724,47,0.93814432989690721,0.80000000000000004,0.078431372549019607,0.14285714285714285,0.0013793103448275861,5,0.0064432989690721646,1,47,5,236,0.30412371134020616,hypothetical; not empirically measured mine-specific costs
Random Forest,0.73999999999999999,4,1,724,47,0.93814432989690721,0.80000000000000004,0.078431372549019607,0.14285714285714285,0.0013793103448275861,5,0.0064432989690721646,1,47,5,236,0.30412371134020616,hypothetical; not empirically measured mine-specific costs
Random Forest,0.75,4,1,724,47,0.93814432989690721,0.80000000000000004,0.078431372549019607,0.14285714285714285,0.0013793103448275861,5,0.0064432989690721646,1,47,5,236,0.30412371134020616,hypothetical; not empirically measured mine-specific costs
Random Forest,0.76000000000000001,3,1,724,48,0.93685567010309279,0.75,0.058823529411764705,0.10909090909090909,0.0013793103448275861,4,0.0051546391752577319,1,48,5,241,0.31056701030927836,hypothetical; not empirically measured mine-specific costs
Random Forest,0.77000000000000002,3,1,724,48,0.93685567010309279,0.75,0.058823529411764705,0.10909090909090909,0.0013793103448275861,4,0.0051546391752577319,1,48,5,241,0.31056701030927836,hypothetical; not empirically measured mine-specific costs
Random Forest,0.78000000000000003,3,1,724,48,0.93685567010309279,0.75,0.058823529411764705,0.10909090909090909,0.0013793103448275861,4,0.0051546391752577319,1,48,5,241,0.31056701030927836,hypothetical; not empirically measured mine-specific costs
Random Forest,0.79000000000000004,3,1,724,48,0.93685567010309279,0.75,0.058823529411764705,0.10909090909090909,0.0013793103448275861,4,0.0051546391752577319,1,48,5,241,0.31056701030927836,hypothetical; not empirically measured mine-specific costs
Random Forest,0.80000000000000004,3,1,724,48,0.93685567010309279,0.75,0.058823529411764705,0.10909090909090909,0.0013793103448275861,4,0.0051546391752577319,1,48,5,241,0.31056701030927836,hypothetical; not empirically measured mine-specific costs
Random Forest,0.81000000000000005,2,1,724,49,0.93556701030927836,0.66666666666666663,0.039215686274509803,0.07407407407407407,0.0013793103448275861,3,0.0038659793814432991,1,49,5,246,0.3170103092783505,hypothetical; not empirically measured mine-specific costs
Random Forest,0.81999999999999995,2,1,724,49,0.93556701030927836,0.66666666666666663,0.039215686274509803,0.07407407407407407,0.0013793103448275861,3,0.0038659793814432991,1,49,5,246,0.3170103092783505,hypothetical; not empirically measured mine-specific costs
Random Forest,0.82999999999999996,2,1,724,49,0.93556701030927836,0.66666666666666663,0.039215686274509803,0.07407407407407407,0.0013793103448275861,3,0.0038659793814432991,1,49,5,246,0.3170103092783505,hypothetical; not empirically measured mine-specific costs
Random Forest,0.83999999999999997,2,1,724,49,0.93556701030927836,0.66666666666666663,0.039215686274509803,0.07407407407407407,0.0013793103448275861,3,0.0038659793814432991,1,49,5,246,0.3170103092783505,hypothetical; not empirically measured mine-specific costs
Random Forest,0.84999999999999998,2,1,724,49,0.93556701030927836,0.66666666666666663,0.039215686274509803,0.07407407407407407,0.0013793103448275861,3,0.0038659793814432991,1,49,5,246,0.3170103092783505,hypothetical; not empirically measured mine-specific costs
Random Forest,0.85999999999999999,1,0,725,50,0.93556701030927836,1,0.019607843137254902,0.038461538461538464,0,1,0.001288659793814433,0,50,5,250,0.32216494845360827,hypothetical; not empirically measured mine-specific costs
Random Forest,0.87,1,0,725,50,0.93556701030927836,1,0.019607843137254902,0.038461538461538464,0,1,0.001288659793814433,0,50,5,250,0.32216494845360827,hypothetical; not empirically measured mine-specific costs
Random Forest,0.88,1,0,725,50,0.93556701030927836,1,0.019607843137254902,0.038461538461538464,0,1,0.001288659793814433,0,50,5,250,0.32216494845360827,hypothetical; not empirically measured mine-specific costs
Random Forest,0.89000000000000001,1,0,725,50,0.93556701030927836,1,0.019607843137254902,0.038461538461538464,0,1,0.001288659793814433,0,50,5,250,0.32216494845360827,hypothetical; not empirically measured mine-specific costs
Random Forest,0.90000000000000002,1,0,725,50,0.93556701030927836,1,0.019607843137254902,0.038461538461538464,0,1,0.001288659793814433,0,50,5,250,0.32216494845360827,hypothetical; not empirically measured mine-specific costs
Random Forest,0.91000000000000003,1,0,725,50,0.93556701030927836,1,0.019607843137254902,0.038461538461538464,0,1,0.001288659793814433,0,50,5,250,0.32216494845360827,hypothetical; not empirically measured mine-specific costs
Random Forest,0.92000000000000004,1,0,725,50,0.93556701030927836,1,0.019607843137254902,0.038461538461538464,0,1,0.001288659793814433,0,50,5,250,0.32216494845360827,hypothetical; not empirically measured mine-specific costs
Random Forest,0.93000000000000005,0,0,725,51,0.93427835051546393,0,0,0,0,0,0,0,51,5,255,0.32860824742268041,hypothetical; not empirically measured mine-specific costs
Random Forest,0.93999999999999995,0,0,725,51,0.93427835051546393,0,0,0,0,0,0,0,51,5,255,0.32860824742268041,hypothetical; not empirically measured mine-specific costs
Random Forest,0.94999999999999996,0,0,725,51,0.93427835051546393,0,0,0,0,0,0,0,51,5,255,0.32860824742268041,hypothetical; not empirically measured mine-specific costs
Random Forest,0.95999999999999996,0,0,725,51,0.93427835051546393,0,0,0,0,0,0,0,51,5,255,0.32860824742268041,hypothetical; not empirically measured mine-specific costs
Random Forest,0.96999999999999997,0,0,725,51,0.93427835051546393,0,0,0,0,0,0,0,51,5,255,0.32860824742268041,hypothetical; not empirically measured mine-specific costs
Random Forest,0.97999999999999998,0,0,725,51,0.93427835051546393,0,0,0,0,0,0,0,51,5,255,0.32860824742268041,hypothetical; not empirically measured mine-specific costs
Random Forest,0.98999999999999999,0,0,725,51,0.93427835051546393,0,0,0,0,0,0,0,51,5,255,0.32860824742268041,hypothetical; not empirically measured mine-specific costs
Gradient Boosting,0.01,51,725,0,0,0.065721649484536085,0.065721649484536085,1,0.12333736396614269,1,776,1,725,0,5,725,0.93427835051546393,hypothetical; not empirically measured mine-specific costs
Gradient Boosting,0.02,51,723,2,0,0.068298969072164942,0.06589147286821706,1,0.12363636363636364,0.99724137931034484,774,0.99742268041237114,723,0,5,723,0.93170103092783507,hypothetical; not empirically measured mine-specific costs
Gradient Boosting,0.029999999999999999,51,706,19,0,0.090206185567010308,0.067371202113606338,1,0.12623762376237624,0.97379310344827585,757,0.97551546391752575,706,0,5,706,0.90979381443298968,hypothetical; not empirically measured mine-specific costs
Gradient Boosting,0.040000000000000001,51,679,46,0,0.125,0.069863013698630141,1,0.13060179257362356,0.93655172413793109,730,0.94072164948453607,679,0,5,679,0.875,hypothetical; not empirically measured mine-specific costs
Gradient Boosting,0.050000000000000003,51,657,68,0,0.15335051546391754,0.072033898305084748,1,0.13438735177865613,0.90620689655172415,708,0.91237113402061853,657,0,5,657,0.84664948453608246,hypothetical; not empirically measured mine-specific costs
Gradient Boosting,0.059999999999999998,51,641,84,0,0.17396907216494845,0.073699421965317924,1,0.13728129205921938,0.88413793103448279,692,0.89175257731958768,641,0,5,641,0.8260309278350515,hypothetical; not empirically measured mine-specific costs
Gradient Boosting,0.070000000000000007,50,627,98,1,0.19072164948453607,0.073855243722304287,0.98039215686274506,0.13736263736263737,0.86482758620689659,677,0.87242268041237114,627,1,5,632,0.81443298969072164,hypothetical; not empirically measured mine-specific costs
Gradient Boosting,0.080000000000000002,50,617,108,1,0.20360824742268041,0.074962518740629688,0.98039215686274506,0.1392757660167131,0.8510344827586207,667,0.85953608247422686,617,1,5,622,0.80154639175257736,hypothetical; not empirically measured mine-specific costs
Gradient Boosting,0.089999999999999997,49,602,123,2,0.22164948453608246,0.075268817204301078,0.96078431372549022,0.1396011396011396,0.83034482758620687,651,0.83891752577319589,602,2,5,612,0.78865979381443296,hypothetical; not empirically measured mine-specific costs
Gradient Boosting,0.10000000000000001,47,569,156,4,0.26159793814432991,0.076298701298701296,0.92156862745098034,0.1409295352323838,0.78482758620689652,616,0.79381443298969068,569,4,5,589,0.759020618556701,hypothetical; not empirically measured mine-specific costs
Gradient Boosting,0.11,47,531,194,4,0.31056701030927836,0.081314878892733561,0.92156862745098034,0.1494435612082671,0.73241379310344823,578,0.74484536082474229,531,4,5,551,0.71005154639175261,hypothetical; not empirically measured mine-specific costs
Gradient Boosting,0.12,46,500,225,5,0.34922680412371132,0.084249084249084255,0.90196078431372551,0.1541038525963149,0.68965517241379315,546,0.70360824742268047,500,5,5,525,0.67654639175257736,hypothetical; not empirically measured mine-specific costs
Gradient Boosting,0.13,46,466,259,5,0.39304123711340205,0.08984375,0.90196078431372551,0.16341030195381884,0.64275862068965517,512,0.65979381443298968,466,5,5,491,0.63273195876288657,hypothetical; not empirically measured mine-specific costs
Gradient Boosting,0.14000000000000001,46,441,284,5,0.42525773195876287,0.094455852156057493,0.90196078431372551,0.17100371747211895,0.60827586206896556,487,0.62757731958762886,441,5,5,466,0.60051546391752575,hypothetical; not empirically measured mine-specific costs
Gradient Boosting,0.14999999999999999,45,413,312,6,0.46005154639175255,0.098253275109170299,0.88235294117647056,0.17681728880157171,0.56965517241379315,458,0.59020618556701032,413,6,5,443,0.57087628865979378,hypothetical; not empirically measured mine-specific costs
Gradient Boosting,0.16,43,390,335,8,0.48711340206185566,0.099307159353348731,0.84313725490196079,0.17768595041322313,0.53793103448275859,433,0.5579896907216495,390,8,5,430,0.55412371134020622,hypothetical; not empirically measured mine-specific costs
Gradient Boosting,0.17000000000000001,41,367,358,10,0.51417525773195871,0.10049019607843138,0.80392156862745101,0.1786492374727669,0.50620689655172413,408,0.52577319587628868,367,10,5,417,0.53737113402061853,hypothetical; not empirically measured mine-specific costs
Gradient Boosting,0.17999999999999999,41,347,378,10,0.53994845360824739,0.1056701030927835,0.80392156862745101,0.18678815489749431,0.4786206896551724,388,0.5,347,10,5,397,0.51159793814432986,hypothetical; not empirically measured mine-specific costs
Gradient Boosting,0.19,39,331,394,12,0.5579896907216495,0.10540540540540541,0.76470588235294112,0.18527315914489312,0.45655172413793105,370,0.47680412371134023,331,12,5,391,0.50386597938144329,hypothetical; not empirically measured mine-specific costs
Gradient Boosting,0.20000000000000001,38,308,417,13,0.58634020618556704,0.10982658959537572,0.74509803921568629,0.19143576826196473,0.42482758620689653,346,0.44587628865979384,308,13,5,373,0.48067010309278352,hypothetical; not empirically measured mine-specific costs
Gradient Boosting,0.20999999999999999,38,291,434,13,0.60824742268041232,0.11550151975683891,0.74509803921568629,0.20000000000000001,0.4013793103448276,329,0.42396907216494845,291,13,5,356,0.45876288659793812,hypothetical; not empirically measured mine-specific costs
Gradient Boosting,0.22,38,274,451,13,0.63015463917525771,0.12179487179487179,0.74509803921568629,0.20936639118457301,0.37793103448275861,312,0.40206185567010311,274,13,5,339,0.43685567010309279,hypothetical; not empirically measured mine-specific costs
Gradient Boosting,0.23000000000000001,37,264,461,14,0.64175257731958768,0.12292358803986711,0.72549019607843135,0.21022727272727273,0.36413793103448278,301,0.38788659793814434,264,14,5,334,0.43041237113402064,hypothetical; not empirically measured mine-specific costs
Gradient Boosting,0.23999999999999999,37,251,474,14,0.65850515463917525,0.12847222222222221,0.72549019607843135,0.21828908554572271,0.34620689655172415,288,0.37113402061855671,251,14,5,321,0.41365979381443296,hypothetical; not empirically measured mine-specific costs
Gradient Boosting,0.25,37,240,485,14,0.67268041237113407,0.13357400722021662,0.72549019607843135,0.22560975609756098,0.33103448275862069,277,0.35695876288659795,240,14,5,310,0.39948453608247425,hypothetical; not empirically measured mine-specific costs
Gradient Boosting,0.26000000000000001,37,233,492,14,0.68170103092783507,0.13703703703703704,0.72549019607843135,0.23052959501557632,0.32137931034482758,270,0.34793814432989689,233,14,5,303,0.3904639175257732,hypothetical; not empirically measured mine-specific costs
Gradient Boosting,0.27000000000000002,36,223,502,15,0.69329896907216493,0.138996138996139,0.70588235294117652,0.23225806451612904,0.30758620689655175,259,0.33376288659793812,223,15,5,298,0.38402061855670105,hypothetical; not empirically measured mine-specific costs
Gradient Boosting,0.28000000000000003,35,212,513,16,0.70618556701030932,0.1417004048582996,0.68627450980392157,0.2348993288590604,0.29241379310344828,247,0.31829896907216493,212,16,5,292,0.37628865979381443,hypothetical; not empirically measured mine-specific costs
Gradient Boosting,0.28999999999999998,35,200,525,16,0.72164948453608246,0.14893617021276595,0.68627450980392157,0.24475524475524477,0.27586206896551724,235,0.30283505154639173,200,16,5,280,0.36082474226804123,hypothetical; not empirically measured mine-specific costs
Gradient Boosting,0.29999999999999999,34,194,531,17,0.72809278350515461,0.14912280701754385,0.66666666666666663,0.24372759856630824,0.26758620689655171,228,0.29381443298969073,194,17,5,279,0.3595360824742268,hypothetical; not empirically measured mine-specific costs
Gradient Boosting,0.31,32,186,539,19,0.73582474226804129,0.14678899082568808,0.62745098039215685,0.23791821561338289,0.25655172413793104,218,0.28092783505154639,186,19,5,281,0.36211340206185566,hypothetical; not empirically measured mine-specific costs
Gradient Boosting,0.32000000000000001,31,178,547,20,0.74484536082474229,0.14832535885167464,0.60784313725490191,0.23846153846153847,0.24551724137931036,209,0.26932989690721648,178,20,5,278,0.35824742268041238,hypothetical; not empirically measured mine-specific costs
Gradient Boosting,0.33000000000000002,30,171,554,21,0.75257731958762886,0.14925373134328357,0.58823529411764708,0.23809523809523808,0.23586206896551723,201,0.25902061855670105,171,21,5,276,0.35567010309278352,hypothetical; not empirically measured mine-specific costs
Gradient Boosting,0.34000000000000002,30,161,564,21,0.76546391752577314,0.15706806282722513,0.58823529411764708,0.24793388429752067,0.22206896551724137,191,0.24613402061855671,161,21,5,266,0.34278350515463918,hypothetical; not empirically measured mine-specific costs
Gradient Boosting,0.34999999999999998,29,158,567,22,0.76804123711340211,0.15508021390374332,0.56862745098039214,0.24369747899159663,0.21793103448275863,187,0.24097938144329897,158,22,5,268,0.34536082474226804,hypothetical; not empirically measured mine-specific costs
Gradient Boosting,0.35999999999999999,29,146,579,22,0.78350515463917525,0.1657142857142857,0.56862745098039214,0.25663716814159293,0.20137931034482759,175,0.22551546391752578,146,22,5,256,0.32989690721649484,hypothetical; not empirically measured mine-specific costs
Gradient Boosting,0.37,27,139,586,24,0.78994845360824739,0.16265060240963855,0.52941176470588236,0.24884792626728111,0.19172413793103449,166,0.21391752577319587,139,24,5,259,0.33376288659793812,hypothetical; not empirically measured mine-specific costs
Gradient Boosting,0.38,27,132,593,24,0.7989690721649485,0.16981132075471697,0.52941176470588236,0.25714285714285712,0.18206896551724139,159,0.20489690721649484,132,24,5,252,0.32474226804123713,hypothetical; not empirically measured mine-specific costs
Gradient Boosting,0.39000000000000001,27,126,599,24,0.80670103092783507,0.17647058823529413,0.52941176470588236,0.26470588235294118,0.17379310344827587,153,0.19716494845360824,126,24,5,246,0.3170103092783505,hypothetical; not empirically measured mine-specific costs
Gradient Boosting,0.40000000000000002,26,118,607,25,0.81572164948453607,0.18055555555555555,0.50980392156862742,0.26666666666666666,0.16275862068965516,144,0.18556701030927836,118,25,5,243,0.31314432989690721,hypothetical; not empirically measured mine-specific costs
Gradient Boosting,0.40999999999999998,24,113,612,27,0.81958762886597936,0.17518248175182483,0.47058823529411764,0.25531914893617019,0.15586206896551724,137,0.17654639175257733,113,27,5,248,0.31958762886597936,hypothetical; not empirically measured mine-specific costs
Gradient Boosting,0.41999999999999998,24,108,617,27,0.8260309278350515,0.18181818181818182,0.47058823529411764,0.26229508196721313,0.1489655172413793,132,0.17010309278350516,108,27,5,243,0.31314432989690721,hypothetical; not empirically measured mine-specific costs
Gradient Boosting,0.42999999999999999,24,106,619,27,0.82860824742268047,0.18461538461538463,0.47058823529411764,0.26519337016574585,0.14620689655172414,130,0.16752577319587628,106,27,5,241,0.31056701030927836,hypothetical; not empirically measured mine-specific costs
Gradient Boosting,0.44,22,104,621,29,0.82860824742268047,0.17460317460317459,0.43137254901960786,0.24858757062146894,0.14344827586206896,126,0.16237113402061856,104,29,5,249,0.32087628865979384,hypothetical; not empirically measured mine-specific costs
Gradient Boosting,0.45000000000000001,21,102,623,30,0.82989690721649489,0.17073170731707318,0.41176470588235292,0.2413793103448276,0.1406896551724138,123,0.15850515463917525,102,30,5,252,0.32474226804123713,hypothetical; not empirically measured mine-specific costs
Gradient Boosting,0.46000000000000002,21,99,626,30,0.83376288659793818,0.17499999999999999,0.41176470588235292,0.24561403508771928,0.13655172413793104,120,0.15463917525773196,99,30,5,249,0.32087628865979384,hypothetical; not empirically measured mine-specific costs
Gradient Boosting,0.46999999999999997,21,94,631,30,0.84020618556701032,0.18260869565217391,0.41176470588235292,0.25301204819277107,0.1296551724137931,115,0.14819587628865979,94,30,5,244,0.31443298969072164,hypothetical; not empirically measured mine-specific costs
Gradient Boosting,0.47999999999999998,21,87,638,30,0.84922680412371132,0.19444444444444445,0.41176470588235292,0.26415094339622641,0.12,108,0.13917525773195877,87,30,5,237,0.30541237113402064,hypothetical; not empirically measured mine-specific costs
Gradient Boosting,0.48999999999999999,21,84,641,30,0.85309278350515461,0.20000000000000001,0.41176470588235292,0.26923076923076922,0.11586206896551725,105,0.13530927835051546,84,30,5,234,0.3015463917525773,hypothetical; not empirically measured mine-specific costs
Gradient Boosting,0.5,21,83,642,30,0.85438144329896903,0.20192307692307693,0.41176470588235292,0.2709677419354839,0.11448275862068966,104,0.13402061855670103,83,30,5,233,0.30025773195876287,hypothetical; not empirically measured mine-specific costs
Gradient Boosting,0.51000000000000001,20,81,644,31,0.85567010309278346,0.19801980198019803,0.39215686274509803,0.26315789473684209,0.11172413793103449,101,0.13015463917525774,81,31,5,236,0.30412371134020616,hypothetical; not empirically measured mine-specific costs
Gradient Boosting,0.52000000000000002,20,74,651,31,0.86469072164948457,0.21276595744680851,0.39215686274509803,0.27586206896551724,0.10206896551724139,94,0.1211340206185567,74,31,5,229,0.29510309278350516,hypothetical; not empirically measured mine-specific costs
Gradient Boosting,0.53000000000000003,20,71,654,31,0.86855670103092786,0.21978021978021978,0.39215686274509803,0.28169014084507044,0.097931034482758625,91,0.1172680412371134,71,31,5,226,0.29123711340206188,hypothetical; not empirically measured mine-specific costs
Gradient Boosting,0.54000000000000004,19,68,657,32,0.87113402061855671,0.21839080459770116,0.37254901960784315,0.27536231884057971,0.093793103448275864,87,0.11211340206185567,68,32,5,228,0.29381443298969073,hypothetical; not empirically measured mine-specific costs
Gradient Boosting,0.55000000000000004,19,65,660,32,0.875,0.22619047619047619,0.37254901960784315,0.2814814814814815,0.089655172413793102,84,0.10824742268041238,65,32,5,225,0.28994845360824745,hypothetical; not empirically measured mine-specific costs
Gradient Boosting,0.56000000000000005,18,63,662,33,0.87628865979381443,0.22222222222222221,0.35294117647058826,0.27272727272727271,0.086896551724137933,81,0.10438144329896908,63,33,5,228,0.29381443298969073,hypothetical; not empirically measured mine-specific costs
Gradient Boosting,0.56999999999999995,18,60,665,33,0.88015463917525771,0.23076923076923078,0.35294117647058826,0.27906976744186046,0.082758620689655171,78,0.10051546391752578,60,33,5,225,0.28994845360824745,hypothetical; not empirically measured mine-specific costs
Gradient Boosting,0.57999999999999996,18,60,665,33,0.88015463917525771,0.23076923076923078,0.35294117647058826,0.27906976744186046,0.082758620689655171,78,0.10051546391752578,60,33,5,225,0.28994845360824745,hypothetical; not empirically measured mine-specific costs
Gradient Boosting,0.58999999999999997,18,56,669,33,0.88530927835051543,0.24324324324324326,0.35294117647058826,0.28799999999999998,0.077241379310344832,74,0.095360824742268036,56,33,5,221,0.28479381443298968,hypothetical; not empirically measured mine-specific costs
Gradient Boosting,0.59999999999999998,18,51,674,33,0.89175257731958768,0.2608695652173913,0.35294117647058826,0.29999999999999999,0.070344827586206901,69,0.08891752577319588,51,33,5,216,0.27835051546391754,hypothetical; not empirically measured mine-specific costs
Gradient Boosting,0.60999999999999999,17,50,675,34,0.89175257731958768,0.2537313432835821,0.33333333333333331,0.28813559322033899,0.068965517241379309,67,0.086340206185567009,50,34,5,220,0.28350515463917525,hypothetical; not empirically measured mine-specific costs
Gradient Boosting,0.62,17,48,677,34,0.89432989690721654,0.26153846153846155,0.33333333333333331,0.29310344827586204,0.06620689655172414,65,0.083762886597938138,48,34,5,218,0.28092783505154639,hypothetical; not empirically measured mine-specific costs
Gradient Boosting,0.63,17,47,678,34,0.89561855670103097,0.265625,0.33333333333333331,0.29565217391304349,0.064827586206896548,64,0.08247422680412371,47,34,5,217,0.27963917525773196,hypothetical; not empirically measured mine-specific costs
Gradient Boosting,0.64000000000000001,17,45,680,34,0.89819587628865982,0.27419354838709675,0.33333333333333331,0.30088495575221241,0.062068965517241378,62,0.079896907216494839,45,34,5,215,0.27706185567010311,hypothetical; not empirically measured mine-specific costs
Gradient Boosting,0.65000000000000002,16,44,681,35,0.89819587628865982,0.26666666666666666,0.31372549019607843,0.28828828828828829,0.060689655172413794,60,0.077319587628865982,44,35,5,219,0.28221649484536082,hypothetical; not empirically measured mine-specific costs
Gradient Boosting,0.66000000000000003,16,42,683,35,0.90077319587628868,0.27586206896551724,0.31372549019607843,0.29357798165137616,0.057931034482758624,58,0.074742268041237112,42,35,5,217,0.27963917525773196,hypothetical; not empirically measured mine-specific costs
Gradient Boosting,0.67000000000000004,15,40,685,36,0.90206185567010311,0.27272727272727271,0.29411764705882354,0.28301886792452829,0.055172413793103448,55,0.070876288659793812,40,36,5,220,0.28350515463917525,hypothetical; not empirically measured mine-specific costs
Gradient Boosting,0.68000000000000005,15,35,690,36,0.90850515463917525,0.29999999999999999,0.29411764705882354,0.29702970297029702,0.048275862068965517,50,0.064432989690721643,35,36,5,215,0.27706185567010311,hypothetical; not empirically measured mine-specific costs
Gradient Boosting,0.68999999999999995,15,34,691,36,0.90979381443298968,0.30612244897959184,0.29411764705882354,0.29999999999999999,0.046896551724137932,49,0.063144329896907214,34,36,5,214,0.27577319587628868,hypothetical; not empirically measured mine-specific costs
Gradient Boosting,0.69999999999999996,15,34,691,36,0.90979381443298968,0.30612244897959184,0.29411764705882354,0.29999999999999999,0.046896551724137932,49,0.063144329896907214,34,36,5,214,0.27577319587628868,hypothetical; not empirically measured mine-specific costs
Gradient Boosting,0.70999999999999996,15,31,694,36,0.91365979381443296,0.32608695652173914,0.29411764705882354,0.30927835051546393,0.04275862068965517,46,0.059278350515463915,31,36,5,211,0.27190721649484534,hypothetical; not empirically measured mine-specific costs
Gradient Boosting,0.71999999999999997,15,26,699,36,0.92010309278350511,0.36585365853658536,0.29411764705882354,0.32608695652173914,0.035862068965517239,41,0.052835051546391752,26,36,5,206,0.2654639175257732,hypothetical; not empirically measured mine-specific costs
Gradient Boosting,0.72999999999999998,15,25,700,36,0.92139175257731953,0.375,0.29411764705882354,0.32967032967032966,0.034482758620689655,40,0.051546391752577317,25,36,5,205,0.26417525773195877,hypothetical; not empirically measured mine-specific costs
Gradient Boosting,0.73999999999999999,15,23,702,36,0.9239690721649485,0.39473684210526316,0.29411764705882354,0.33707865168539325,0.031724137931034485,38,0.048969072164948453,23,36,5,203,0.26159793814432991,hypothetical; not empirically measured mine-specific costs
Gradient Boosting,0.75,15,22,703,36,0.92525773195876293,0.40540540540540543,0.29411764705882354,0.34090909090909088,0.030344827586206897,37,0.047680412371134018,22,36,5,202,0.26030927835051548,hypothetical; not empirically measured mine-specific costs
Gradient Boosting,0.76000000000000001,12,19,706,39,0.92525773195876293,0.38709677419354838,0.23529411764705882,0.29268292682926828,0.026206896551724139,31,0.03994845360824742,19,39,5,214,0.27577319587628868,hypothetical; not empirically measured mine-specific costs
Gradient Boosting,0.77000000000000002,12,16,709,39,0.92912371134020622,0.42857142857142855,0.23529411764705882,0.30379746835443039,0.022068965517241378,28,0.03608247422680412,16,39,5,211,0.27190721649484534,hypothetical; not empirically measured mine-specific costs
Gradient Boosting,0.78000000000000003,11,14,711,40,0.93041237113402064,0.44,0.21568627450980393,0.28947368421052633,0.019310344827586208,25,0.032216494845360821,14,40,5,214,0.27577319587628868,hypothetical; not empirically measured mine-specific costs
Gradient Boosting,0.79000000000000004,10,12,713,41,0.93170103092783507,0.45454545454545453,0.19607843137254902,0.27397260273972601,0.016551724137931035,22,0.028350515463917526,12,41,5,217,0.27963917525773196,hypothetical; not empirically measured mine-specific costs
Gradient Boosting,0.80000000000000004,8,10,715,43,0.93170103092783507,0.44444444444444442,0.15686274509803921,0.2318840579710145,0.013793103448275862,18,0.023195876288659795,10,43,5,225,0.28994845360824745,hypothetical; not empirically measured mine-specific costs
Gradient Boosting,0.81000000000000005,6,8,717,45,0.93170103092783507,0.42857142857142855,0.11764705882352941,0.18461538461538463,0.011034482758620689,14,0.01804123711340206,8,45,5,233,0.30025773195876287,hypothetical; not empirically measured mine-specific costs
Gradient Boosting,0.81999999999999995,6,5,720,45,0.93556701030927836,0.54545454545454541,0.11764705882352941,0.19354838709677419,0.0068965517241379309,11,0.014175257731958763,5,45,5,230,0.29639175257731959,hypothetical; not empirically measured mine-specific costs
Gradient Boosting,0.82999999999999996,5,5,720,46,0.93427835051546393,0.5,0.098039215686274508,0.16393442622950818,0.0068965517241379309,10,0.012886597938144329,5,46,5,235,0.30283505154639173,hypothetical; not empirically measured mine-specific costs
Gradient Boosting,0.83999999999999997,5,4,721,46,0.93556701030927836,0.55555555555555558,0.098039215686274508,0.16666666666666666,0.0055172413793103444,9,0.011597938144329897,4,46,5,234,0.3015463917525773,hypothetical; not empirically measured mine-specific costs
Gradient Boosting,0.84999999999999998,3,3,722,48,0.93427835051546393,0.5,0.058823529411764705,0.10526315789473684,0.0041379310344827587,6,0.0077319587628865982,3,48,5,243,0.31314432989690721,hypothetical; not empirically measured mine-specific costs
Gradient Boosting,0.85999999999999999,2,3,722,49,0.9329896907216495,0.40000000000000002,0.039215686274509803,0.071428571428571425,0.0041379310344827587,5,0.0064432989690721646,3,49,5,248,0.31958762886597936,hypothetical; not empirically measured mine-specific costs
Gradient Boosting,0.87,2,2,723,49,0.93427835051546393,0.5,0.039215686274509803,0.072727272727272724,0.0027586206896551722,4,0.0051546391752577319,2,49,5,247,0.31829896907216493,hypothetical; not empirically measured mine-specific costs
Gradient Boosting,0.88,2,1,724,49,0.93556701030927836,0.66666666666666663,0.039215686274509803,0.07407407407407407,0.0013793103448275861,3,0.0038659793814432991,1,49,5,246,0.3170103092783505,hypothetical; not empirically measured mine-specific costs
Gradient Boosting,0.89000000000000001,1,1,724,50,0.93427835051546393,0.5,0.019607843137254902,0.037735849056603772,0.0013793103448275861,2,0.0025773195876288659,1,50,5,251,0.3234536082474227,hypothetical; not empirically measured mine-specific costs
Gradient Boosting,0.90000000000000002,0,0,725,51,0.93427835051546393,0,0,0,0,0,0,0,51,5,255,0.32860824742268041,hypothetical; not empirically measured mine-specific costs
Gradient Boosting,0.91000000000000003,0,0,725,51,0.93427835051546393,0,0,0,0,0,0,0,51,5,255,0.32860824742268041,hypothetical; not empirically measured mine-specific costs
Gradient Boosting,0.92000000000000004,0,0,725,51,0.93427835051546393,0,0,0,0,0,0,0,51,5,255,0.32860824742268041,hypothetical; not empirically measured mine-specific costs
Gradient Boosting,0.93000000000000005,0,0,725,51,0.93427835051546393,0,0,0,0,0,0,0,51,5,255,0.32860824742268041,hypothetical; not empirically measured mine-specific costs
Gradient Boosting,0.93999999999999995,0,0,725,51,0.93427835051546393,0,0,0,0,0,0,0,51,5,255,0.32860824742268041,hypothetical; not empirically measured mine-specific costs
Gradient Boosting,0.94999999999999996,0,0,725,51,0.93427835051546393,0,0,0,0,0,0,0,51,5,255,0.32860824742268041,hypothetical; not empirically measured mine-specific costs
Gradient Boosting,0.95999999999999996,0,0,725,51,0.93427835051546393,0,0,0,0,0,0,0,51,5,255,0.32860824742268041,hypothetical; not empirically measured mine-specific costs
Gradient Boosting,0.96999999999999997,0,0,725,51,0.93427835051546393,0,0,0,0,0,0,0,51,5,255,0.32860824742268041,hypothetical; not empirically measured mine-specific costs
Gradient Boosting,0.97999999999999998,0,0,725,51,0.93427835051546393,0,0,0,0,0,0,0,51,5,255,0.32860824742268041,hypothetical; not empirically measured mine-specific costs
Gradient Boosting,0.98999999999999999,0,0,725,51,0.93427835051546393,0,0,0,0,0,0,0,51,5,255,0.32860824742268041,hypothetical; not empirically measured mine-specific costs
SVM,0.01,51,725,0,0,0.065721649484536085,0.065721649484536085,1,0.12333736396614269,1,776,1,725,0,5,725,0.93427835051546393,hypothetical; not empirically measured mine-specific costs
SVM,0.02,51,724,1,0,0.067010309278350513,0.06580645161290323,1,0.12348668280871671,0.99862068965517237,775,0.99871134020618557,724,0,5,724,0.9329896907216495,hypothetical; not empirically measured mine-specific costs
SVM,0.029999999999999999,51,714,11,0,0.079896907216494839,0.066666666666666666,1,0.125,0.98482758620689659,765,0.98582474226804129,714,0,5,714,0.92010309278350511,hypothetical; not empirically measured mine-specific costs
SVM,0.040000000000000001,41,418,307,10,0.4484536082474227,0.089324618736383449,0.80392156862745101,0.16078431372549021,0.57655172413793099,459,0.59149484536082475,418,10,5,468,0.60309278350515461,hypothetical; not empirically measured mine-specific costs
SVM,0.050000000000000003,31,240,485,20,0.66494845360824739,0.11439114391143912,0.60784313725490191,0.19254658385093168,0.33103448275862069,271,0.34922680412371132,240,20,5,340,0.43814432989690721,hypothetical; not empirically measured mine-specific costs
SVM,0.059999999999999998,29,187,538,22,0.73067010309278346,0.13425925925925927,0.56862745098039214,0.21722846441947566,0.25793103448275861,216,0.27835051546391754,187,22,5,297,0.38273195876288657,hypothetical; not empirically measured mine-specific costs
SVM,0.070000000000000007,25,148,577,26,0.77577319587628868,0.14450867052023122,0.49019607843137253,0.22321428571428573,0.20413793103448277,173,0.22293814432989692,148,26,5,278,0.35824742268041238,hypothetical; not empirically measured mine-specific costs
SVM,0.080000000000000002,20,125,600,31,0.7989690721649485,0.13793103448275862,0.39215686274509803,0.20408163265306123,0.17241379310344829,145,0.18685567010309279,125,31,5,280,0.36082474226804123,hypothetical; not empirically measured mine-specific costs
SVM,0.089999999999999997,19,103,622,32,0.8260309278350515,0.15573770491803279,0.37254901960784315,0.21965317919075145,0.14206896551724138,122,0.15721649484536082,103,32,5,263,0.33891752577319589,hypothetical; not empirically measured mine-specific costs
SVM,0.10000000000000001,18,80,645,33,0.85438144329896903,0.18367346938775511,0.35294117647058826,0.24161073825503357,0.1103448275862069,98,0.12628865979381443,80,33,5,245,0.31572164948453607,hypothetical; not empirically measured mine-specific costs
SVM,0.11,17,73,652,34,0.86211340206185572,0.18888888888888888,0.33333333333333331,0.24113475177304963,0.10068965517241379,90,0.11597938144329897,73,34,5,243,0.31314432989690721,hypothetical; not empirically measured mine-specific costs
SVM,0.12,17,62,663,34,0.87628865979381443,0.21518987341772153,0.33333333333333331,0.26153846153846155,0.085517241379310341,79,0.10180412371134021,62,34,5,232,0.29896907216494845,hypothetical; not empirically measured mine-specific costs
SVM,0.13,16,58,667,35,0.88015463917525771,0.21621621621621623,0.31372549019607843,0.25600000000000001,0.080000000000000002,74,0.095360824742268036,58,35,5,233,0.30025773195876287,hypothetical; not empirically measured mine-specific costs
SVM,0.14000000000000001,16,53,672,35,0.88659793814432986,0.2318840579710145,0.31372549019607843,0.26666666666666666,0.073103448275862071,69,0.08891752577319588,53,35,5,228,0.29381443298969073,hypothetical; not empirically measured mine-specific costs
SVM,0.14999999999999999,15,45,680,36,0.89561855670103097,0.25,0.29411764705882354,0.27027027027027029,0.062068965517241378,60,0.077319587628865982,45,36,5,225,0.28994845360824745,hypothetical; not empirically measured mine-specific costs
SVM,0.16,12,38,687,39,0.90077319587628868,0.23999999999999999,0.23529411764705882,0.23762376237623761,0.052413793103448278,50,0.064432989690721643,38,39,5,233,0.30025773195876287,hypothetical; not empirically measured mine-specific costs
SVM,0.17000000000000001,10,33,692,41,0.90463917525773196,0.23255813953488372,0.19607843137254902,0.21276595744680851,0.045517241379310347,43,0.055412371134020616,33,41,5,238,0.30670103092783507,hypothetical; not empirically measured mine-specific costs
SVM,0.17999999999999999,10,26,699,41,0.91365979381443296,0.27777777777777779,0.19607843137254902,0.22988505747126436,0.035862068965517239,36,0.046391752577319589,26,41,5,231,0.29768041237113402,hypothetical; not empirically measured mine-specific costs
SVM,0.19,8,21,704,43,0.91752577319587625,0.27586206896551724,0.15686274509803921,0.20000000000000001,0.028965517241379312,29,0.037371134020618556,21,43,5,236,0.30412371134020616,hypothetical; not empirically measured mine-specific costs
SVM,0.20000000000000001,5,17,708,46,0.91881443298969068,0.22727272727272727,0.098039215686274508,0.13698630136986301,0.023448275862068966,22,0.028350515463917526,17,46,5,247,0.31829896907216493,hypothetical; not empirically measured mine-specific costs
SVM,0.20999999999999999,4,13,712,47,0.92268041237113407,0.23529411764705882,0.078431372549019607,0.11764705882352941,0.01793103448275862,17,0.021907216494845359,13,47,5,248,0.31958762886597936,hypothetical; not empirically measured mine-specific costs
SVM,0.22,4,11,714,47,0.92525773195876293,0.26666666666666666,0.078431372549019607,0.12121212121212122,0.015172413793103448,15,0.019329896907216496,11,47,5,246,0.3170103092783505,hypothetical; not empirically measured mine-specific costs
SVM,0.23000000000000001,3,6,719,48,0.93041237113402064,0.33333333333333331,0.058823529411764705,0.10000000000000001,0.0082758620689655175,9,0.011597938144329897,6,48,5,246,0.3170103092783505,hypothetical; not empirically measured mine-specific costs
SVM,0.23999999999999999,1,4,721,50,0.93041237113402064,0.20000000000000001,0.019607843137254902,0.035714285714285712,0.0055172413793103444,5,0.0064432989690721646,4,50,5,254,0.32731958762886598,hypothetical; not empirically measured mine-specific costs
SVM,0.25,1,3,722,50,0.93170103092783507,0.25,0.019607843137254902,0.036363636363636362,0.0041379310344827587,4,0.0051546391752577319,3,50,5,253,0.32603092783505155,hypothetical; not empirically measured mine-specific costs
SVM,0.26000000000000001,1,2,723,50,0.9329896907216495,0.33333333333333331,0.019607843137254902,0.037037037037037035,0.0027586206896551722,3,0.0038659793814432991,2,50,5,252,0.32474226804123713,hypothetical; not empirically measured mine-specific costs
SVM,0.27000000000000002,0,1,724,51,0.9329896907216495,0,0,0,0.0013793103448275861,1,0.001288659793814433,1,51,5,256,0.32989690721649484,hypothetical; not empirically measured mine-specific costs
SVM,0.28000000000000003,0,0,725,51,0.93427835051546393,0,0,0,0,0,0,0,51,5,255,0.32860824742268041,hypothetical; not empirically measured mine-specific costs
SVM,0.28999999999999998,0,0,725,51,0.93427835051546393,0,0,0,0,0,0,0,51,5,255,0.32860824742268041,hypothetical; not empirically measured mine-specific costs
SVM,0.29999999999999999,0,0,725,51,0.93427835051546393,0,0,0,0,0,0,0,51,5,255,0.32860824742268041,hypothetical; not empirically measured mine-specific costs
SVM,0.31,0,0,725,51,0.93427835051546393,0,0,0,0,0,0,0,51,5,255,0.32860824742268041,hypothetical; not empirically measured mine-specific costs
SVM,0.32000000000000001,0,0,725,51,0.93427835051546393,0,0,0,0,0,0,0,51,5,255,0.32860824742268041,hypothetical; not empirically measured mine-specific costs
SVM,0.33000000000000002,0,0,725,51,0.93427835051546393,0,0,0,0,0,0,0,51,5,255,0.32860824742268041,hypothetical; not empirically measured mine-specific costs
SVM,0.34000000000000002,0,0,725,51,0.93427835051546393,0,0,0,0,0,0,0,51,5,255,0.32860824742268041,hypothetical; not empirically measured mine-specific costs
SVM,0.34999999999999998,0,0,725,51,0.93427835051546393,0,0,0,0,0,0,0,51,5,255,0.32860824742268041,hypothetical; not empirically measured mine-specific costs
SVM,0.35999999999999999,0,0,725,51,0.93427835051546393,0,0,0,0,0,0,0,51,5,255,0.32860824742268041,hypothetical; not empirically measured mine-specific costs
SVM,0.37,0,0,725,51,0.93427835051546393,0,0,0,0,0,0,0,51,5,255,0.32860824742268041,hypothetical; not empirically measured mine-specific costs
SVM,0.38,0,0,725,51,0.93427835051546393,0,0,0,0,0,0,0,51,5,255,0.32860824742268041,hypothetical; not empirically measured mine-specific costs
SVM,0.39000000000000001,0,0,725,51,0.93427835051546393,0,0,0,0,0,0,0,51,5,255,0.32860824742268041,hypothetical; not empirically measured mine-specific costs
SVM,0.40000000000000002,0,0,725,51,0.93427835051546393,0,0,0,0,0,0,0,51,5,255,0.32860824742268041,hypothetical; not empirically measured mine-specific costs
SVM,0.40999999999999998,0,0,725,51,0.93427835051546393,0,0,0,0,0,0,0,51,5,255,0.32860824742268041,hypothetical; not empirically measured mine-specific costs
SVM,0.41999999999999998,0,0,725,51,0.93427835051546393,0,0,0,0,0,0,0,51,5,255,0.32860824742268041,hypothetical; not empirically measured mine-specific costs
SVM,0.42999999999999999,0,0,725,51,0.93427835051546393,0,0,0,0,0,0,0,51,5,255,0.32860824742268041,hypothetical; not empirically measured mine-specific costs
SVM,0.44,0,0,725,51,0.93427835051546393,0,0,0,0,0,0,0,51,5,255,0.32860824742268041,hypothetical; not empirically measured mine-specific costs
SVM,0.45000000000000001,0,0,725,51,0.93427835051546393,0,0,0,0,0,0,0,51,5,255,0.32860824742268041,hypothetical; not empirically measured mine-specific costs
SVM,0.46000000000000002,0,0,725,51,0.93427835051546393,0,0,0,0,0,0,0,51,5,255,0.32860824742268041,hypothetical; not empirically measured mine-specific costs
SVM,0.46999999999999997,0,0,725,51,0.93427835051546393,0,0,0,0,0,0,0,51,5,255,0.32860824742268041,hypothetical; not empirically measured mine-specific costs
SVM,0.47999999999999998,0,0,725,51,0.93427835051546393,0,0,0,0,0,0,0,51,5,255,0.32860824742268041,hypothetical; not empirically measured mine-specific costs
SVM,0.48999999999999999,0,0,725,51,0.93427835051546393,0,0,0,0,0,0,0,51,5,255,0.32860824742268041,hypothetical; not empirically measured mine-specific costs
SVM,0.5,0,0,725,51,0.93427835051546393,0,0,0,0,0,0,0,51,5,255,0.32860824742268041,hypothetical; not empirically measured mine-specific costs
SVM,0.51000000000000001,0,0,725,51,0.93427835051546393,0,0,0,0,0,0,0,51,5,255,0.32860824742268041,hypothetical; not empirically measured mine-specific costs
SVM,0.52000000000000002,0,0,725,51,0.93427835051546393,0,0,0,0,0,0,0,51,5,255,0.32860824742268041,hypothetical; not empirically measured mine-specific costs
SVM,0.53000000000000003,0,0,725,51,0.93427835051546393,0,0,0,0,0,0,0,51,5,255,0.32860824742268041,hypothetical; not empirically measured mine-specific costs
SVM,0.54000000000000004,0,0,725,51,0.93427835051546393,0,0,0,0,0,0,0,51,5,255,0.32860824742268041,hypothetical; not empirically measured mine-specific costs
SVM,0.55000000000000004,0,0,725,51,0.93427835051546393,0,0,0,0,0,0,0,51,5,255,0.32860824742268041,hypothetical; not empirically measured mine-specific costs
SVM,0.56000000000000005,0,0,725,51,0.93427835051546393,0,0,0,0,0,0,0,51,5,255,0.32860824742268041,hypothetical; not empirically measured mine-specific costs
SVM,0.56999999999999995,0,0,725,51,0.93427835051546393,0,0,0,0,0,0,0,51,5,255,0.32860824742268041,hypothetical; not empirically measured mine-specific costs
SVM,0.57999999999999996,0,0,725,51,0.93427835051546393,0,0,0,0,0,0,0,51,5,255,0.32860824742268041,hypothetical; not empirically measured mine-specific costs
SVM,0.58999999999999997,0,0,725,51,0.93427835051546393,0,0,0,0,0,0,0,51,5,255,0.32860824742268041,hypothetical; not empirically measured mine-specific costs
SVM,0.59999999999999998,0,0,725,51,0.93427835051546393,0,0,0,0,0,0,0,51,5,255,0.32860824742268041,hypothetical; not empirically measured mine-specific costs
SVM,0.60999999999999999,0,0,725,51,0.93427835051546393,0,0,0,0,0,0,0,51,5,255,0.32860824742268041,hypothetical; not empirically measured mine-specific costs
SVM,0.62,0,0,725,51,0.93427835051546393,0,0,0,0,0,0,0,51,5,255,0.32860824742268041,hypothetical; not empirically measured mine-specific costs
SVM,0.63,0,0,725,51,0.93427835051546393,0,0,0,0,0,0,0,51,5,255,0.32860824742268041,hypothetical; not empirically measured mine-specific costs
SVM,0.64000000000000001,0,0,725,51,0.93427835051546393,0,0,0,0,0,0,0,51,5,255,0.32860824742268041,hypothetical; not empirically measured mine-specific costs
SVM,0.65000000000000002,0,0,725,51,0.93427835051546393,0,0,0,0,0,0,0,51,5,255,0.32860824742268041,hypothetical; not empirically measured mine-specific costs
SVM,0.66000000000000003,0,0,725,51,0.93427835051546393,0,0,0,0,0,0,0,51,5,255,0.32860824742268041,hypothetical; not empirically measured mine-specific costs
SVM,0.67000000000000004,0,0,725,51,0.93427835051546393,0,0,0,0,0,0,0,51,5,255,0.32860824742268041,hypothetical; not empirically measured mine-specific costs
SVM,0.68000000000000005,0,0,725,51,0.93427835051546393,0,0,0,0,0,0,0,51,5,255,0.32860824742268041,hypothetical; not empirically measured mine-specific costs
SVM,0.68999999999999995,0,0,725,51,0.93427835051546393,0,0,0,0,0,0,0,51,5,255,0.32860824742268041,hypothetical; not empirically measured mine-specific costs
SVM,0.69999999999999996,0,0,725,51,0.93427835051546393,0,0,0,0,0,0,0,51,5,255,0.32860824742268041,hypothetical; not empirically measured mine-specific costs
SVM,0.70999999999999996,0,0,725,51,0.93427835051546393,0,0,0,0,0,0,0,51,5,255,0.32860824742268041,hypothetical; not empirically measured mine-specific costs
SVM,0.71999999999999997,0,0,725,51,0.93427835051546393,0,0,0,0,0,0,0,51,5,255,0.32860824742268041,hypothetical; not empirically measured mine-specific costs
SVM,0.72999999999999998,0,0,725,51,0.93427835051546393,0,0,0,0,0,0,0,51,5,255,0.32860824742268041,hypothetical; not empirically measured mine-specific costs
SVM,0.73999999999999999,0,0,725,51,0.93427835051546393,0,0,0,0,0,0,0,51,5,255,0.32860824742268041,hypothetical; not empirically measured mine-specific costs
SVM,0.75,0,0,725,51,0.93427835051546393,0,0,0,0,0,0,0,51,5,255,0.32860824742268041,hypothetical; not empirically measured mine-specific costs
SVM,0.76000000000000001,0,0,725,51,0.93427835051546393,0,0,0,0,0,0,0,51,5,255,0.32860824742268041,hypothetical; not empirically measured mine-specific costs
SVM,0.77000000000000002,0,0,725,51,0.93427835051546393,0,0,0,0,0,0,0,51,5,255,0.32860824742268041,hypothetical; not empirically measured mine-specific costs
SVM,0.78000000000000003,0,0,725,51,0.93427835051546393,0,0,0,0,0,0,0,51,5,255,0.32860824742268041,hypothetical; not empirically measured mine-specific costs
SVM,0.79000000000000004,0,0,725,51,0.93427835051546393,0,0,0,0,0,0,0,51,5,255,0.32860824742268041,hypothetical; not empirically measured mine-specific costs
SVM,0.80000000000000004,0,0,725,51,0.93427835051546393,0,0,0,0,0,0,0,51,5,255,0.32860824742268041,hypothetical; not empirically measured mine-specific costs
SVM,0.81000000000000005,0,0,725,51,0.93427835051546393,0,0,0,0,0,0,0,51,5,255,0.32860824742268041,hypothetical; not empirically measured mine-specific costs
SVM,0.81999999999999995,0,0,725,51,0.93427835051546393,0,0,0,0,0,0,0,51,5,255,0.32860824742268041,hypothetical; not empirically measured mine-specific costs
SVM,0.82999999999999996,0,0,725,51,0.93427835051546393,0,0,0,0,0,0,0,51,5,255,0.32860824742268041,hypothetical; not empirically measured mine-specific costs
SVM,0.83999999999999997,0,0,725,51,0.93427835051546393,0,0,0,0,0,0,0,51,5,255,0.32860824742268041,hypothetical; not empirically measured mine-specific costs
SVM,0.84999999999999998,0,0,725,51,0.93427835051546393,0,0,0,0,0,0,0,51,5,255,0.32860824742268041,hypothetical; not empirically measured mine-specific costs
SVM,0.85999999999999999,0,0,725,51,0.93427835051546393,0,0,0,0,0,0,0,51,5,255,0.32860824742268041,hypothetical; not empirically measured mine-specific costs
SVM,0.87,0,0,725,51,0.93427835051546393,0,0,0,0,0,0,0,51,5,255,0.32860824742268041,hypothetical; not empirically measured mine-specific costs
SVM,0.88,0,0,725,51,0.93427835051546393,0,0,0,0,0,0,0,51,5,255,0.32860824742268041,hypothetical; not empirically measured mine-specific costs
SVM,0.89000000000000001,0,0,725,51,0.93427835051546393,0,0,0,0,0,0,0,51,5,255,0.32860824742268041,hypothetical; not empirically measured mine-specific costs
SVM,0.90000000000000002,0,0,725,51,0.93427835051546393,0,0,0,0,0,0,0,51,5,255,0.32860824742268041,hypothetical; not empirically measured mine-specific costs
SVM,0.91000000000000003,0,0,725,51,0.93427835051546393,0,0,0,0,0,0,0,51,5,255,0.32860824742268041,hypothetical; not empirically measured mine-specific costs
SVM,0.92000000000000004,0,0,725,51,0.93427835051546393,0,0,0,0,0,0,0,51,5,255,0.32860824742268041,hypothetical; not empirically measured mine-specific costs
SVM,0.93000000000000005,0,0,725,51,0.93427835051546393,0,0,0,0,0,0,0,51,5,255,0.32860824742268041,hypothetical; not empirically measured mine-specific costs
SVM,0.93999999999999995,0,0,725,51,0.93427835051546393,0,0,0,0,0,0,0,51,5,255,0.32860824742268041,hypothetical; not empirically measured mine-specific costs
SVM,0.94999999999999996,0,0,725,51,0.93427835051546393,0,0,0,0,0,0,0,51,5,255,0.32860824742268041,hypothetical; not empirically measured mine-specific costs
SVM,0.95999999999999996,0,0,725,51,0.93427835051546393,0,0,0,0,0,0,0,51,5,255,0.32860824742268041,hypothetical; not empirically measured mine-specific costs
SVM,0.96999999999999997,0,0,725,51,0.93427835051546393,0,0,0,0,0,0,0,51,5,255,0.32860824742268041,hypothetical; not empirically measured mine-specific costs
SVM,0.97999999999999998,0,0,725,51,0.93427835051546393,0,0,0,0,0,0,0,51,5,255,0.32860824742268041,hypothetical; not empirically measured mine-specific costs
SVM,0.98999999999999999,0,0,725,51,0.93427835051546393,0,0,0,0,0,0,0,51,5,255,0.32860824742268041,hypothetical; not empirically measured mine-specific costs
Logistic Regression,0.01,51,725,0,0,0.065721649484536085,0.065721649484536085,1,0.12333736396614269,1,776,1,725,0,10,725,0.93427835051546393,hypothetical; not empirically measured mine-specific costs
Logistic Regression,0.02,51,725,0,0,0.065721649484536085,0.065721649484536085,1,0.12333736396614269,1,776,1,725,0,10,725,0.93427835051546393,hypothetical; not empirically measured mine-specific costs
Logistic Regression,0.029999999999999999,51,725,0,0,0.065721649484536085,0.065721649484536085,1,0.12333736396614269,1,776,1,725,0,10,725,0.93427835051546393,hypothetical; not empirically measured mine-specific costs
Logistic Regression,0.040000000000000001,51,725,0,0,0.065721649484536085,0.065721649484536085,1,0.12333736396614269,1,776,1,725,0,10,725,0.93427835051546393,hypothetical; not empirically measured mine-specific costs
Logistic Regression,0.050000000000000003,51,725,0,0,0.065721649484536085,0.065721649484536085,1,0.12333736396614269,1,776,1,725,0,10,725,0.93427835051546393,hypothetical; not empirically measured mine-specific costs
Logistic Regression,0.059999999999999998,51,724,1,0,0.067010309278350513,0.06580645161290323,1,0.12348668280871671,0.99862068965517237,775,0.99871134020618557,724,0,10,724,0.9329896907216495,hypothetical; not empirically measured mine-specific costs
Logistic Regression,0.070000000000000007,51,724,1,0,0.067010309278350513,0.06580645161290323,1,0.12348668280871671,0.99862068965517237,775,0.99871134020618557,724,0,10,724,0.9329896907216495,hypothetical; not empirically measured mine-specific costs
Logistic Regression,0.080000000000000002,51,723,2,0,0.068298969072164942,0.06589147286821706,1,0.12363636363636364,0.99724137931034484,774,0.99742268041237114,723,0,10,723,0.93170103092783507,hypothetical; not empirically measured mine-specific costs
Logistic Regression,0.089999999999999997,51,723,2,0,0.068298969072164942,0.06589147286821706,1,0.12363636363636364,0.99724137931034484,774,0.99742268041237114,723,0,10,723,0.93170103092783507,hypothetical; not empirically measured mine-specific costs
Logistic Regression,0.10000000000000001,51,721,4,0,0.070876288659793812,0.066062176165803108,1,0.12393681652490887,0.99448275862068969,772,0.99484536082474229,721,0,10,721,0.92912371134020622,hypothetical; not empirically measured mine-specific costs
Logistic Regression,0.11,51,718,7,0,0.074742268041237112,0.066319895968790635,1,0.12439024390243902,0.9903448275862069,769,0.990979381443299,718,0,10,718,0.92525773195876293,hypothetical; not empirically measured mine-specific costs
Logistic Regression,0.12,51,717,8,0,0.07603092783505154,0.06640625,1,0.12454212454212454,0.98896551724137927,768,0.98969072164948457,717,0,10,717,0.9239690721649485,hypothetical; not empirically measured mine-specific costs
Logistic Regression,0.13,51,716,9,0,0.077319587628865982,0.066492829204693613,1,0.12469437652811736,0.98758620689655174,767,0.98840206185567014,716,0,10,716,0.92268041237113407,hypothetical; not empirically measured mine-specific costs
Logistic Regression,0.14000000000000001,51,716,9,0,0.077319587628865982,0.066492829204693613,1,0.12469437652811736,0.98758620689655174,767,0.98840206185567014,716,0,10,716,0.92268041237113407,hypothetical; not empirically measured mine-specific costs
Logistic Regression,0.14999999999999999,51,715,10,0,0.078608247422680411,0.066579634464751958,1,0.12484700122399021,0.98620689655172411,766,0.98711340206185572,715,0,10,715,0.92139175257731953,hypothetical; not empirically measured mine-specific costs
Logistic Regression,0.16,51,714,11,0,0.079896907216494839,0.066666666666666666,1,0.125,0.98482758620689659,765,0.98582474226804129,714,0,10,714,0.92010309278350511,hypothetical; not empirically measured mine-specific costs
Logistic Regression,0.17000000000000001,51,706,19,0,0.090206185567010308,0.067371202113606338,1,0.12623762376237624,0.97379310344827585,757,0.97551546391752575,706,0,10,706,0.90979381443298968,hypothetical; not empirically measured mine-specific costs
Logistic Regression,0.17999999999999999,51,671,54,0,0.13530927835051546,0.070637119113573413,1,0.13195342820181113,0.92551724137931035,722,0.93041237113402064,671,0,10,671,0.86469072164948457,hypothetical; not empirically measured mine-specific costs
Logistic Regression,0.19,51,628,97,0,0.19072164948453607,0.07511045655375552,1,0.13972602739726028,0.86620689655172411,679,0.875,628,0,10,628,0.80927835051546393,hypothetical; not empirically measured mine-specific costs
Logistic Regression,0.20000000000000001,51,592,133,0,0.23711340206185566,0.079315707620528766,1,0.14697406340057637,0.81655172413793109,643,0.82860824742268047,592,0,10,592,0.76288659793814428,hypothetical; not empirically measured mine-specific costs
Logistic Regression,0.20999999999999999,51,567,158,0,0.26932989690721648,0.082524271844660199,1,0.15246636771300448,0.78206896551724137,618,0.79639175257731953,567,0,10,567,0.73067010309278346,hypothetical; not empirically measured mine-specific costs
Logistic Regression,0.22,51,558,167,0,0.28092783505154639,0.083743842364532015,1,0.15454545454545454,0.76965517241379311,609,0.78479381443298968,558,0,10,558,0.71907216494845361,hypothetical; not empirically measured mine-specific costs
Logistic Regression,0.23000000000000001,51,543,182,0,0.30025773195876287,0.085858585858585856,1,0.15813953488372093,0.74896551724137927,594,0.76546391752577314,543,0,10,543,0.69974226804123707,hypothetical; not empirically measured mine-specific costs
Logistic Regression,0.23999999999999999,51,527,198,0,0.32087628865979384,0.088235294117647065,1,0.16216216216216217,0.72689655172413792,578,0.74484536082474229,527,0,10,527,0.67912371134020622,hypothetical; not empirically measured mine-specific costs
Logistic Regression,0.25,49,501,224,2,0.35180412371134023,0.089090909090909096,0.96078431372549022,0.16306156405990016,0.69103448275862067,550,0.70876288659793818,501,2,10,521,0.67139175257731953,hypothetical; not empirically measured mine-specific costs
Logistic Regression,0.26000000000000001,49,484,241,2,0.37371134020618557,0.09193245778611632,0.96078431372549022,0.1678082191780822,0.66758620689655168,533,0.68685567010309279,484,2,10,504,0.64948453608247425,hypothetical; not empirically measured mine-specific costs
Logistic Regression,0.27000000000000002,49,467,258,2,0.39561855670103091,0.094961240310077522,0.96078431372549022,0.1728395061728395,0.6441379310344828,516,0.66494845360824739,467,2,10,487,0.62757731958762886,hypothetical; not empirically measured mine-specific costs
Logistic Regression,0.28000000000000003,47,445,280,4,0.42139175257731959,0.095528455284552852,0.92156862745098034,0.17311233885819521,0.61379310344827587,492,0.634020618556701,445,4,10,485,0.625,hypothetical; not empirically measured mine-specific costs
Logistic Regression,0.28999999999999998,46,414,311,5,0.46005154639175255,0.10000000000000001,0.90196078431372551,0.18003913894324852,0.57103448275862068,460,0.59278350515463918,414,5,10,464,0.59793814432989689,hypothetical; not empirically measured mine-specific costs
Logistic Regression,0.29999999999999999,45,394,331,6,0.4845360824742268,0.10250569476082004,0.88235294117647056,0.18367346938775511,0.54344827586206901,439,0.56572164948453607,394,6,10,454,0.58505154639175261,hypothetical; not empirically measured mine-specific costs
Logistic Regression,0.31,44,367,358,7,0.51804123711340211,0.1070559610705596,0.86274509803921573,0.19047619047619047,0.50620689655172413,411,0.52963917525773196,367,7,10,437,0.56314432989690721,hypothetical; not empirically measured mine-specific costs
Logistic Regression,0.32000000000000001,41,347,378,10,0.53994845360824739,0.1056701030927835,0.80392156862745101,0.18678815489749431,0.4786206896551724,388,0.5,347,10,10,447,0.5760309278350515,hypothetical; not empirically measured mine-specific costs
Logistic Regression,0.33000000000000002,40,328,397,11,0.56314432989690721,0.10869565217391304,0.78431372549019607,0.1909307875894988,0.45241379310344826,368,0.47422680412371132,328,11,10,438,0.56443298969072164,hypothetical; not empirically measured mine-specific costs
Logistic Regression,0.34000000000000002,39,312,413,12,0.58247422680412375,0.1111111111111111,0.76470588235294112,0.19402985074626866,0.4303448275862069,351,0.45231958762886598,312,12,10,432,0.55670103092783507,hypothetical; not empirically measured mine-specific costs
Logistic Regression,0.34999999999999998,38,296,429,13,0.60180412371134018,0.11377245508982035,0.74509803921568629,0.19740259740259741,0.40827586206896554,334,0.43041237113402064,296,13,10,426,0.5489690721649485,hypothetical; not empirically measured mine-specific costs
Logistic Regression,0.35999999999999999,37,280,445,14,0.62113402061855671,0.1167192429022082,0.72549019607843135,0.20108695652173914,0.38620689655172413,317,0.40850515463917525,280,14,10,420,0.54123711340206182,hypothetical; not empirically measured mine-specific costs
Logistic Regression,0.37,37,262,463,14,0.64432989690721654,0.12374581939799331,0.72549019607843135,0.21142857142857144,0.36137931034482756,299,0.38530927835051548,262,14,10,402,0.51804123711340211,hypothetical; not empirically measured mine-specific costs
Logistic Regression,0.38,36,243,482,15,0.66752577319587625,0.12903225806451613,0.70588235294117652,0.21818181818181817,0.33517241379310347,279,0.3595360824742268,243,15,10,393,0.50644329896907214,hypothetical; not empirically measured mine-specific costs
Logistic Regression,0.39000000000000001,36,232,493,15,0.68170103092783507,0.13432835820895522,0.70588235294117652,0.22570532915360503,0.32000000000000001,268,0.34536082474226804,232,15,10,382,0.49226804123711343,hypothetical; not empirically measured mine-specific costs
Logistic Regression,0.40000000000000002,35,219,506,16,0.69716494845360821,0.13779527559055119,0.68627450980392157,0.22950819672131148,0.30206896551724138,254,0.32731958762886598,219,16,10,379,0.48840206185567009,hypothetical; not empirically measured mine-specific costs
Logistic Regression,0.40999999999999998,33,208,517,18,0.70876288659793818,0.13692946058091288,0.6470588235294118,0.22602739726027396,0.28689655172413792,241,0.31056701030927836,208,18,10,388,0.5,hypothetical; not empirically measured mine-specific costs
Logistic Regression,0.41999999999999998,33,200,525,18,0.71907216494845361,0.14163090128755365,0.6470588235294118,0.23239436619718309,0.27586206896551724,233,0.30025773195876287,200,18,10,380,0.48969072164948452,hypothetical; not empirically measured mine-specific costs
Logistic Regression,0.42999999999999999,33,186,539,18,0.73711340206185572,0.15068493150684931,0.6470588235294118,0.24444444444444444,0.25655172413793104,219,0.28221649484536082,186,18,10,366,0.47164948453608246,hypothetical; not empirically measured mine-specific costs
Logistic Regression,0.44,33,182,543,18,0.74226804123711343,0.15348837209302327,0.6470588235294118,0.24812030075187969,0.25103448275862067,215,0.27706185567010311,182,18,10,362,0.46649484536082475,hypothetical; not empirically measured mine-specific costs
Logistic Regression,0.45000000000000001,33,173,552,18,0.75386597938144329,0.16019417475728157,0.6470588235294118,0.25680933852140075,0.23862068965517241,206,0.2654639175257732,173,18,10,353,0.45489690721649484,hypothetical; not empirically measured mine-specific costs
Logistic Regression,0.46000000000000002,33,165,560,18,0.76417525773195871,0.16666666666666666,0.6470588235294118,0.26506024096385544,0.22758620689655173,198,0.25515463917525771,165,18,10,345,0.44458762886597936,hypothetical; not empirically measured mine-specific costs
Logistic Regression,0.46999999999999997,33,158,567,18,0.77319587628865982,0.17277486910994763,0.6470588235294118,0.27272727272727271,0.21793103448275863,191,0.24613402061855671,158,18,10,338,0.43556701030927836,hypothetical; not empirically measured mine-specific costs
Logistic Regression,0.47999999999999998,32,152,573,19,0.77963917525773196,0.17391304347826086,0.62745098039215685,0.2723404255319149,0.20965517241379311,184,0.23711340206185566,152,19,10,342,0.44072164948453607,hypothetical; not empirically measured mine-specific costs
Logistic Regression,0.48999999999999999,32,142,583,19,0.79252577319587625,0.18390804597701149,0.62745098039215685,0.28444444444444444,0.19586206896551725,174,0.22422680412371135,142,19,10,332,0.42783505154639173,hypothetical; not empirically measured mine-specific costs
Logistic Regression,0.5,32,134,591,19,0.80283505154639179,0.19277108433734941,0.62745098039215685,0.29493087557603687,0.18482758620689654,166,0.21391752577319587,134,19,10,324,0.4175257731958763,hypothetical; not empirically measured mine-specific costs
Logistic Regression,0.51000000000000001,32,127,598,19,0.81185567010309279,0.20125786163522014,0.62745098039215685,0.30476190476190479,0.17517241379310344,159,0.20489690721649484,127,19,10,317,0.40850515463917525,hypothetical; not empirically measured mine-specific costs
Logistic Regression,0.52000000000000002,32,120,605,19,0.82087628865979378,0.21052631578947367,0.62745098039215685,0.31527093596059114,0.16551724137931034,152,0.19587628865979381,120,19,10,310,0.39948453608247425,hypothetical; not empirically measured mine-specific costs
Logistic Regression,0.53000000000000003,32,115,610,19,0.82731958762886593,0.21768707482993196,0.62745098039215685,0.32323232323232326,0.15862068965517243,147,0.18943298969072164,115,19,10,305,0.39304123711340205,hypothetical; not empirically measured mine-specific costs
Logistic Regression,0.54000000000000004,32,107,618,19,0.83762886597938147,0.23021582733812951,0.62745098039215685,0.33684210526315789,0.14758620689655172,139,0.17912371134020619,107,19,10,297,0.38273195876288657,hypothetical; not empirically measured mine-specific costs
Logistic Regression,0.55000000000000004,32,102,623,19,0.84407216494845361,0.23880597014925373,0.62745098039215685,0.34594594594594597,0.1406896551724138,134,0.17268041237113402,102,19,10,292,0.37628865979381443,hypothetical; not empirically measured mine-specific costs
Logistic Regression,0.56000000000000005,30,100,625,21,0.84407216494845361,0.23076923076923078,0.58823529411764708,0.33149171270718231,0.13793103448275862,130,0.16752577319587628,100,21,10,310,0.39948453608247425,hypothetical; not empirically measured mine-specific costs
Logistic Regression,0.56999999999999995,30,96,629,21,0.84922680412371132,0.23809523809523808,0.58823529411764708,0.33898305084745761,0.13241379310344828,126,0.16237113402061856,96,21,10,306,0.39432989690721648,hypothetical; not empirically measured mine-specific costs
Logistic Regression,0.57999999999999996,29,94,631,22,0.85051546391752575,0.23577235772357724,0.56862745098039214,0.33333333333333331,0.1296551724137931,123,0.15850515463917525,94,22,10,314,0.40463917525773196,hypothetical; not empirically measured mine-specific costs
Logistic Regression,0.58999999999999997,29,92,633,22,0.85309278350515461,0.23966942148760331,0.56862745098039214,0.33720930232558138,0.12689655172413794,121,0.15592783505154639,92,22,10,312,0.40206185567010311,hypothetical; not empirically measured mine-specific costs
Logistic Regression,0.59999999999999998,27,87,638,24,0.85695876288659789,0.23684210526315788,0.52941176470588236,0.32727272727272727,0.12,114,0.14690721649484537,87,24,10,327,0.42139175257731959,hypothetical; not empirically measured mine-specific costs
Logistic Regression,0.60999999999999999,26,87,638,25,0.85567010309278346,0.23008849557522124,0.50980392156862742,0.31707317073170732,0.12,113,0.14561855670103094,87,25,10,337,0.43427835051546393,hypothetical; not empirically measured mine-specific costs
Logistic Regression,0.62,26,83,642,25,0.86082474226804129,0.23853211009174313,0.50980392156862742,0.32500000000000001,0.11448275862068966,109,0.1404639175257732,83,25,10,333,0.42912371134020616,hypothetical; not empirically measured mine-specific costs
Logistic Regression,0.63,24,79,646,27,0.86340206185567014,0.23300970873786409,0.47058823529411764,0.31168831168831168,0.10896551724137932,103,0.1327319587628866,79,27,10,349,0.44974226804123713,hypothetical; not empirically measured mine-specific costs
Logistic Regression,0.64000000000000001,24,74,651,27,0.86984536082474229,0.24489795918367346,0.47058823529411764,0.32214765100671139,0.10206896551724139,98,0.12628865979381443,74,27,10,344,0.44329896907216493,hypothetical; not empirically measured mine-specific costs
Logistic Regression,0.65000000000000002,22,70,655,29,0.87242268041237114,0.2391304347826087,0.43137254901960786,0.30769230769230771,0.096551724137931033,92,0.11855670103092783,70,29,10,360,0.46391752577319589,hypothetical; not empirically measured mine-specific costs
Logistic Regression,0.66000000000000003,22,67,658,29,0.87628865979381443,0.24719101123595505,0.43137254901960786,0.31428571428571428,0.092413793103448272,89,0.11469072164948453,67,29,10,357,0.46005154639175255,hypothetical; not empirically measured mine-specific costs
Logistic Regression,0.67000000000000004,22,66,659,29,0.87757731958762886,0.25,0.43137254901960786,0.31654676258992803,0.091034482758620694,88,0.1134020618556701,66,29,10,356,0.45876288659793812,hypothetical; not empirically measured mine-specific costs
Logistic Regression,0.68000000000000005,21,63,662,30,0.88015463917525771,0.25,0.41176470588235292,0.31111111111111112,0.086896551724137933,84,0.10824742268041238,63,30,10,363,0.46778350515463918,hypothetical; not empirically measured mine-specific costs
Logistic Regression,0.68999999999999995,20,63,662,31,0.87886597938144329,0.24096385542168675,0.39215686274509803,0.29850746268656714,0.086896551724137933,83,0.10695876288659793,63,31,10,373,0.48067010309278352,hypothetical; not empirically measured mine-specific costs
Logistic Regression,0.69999999999999996,20,59,666,31,0.884020618556701,0.25316455696202533,0.39215686274509803,0.30769230769230771,0.08137931034482758,79,0.10180412371134021,59,31,10,369,0.47551546391752575,hypothetical; not empirically measured mine-specific costs
Logistic Regression,0.70999999999999996,20,54,671,31,0.89046391752577314,0.27027027027027029,0.39215686274509803,0.32000000000000001,0.074482758620689649,74,0.095360824742268036,54,31,10,364,0.46907216494845361,hypothetical; not empirically measured mine-specific costs
Logistic Regression,0.71999999999999997,19,53,672,32,0.89046391752577314,0.2638888888888889,0.37254901960784315,0.30894308943089432,0.073103448275862071,72,0.092783505154639179,53,32,10,373,0.48067010309278352,hypothetical; not empirically measured mine-specific costs
Logistic Regression,0.72999999999999998,19,50,675,32,0.89432989690721654,0.27536231884057971,0.37254901960784315,0.31666666666666665,0.068965517241379309,69,0.08891752577319588,50,32,10,370,0.47680412371134023,hypothetical; not empirically measured mine-specific costs
Logistic Regression,0.73999999999999999,18,47,678,33,0.89690721649484539,0.27692307692307694,0.35294117647058826,0.31034482758620691,0.064827586206896548,65,0.083762886597938138,47,33,10,377,0.48582474226804123,hypothetical; not empirically measured mine-specific costs
Logistic Regression,0.75,17,47,678,34,0.89561855670103097,0.265625,0.33333333333333331,0.29565217391304349,0.064827586206896548,64,0.08247422680412371,47,34,10,387,0.49871134020618557,hypothetical; not empirically measured mine-specific costs
Logistic Regression,0.76000000000000001,16,45,680,35,0.89690721649484539,0.26229508196721313,0.31372549019607843,0.2857142857142857,0.062068965517241378,61,0.078608247422680411,45,35,10,395,0.509020618556701,hypothetical; not empirically measured mine-specific costs
Logistic Regression,0.77000000000000002,16,40,685,35,0.90335051546391754,0.2857142857142857,0.31372549019607843,0.29906542056074764,0.055172413793103448,56,0.072164948453608241,40,35,10,390,0.50257731958762886,hypothetical; not empirically measured mine-specific costs
Logistic Regression,0.78000000000000003,15,37,688,36,0.90592783505154639,0.28846153846153844,0.29411764705882354,0.29126213592233008,0.051034482758620693,52,0.067010309278350513,37,36,10,397,0.51159793814432986,hypothetical; not empirically measured mine-specific costs
Logistic Regression,0.79000000000000004,15,35,690,36,0.90850515463917525,0.29999999999999999,0.29411764705882354,0.29702970297029702,0.048275862068965517,50,0.064432989690721643,35,36,10,395,0.509020618556701,hypothetical; not empirically measured mine-specific costs
Logistic Regression,0.80000000000000004,15,34,691,36,0.90979381443298968,0.30612244897959184,0.29411764705882354,0.29999999999999999,0.046896551724137932,49,0.063144329896907214,34,36,10,394,0.50773195876288657,hypothetical; not empirically measured mine-specific costs
Logistic Regression,0.81000000000000005,15,32,693,36,0.91237113402061853,0.31914893617021278,0.29411764705882354,0.30612244897959184,0.044137931034482755,47,0.06056701030927835,32,36,10,392,0.50515463917525771,hypothetical; not empirically measured mine-specific costs
Logistic Regression,0.81999999999999995,15,30,695,36,0.91494845360824739,0.33333333333333331,0.29411764705882354,0.3125,0.041379310344827586,45,0.057989690721649487,30,36,10,390,0.50257731958762886,hypothetical; not empirically measured mine-specific costs
Logistic Regression,0.82999999999999996,15,29,696,36,0.91623711340206182,0.34090909090909088,0.29411764705882354,0.31578947368421051,0.040000000000000001,44,0.056701030927835051,29,36,10,389,0.50128865979381443,hypothetical; not empirically measured mine-specific costs
Logistic Regression,0.83999999999999997,13,27,698,38,0.91623711340206182,0.32500000000000001,0.25490196078431371,0.2857142857142857,0.037241379310344824,40,0.051546391752577317,27,38,10,407,0.52448453608247425,hypothetical; not empirically measured mine-specific costs
Logistic Regression,0.84999999999999998,13,24,701,38,0.92010309278350511,0.35135135135135137,0.25490196078431371,0.29545454545454547,0.03310344827586207,37,0.047680412371134018,24,38,10,404,0.52061855670103097,hypothetical; not empirically measured mine-specific costs
Logistic Regression,0.85999999999999999,12,23,702,39,0.92010309278350511,0.34285714285714286,0.23529411764705882,0.27906976744186046,0.031724137931034485,35,0.045103092783505154,23,39,10,413,0.53221649484536082,hypothetical; not empirically measured mine-specific costs
Logistic Regression,0.87,10,23,702,41,0.91752577319587625,0.30303030303030304,0.19607843137254902,0.23809523809523808,0.031724137931034485,33,0.04252577319587629,23,41,10,433,0.5579896907216495,hypothetical; not empirically measured mine-specific costs
Logistic Regression,0.88,8,20,705,43,0.91881443298969068,0.2857142857142857,0.15686274509803921,0.20253164556962025,0.027586206896551724,28,0.03608247422680412,20,43,10,450,0.57989690721649489,hypothetical; not empirically measured mine-specific costs
Logistic Regression,0.89000000000000001,7,18,707,44,0.92010309278350511,0.28000000000000003,0.13725490196078433,0.18421052631578946,0.024827586206896551,25,0.032216494845360821,18,44,10,458,0.59020618556701032,hypothetical; not empirically measured mine-specific costs
Logistic Regression,0.90000000000000002,5,15,710,46,0.92139175257731953,0.25,0.098039215686274508,0.14084507042253522,0.020689655172413793,20,0.025773195876288658,15,46,10,475,0.61211340206185572,hypothetical; not empirically measured mine-specific costs
Logistic Regression,0.91000000000000003,4,15,710,47,0.92010309278350511,0.21052631578947367,0.078431372549019607,0.11428571428571428,0.020689655172413793,19,0.024484536082474227,15,47,10,485,0.625,hypothetical; not empirically measured mine-specific costs
Logistic Regression,0.92000000000000004,3,13,712,48,0.92139175257731953,0.1875,0.058823529411764705,0.089552238805970144,0.01793103448275862,16,0.020618556701030927,13,48,10,493,0.63530927835051543,hypothetical; not empirically measured mine-specific costs
Logistic Regression,0.93000000000000005,3,13,712,48,0.92139175257731953,0.1875,0.058823529411764705,0.089552238805970144,0.01793103448275862,16,0.020618556701030927,13,48,10,493,0.63530927835051543,hypothetical; not empirically measured mine-specific costs
Logistic Regression,0.93999999999999995,3,13,712,48,0.92139175257731953,0.1875,0.058823529411764705,0.089552238805970144,0.01793103448275862,16,0.020618556701030927,13,48,10,493,0.63530927835051543,hypothetical; not empirically measured mine-specific costs
Logistic Regression,0.94999999999999996,2,9,716,49,0.92525773195876293,0.18181818181818182,0.039215686274509803,0.064516129032258063,0.012413793103448275,11,0.014175257731958763,9,49,10,499,0.64304123711340211,hypothetical; not empirically measured mine-specific costs
Logistic Regression,0.95999999999999996,1,6,719,50,0.92783505154639179,0.14285714285714285,0.019607843137254902,0.034482758620689655,0.0082758620689655175,7,0.0090206185567010301,6,50,10,506,0.65206185567010311,hypothetical; not empirically measured mine-specific costs
Logistic Regression,0.96999999999999997,1,6,719,50,0.92783505154639179,0.14285714285714285,0.019607843137254902,0.034482758620689655,0.0082758620689655175,7,0.0090206185567010301,6,50,10,506,0.65206185567010311,hypothetical; not empirically measured mine-specific costs
Logistic Regression,0.97999999999999998,1,3,722,50,0.93170103092783507,0.25,0.019607843137254902,0.036363636363636362,0.0041379310344827587,4,0.0051546391752577319,3,50,10,503,0.64819587628865982,hypothetical; not empirically measured mine-specific costs
Logistic Regression,0.98999999999999999,0,1,724,51,0.9329896907216495,0,0,0,0.0013793103448275861,1,0.001288659793814433,1,51,10,511,0.65850515463917525,hypothetical; not empirically measured mine-specific costs
Random Forest,0.01,47,566,159,4,0.2654639175257732,0.076672104404567704,0.92156862745098034,0.14156626506024098,0.78068965517241384,613,0.78994845360824739,566,4,10,606,0.78092783505154639,hypothetical; not empirically measured mine-specific costs
Random Forest,0.02,45,493,232,6,0.35695876288659795,0.083643122676579931,0.88235294117647056,0.15280135823429541,0.68000000000000005,538,0.69329896907216493,493,6,10,553,0.71262886597938147,hypothetical; not empirically measured mine-specific costs
Random Forest,0.029999999999999999,45,457,268,6,0.40335051546391754,0.089641434262948211,0.88235294117647056,0.16274864376130199,0.63034482758620691,502,0.64690721649484539,457,6,10,517,0.66623711340206182,hypothetical; not empirically measured mine-specific costs
Random Forest,0.040000000000000001,45,402,323,6,0.47422680412371132,0.10067114093959731,0.88235294117647056,0.18072289156626506,0.55448275862068963,447,0.5760309278350515,402,6,10,462,0.59536082474226804,hypothetical; not empirically measured mine-specific costs
Random Forest,0.050000000000000003,44,369,356,7,0.51546391752577314,0.10653753026634383,0.86274509803921573,0.18965517241379309,0.50896551724137928,413,0.53221649484536082,369,7,10,439,0.56572164948453607,hypothetical; not empirically measured mine-specific costs
Random Forest,0.059999999999999998,43,335,390,8,0.5579896907216495,0.11375661375661375,0.84313725490196079,0.20046620046620048,0.46206896551724136,378,0.48711340206185566,335,8,10,415,0.53479381443298968,hypothetical; not empirically measured mine-specific costs
Random Forest,0.070000000000000007,43,311,414,8,0.58891752577319589,0.12146892655367232,0.84313725490196079,0.21234567901234569,0.42896551724137932,354,0.45618556701030927,311,8,10,391,0.50386597938144329,hypothetical; not empirically measured mine-specific costs
Random Forest,0.080000000000000002,42,295,430,9,0.60824742268041232,0.12462908011869436,0.82352941176470584,0.21649484536082475,0.40689655172413791,337,0.43427835051546393,295,9,10,385,0.49613402061855671,hypothetical; not empirically measured mine-specific costs
Random Forest,0.089999999999999997,41,276,449,10,0.63144329896907214,0.12933753943217666,0.80392156862745101,0.22282608695652173,0.38068965517241377,317,0.40850515463917525,276,10,10,376,0.4845360824742268,hypothetical; not empirically measured mine-specific costs
Random Forest,0.10000000000000001,40,258,467,11,0.65335051546391754,0.13422818791946309,0.78431372549019607,0.22922636103151864,0.35586206896551725,298,0.38402061855670105,258,11,10,368,0.47422680412371132,hypothetical; not empirically measured mine-specific costs
Random Forest,0.11,39,241,484,12,0.6739690721649485,0.13928571428571429,0.76470588235294112,0.23564954682779457,0.33241379310344826,280,0.36082474226804123,241,12,10,361,0.46520618556701032,hypothetical; not empirically measured mine-specific costs
Random Forest,0.12,37,223,502,14,0.69458762886597936,0.1423076923076923,0.72549019607843135,0.23794212218649519,0.30758620689655175,260,0.33505154639175255,223,14,10,363,0.46778350515463918,hypothetical; not empirically measured mine-specific costs
Random Forest,0.13,36,209,516,15,0.71134020618556704,0.14693877551020409,0.70588235294117652,0.24324324324324326,0.28827586206896549,245,0.31572164948453607,209,15,10,359,0.46262886597938147,hypothetical; not empirically measured mine-specific costs
Random Forest,0.14000000000000001,36,199,526,15,0.72422680412371132,0.15319148936170213,0.70588235294117652,0.25174825174825177,0.27448275862068966,235,0.30283505154639173,199,15,10,349,0.44974226804123713,hypothetical; not empirically measured mine-specific costs
Random Forest,0.14999999999999999,35,185,540,16,0.740979381443299,0.15909090909090909,0.68627450980392157,0.25830258302583026,0.25517241379310346,220,0.28350515463917525,185,16,10,345,0.44458762886597936,hypothetical; not empirically measured mine-specific costs
Random Forest,0.16,32,174,551,19,0.75128865979381443,0.1553398058252427,0.62745098039215685,0.24902723735408561,0.23999999999999999,206,0.2654639175257732,174,19,10,364,0.46907216494845361,hypothetical; not empirically measured mine-specific costs
Random Forest,0.17000000000000001,30,153,572,21,0.77577319587628868,0.16393442622950818,0.58823529411764708,0.25641025641025639,0.21103448275862069,183,0.23582474226804123,153,21,10,363,0.46778350515463918,hypothetical; not empirically measured mine-specific costs
Random Forest,0.17999999999999999,28,140,585,23,0.78994845360824739,0.16666666666666666,0.5490196078431373,0.25570776255707761,0.19310344827586207,168,0.21649484536082475,140,23,10,370,0.47680412371134023,hypothetical; not empirically measured mine-specific costs
Random Forest,0.19,28,130,595,23,0.80283505154639179,0.17721518987341772,0.5490196078431373,0.26794258373205743,0.1793103448275862,158,0.20360824742268041,130,23,10,360,0.46391752577319589,hypothetical; not empirically measured mine-specific costs
Random Forest,0.20000000000000001,28,119,606,23,0.8170103092783505,0.19047619047619047,0.5490196078431373,0.28282828282828282,0.16413793103448276,147,0.18943298969072164,119,23,10,349,0.44974226804123713,hypothetical; not empirically measured mine-specific costs
Random Forest,0.20999999999999999,27,112,613,24,0.82474226804123707,0.19424460431654678,0.52941176470588236,0.28421052631578947,0.15448275862068966,139,0.17912371134020619,112,24,10,352,0.45360824742268041,hypothetical; not empirically measured mine-specific costs
Random Forest,0.22,26,108,617,25,0.82860824742268047,0.19402985074626866,0.50980392156862742,0.2810810810810811,0.1489655172413793,134,0.17268041237113402,108,25,10,358,0.46134020618556704,hypothetical; not empirically measured mine-specific costs
Random Forest,0.23000000000000001,25,102,623,26,0.83505154639175261,0.19685039370078741,0.49019607843137253,0.2808988764044944,0.1406896551724138,127,0.16365979381443299,102,26,10,362,0.46649484536082475,hypothetical; not empirically measured mine-specific costs
Random Forest,0.23999999999999999,25,93,632,26,0.84664948453608246,0.21186440677966101,0.49019607843137253,0.29585798816568049,0.12827586206896552,118,0.15206185567010308,93,26,10,353,0.45489690721649484,hypothetical; not empirically measured mine-specific costs
Random Forest,0.25,24,86,639,27,0.85438144329896903,0.21818181818181817,0.47058823529411764,0.29813664596273293,0.11862068965517242,110,0.14175257731958762,86,27,10,356,0.45876288659793812,hypothetical; not empirically measured mine-specific costs
Random Forest,0.26000000000000001,23,79,646,28,0.86211340206185572,0.22549019607843138,0.45098039215686275,0.30065359477124182,0.10896551724137932,102,0.13144329896907217,79,28,10,359,0.46262886597938147,hypothetical; not empirically measured mine-specific costs
Random Forest,0.27000000000000002,21,74,651,30,0.865979381443299,0.22105263157894736,0.41176470588235292,0.28767123287671231,0.10206896551724139,95,0.12242268041237113,74,30,10,374,0.48195876288659795,hypothetical; not empirically measured mine-specific costs
Random Forest,0.28000000000000003,20,71,654,31,0.86855670103092786,0.21978021978021978,0.39215686274509803,0.28169014084507044,0.097931034482758625,91,0.1172680412371134,71,31,10,381,0.49097938144329895,hypothetical; not empirically measured mine-specific costs
Random Forest,0.28999999999999998,19,66,659,32,0.87371134020618557,0.22352941176470589,0.37254901960784315,0.27941176470588236,0.091034482758620694,85,0.1095360824742268,66,32,10,386,0.49742268041237114,hypothetical; not empirically measured mine-specific costs
Random Forest,0.29999999999999999,18,62,663,33,0.87757731958762886,0.22500000000000001,0.35294117647058826,0.27480916030534353,0.085517241379310341,80,0.10309278350515463,62,33,10,392,0.50515463917525771,hypothetical; not empirically measured mine-specific costs
Random Forest,0.31,17,57,668,34,0.88273195876288657,0.22972972972972974,0.33333333333333331,0.27200000000000002,0.07862068965517241,74,0.095360824742268036,57,34,10,397,0.51159793814432986,hypothetical; not empirically measured mine-specific costs
Random Forest,0.32000000000000001,16,56,669,35,0.88273195876288657,0.22222222222222221,0.31372549019607843,0.26016260162601629,0.077241379310344832,72,0.092783505154639179,56,35,10,406,0.52319587628865982,hypothetical; not empirically measured mine-specific costs
Random Forest,0.33000000000000002,16,53,672,35,0.88659793814432986,0.2318840579710145,0.31372549019607843,0.26666666666666666,0.073103448275862071,69,0.08891752577319588,53,35,10,403,0.51932989690721654,hypothetical; not empirically measured mine-specific costs
Random Forest,0.34000000000000002,16,52,673,35,0.88788659793814428,0.23529411764705882,0.31372549019607843,0.26890756302521007,0.071724137931034479,68,0.087628865979381437,52,35,10,402,0.51804123711340211,hypothetical; not empirically measured mine-specific costs
Random Forest,0.34999999999999998,14,47,678,37,0.89175257731958768,0.22950819672131148,0.27450980392156865,0.25,0.064827586206896548,61,0.078608247422680411,47,37,10,417,0.53737113402061853,hypothetical; not empirically measured mine-specific costs
Random Forest,0.35999999999999999,13,40,685,38,0.89948453608247425,0.24528301886792453,0.25490196078431371,0.25,0.055172413793103448,53,0.068298969072164942,40,38,10,420,0.54123711340206182,hypothetical; not empirically measured mine-specific costs
Random Forest,0.37,13,37,688,38,0.90335051546391754,0.26000000000000001,0.25490196078431371,0.25742574257425743,0.051034482758620693,50,0.064432989690721643,37,38,10,417,0.53737113402061853,hypothetical; not empirically measured mine-specific costs
Random Forest,0.38,13,34,691,38,0.90721649484536082,0.27659574468085107,0.25490196078431371,0.26530612244897961,0.046896551724137932,47,0.06056701030927835,34,38,10,414,0.53350515463917525,hypothetical; not empirically measured mine-specific costs
Random Forest,0.39000000000000001,12,29,696,39,0.91237113402061853,0.29268292682926828,0.23529411764705882,0.2608695652173913,0.040000000000000001,41,0.052835051546391752,29,39,10,419,0.53994845360824739,hypothetical; not empirically measured mine-specific costs
Random Forest,0.40000000000000002,11,29,696,40,0.91108247422680411,0.27500000000000002,0.21568627450980393,0.24175824175824176,0.040000000000000001,40,0.051546391752577317,29,40,10,429,0.55283505154639179,hypothetical; not empirically measured mine-specific costs
Random Forest,0.40999999999999998,11,29,696,40,0.91108247422680411,0.27500000000000002,0.21568627450980393,0.24175824175824176,0.040000000000000001,40,0.051546391752577317,29,40,10,429,0.55283505154639179,hypothetical; not empirically measured mine-specific costs
Random Forest,0.41999999999999998,11,28,697,40,0.91237113402061853,0.28205128205128205,0.21568627450980393,0.24444444444444444,0.038620689655172416,39,0.050257731958762888,28,40,10,428,0.55154639175257736,hypothetical; not empirically measured mine-specific costs
Random Forest,0.42999999999999999,11,28,697,40,0.91237113402061853,0.28205128205128205,0.21568627450980393,0.24444444444444444,0.038620689655172416,39,0.050257731958762888,28,40,10,428,0.55154639175257736,hypothetical; not empirically measured mine-specific costs
Random Forest,0.44,11,25,700,40,0.91623711340206182,0.30555555555555558,0.21568627450980393,0.25287356321839083,0.034482758620689655,36,0.046391752577319589,25,40,10,425,0.54768041237113407,hypothetical; not empirically measured mine-specific costs
Random Forest,0.45000000000000001,10,25,700,41,0.91494845360824739,0.2857142857142857,0.19607843137254902,0.23255813953488372,0.034482758620689655,35,0.045103092783505154,25,41,10,435,0.56056701030927836,hypothetical; not empirically measured mine-specific costs
Random Forest,0.46000000000000002,9,25,700,42,0.91365979381443296,0.26470588235294118,0.17647058823529413,0.21176470588235294,0.034482758620689655,34,0.043814432989690719,25,42,10,445,0.57345360824742264,hypothetical; not empirically measured mine-specific costs
Random Forest,0.46999999999999997,8,24,701,43,0.91365979381443296,0.25,0.15686274509803921,0.19277108433734941,0.03310344827586207,32,0.041237113402061855,24,43,10,454,0.58505154639175261,hypothetical; not empirically measured mine-specific costs
Random Forest,0.47999999999999998,8,21,704,43,0.91752577319587625,0.27586206896551724,0.15686274509803921,0.20000000000000001,0.028965517241379312,29,0.037371134020618556,21,43,10,451,0.58118556701030932,hypothetical; not empirically measured mine-specific costs
Random Forest,0.48999999999999999,8,20,705,43,0.91881443298969068,0.2857142857142857,0.15686274509803921,0.20253164556962025,0.027586206896551724,28,0.03608247422680412,20,43,10,450,0.57989690721649489,hypothetical; not empirically measured mine-specific costs
Random Forest,0.5,8,18,707,43,0.92139175257731953,0.30769230769230771,0.15686274509803921,0.20779220779220781,0.024827586206896551,26,0.033505154639175257,18,43,10,448,0.57731958762886593,hypothetical; not empirically measured mine-specific costs
Random Forest,0.51000000000000001,8,18,707,43,0.92139175257731953,0.30769230769230771,0.15686274509803921,0.20779220779220781,0.024827586206896551,26,0.033505154639175257,18,43,10,448,0.57731958762886593,hypothetical; not empirically measured mine-specific costs
Random Forest,0.52000000000000002,8,17,708,43,0.92268041237113407,0.32000000000000001,0.15686274509803921,0.21052631578947367,0.023448275862068966,25,0.032216494845360821,17,43,10,447,0.5760309278350515,hypothetical; not empirically measured mine-specific costs
Random Forest,0.53000000000000003,8,15,710,43,0.92525773195876293,0.34782608695652173,0.15686274509803921,0.21621621621621623,0.020689655172413793,23,0.029639175257731958,15,43,10,445,0.57345360824742264,hypothetical; not empirically measured mine-specific costs
Random Forest,0.54000000000000004,8,15,710,43,0.92525773195876293,0.34782608695652173,0.15686274509803921,0.21621621621621623,0.020689655172413793,23,0.029639175257731958,15,43,10,445,0.57345360824742264,hypothetical; not empirically measured mine-specific costs
Random Forest,0.55000000000000004,8,14,711,43,0.92654639175257736,0.36363636363636365,0.15686274509803921,0.21917808219178081,0.019310344827586208,22,0.028350515463917526,14,43,10,444,0.57216494845360821,hypothetical; not empirically measured mine-specific costs
Random Forest,0.56000000000000005,7,14,711,44,0.92525773195876293,0.33333333333333331,0.13725490196078433,0.19444444444444445,0.019310344827586208,21,0.027061855670103094,14,44,10,454,0.58505154639175261,hypothetical; not empirically measured mine-specific costs
Random Forest,0.56999999999999995,7,13,712,44,0.92654639175257736,0.34999999999999998,0.13725490196078433,0.19718309859154928,0.01793103448275862,20,0.025773195876288658,13,44,10,453,0.58376288659793818,hypothetical; not empirically measured mine-specific costs
Random Forest,0.57999999999999996,7,12,713,44,0.92783505154639179,0.36842105263157893,0.13725490196078433,0.20000000000000001,0.016551724137931035,19,0.024484536082474227,12,44,10,452,0.58247422680412375,hypothetical; not empirically measured mine-specific costs
Random Forest,0.58999999999999997,7,11,714,44,0.92912371134020622,0.3888888888888889,0.13725490196078433,0.20289855072463769,0.015172413793103448,18,0.023195876288659795,11,44,10,451,0.58118556701030932,hypothetical; not empirically measured mine-specific costs
Random Forest,0.59999999999999998,6,10,715,45,0.92912371134020622,0.375,0.11764705882352941,0.17910447761194029,0.013793103448275862,16,0.020618556701030927,10,45,10,460,0.59278350515463918,hypothetical; not empirically measured mine-specific costs
Random Forest,0.60999999999999999,6,10,715,45,0.92912371134020622,0.375,0.11764705882352941,0.17910447761194029,0.013793103448275862,16,0.020618556701030927,10,45,10,460,0.59278350515463918,hypothetical; not empirically measured mine-specific costs
Random Forest,0.62,6,9,716,45,0.93041237113402064,0.40000000000000002,0.11764705882352941,0.18181818181818182,0.012413793103448275,15,0.019329896907216496,9,45,10,459,0.59149484536082475,hypothetical; not empirically measured mine-specific costs
Random Forest,0.63,6,8,717,45,0.93170103092783507,0.42857142857142855,0.11764705882352941,0.18461538461538463,0.011034482758620689,14,0.01804123711340206,8,45,10,458,0.59020618556701032,hypothetical; not empirically measured mine-specific costs
Random Forest,0.64000000000000001,5,8,717,46,0.93041237113402064,0.38461538461538464,0.098039215686274508,0.15625,0.011034482758620689,13,0.016752577319587628,8,46,10,468,0.60309278350515461,hypothetical; not empirically measured mine-specific costs
Random Forest,0.65000000000000002,5,7,718,46,0.93170103092783507,0.41666666666666669,0.098039215686274508,0.15873015873015872,0.009655172413793104,12,0.015463917525773196,7,46,10,467,0.60180412371134018,hypothetical; not empirically measured mine-specific costs
Random Forest,0.66000000000000003,5,6,719,46,0.9329896907216495,0.45454545454545453,0.098039215686274508,0.16129032258064516,0.0082758620689655175,11,0.014175257731958763,6,46,10,466,0.60051546391752575,hypothetical; not empirically measured mine-specific costs
Random Forest,0.67000000000000004,5,5,720,46,0.93427835051546393,0.5,0.098039215686274508,0.16393442622950818,0.0068965517241379309,10,0.012886597938144329,5,46,10,465,0.59922680412371132,hypothetical; not empirically measured mine-specific costs
Random Forest,0.68000000000000005,5,5,720,46,0.93427835051546393,0.5,0.098039215686274508,0.16393442622950818,0.0068965517241379309,10,0.012886597938144329,5,46,10,465,0.59922680412371132,hypothetical; not empirically measured mine-specific costs
Random Forest,0.68999999999999995,5,5,720,46,0.93427835051546393,0.5,0.098039215686274508,0.16393442622950818,0.0068965517241379309,10,0.012886597938144329,5,46,10,465,0.59922680412371132,hypothetical; not empirically measured mine-specific costs
Random Forest,0.69999999999999996,4,4,721,47,0.93427835051546393,0.5,0.078431372549019607,0.13559322033898305,0.0055172413793103444,8,0.010309278350515464,4,47,10,474,0.61082474226804129,hypothetical; not empirically measured mine-specific costs
Random Forest,0.70999999999999996,4,2,723,47,0.93685567010309279,0.66666666666666663,0.078431372549019607,0.14035087719298245,0.0027586206896551722,6,0.0077319587628865982,2,47,10,472,0.60824742268041232,hypothetical; not empirically measured mine-specific costs
Random Forest,0.71999999999999997,4,2,723,47,0.93685567010309279,0.66666666666666663,0.078431372549019607,0.14035087719298245,0.0027586206896551722,6,0.0077319587628865982,2,47,10,472,0.60824742268041232,hypothetical; not empirically measured mine-specific costs
Random Forest,0.72999999999999998,4,1,724,47,0.93814432989690721,0.80000000000000004,0.078431372549019607,0.14285714285714285,0.0013793103448275861,5,0.0064432989690721646,1,47,10,471,0.60695876288659789,hypothetical; not empirically measured mine-specific costs
Random Forest,0.73999999999999999,4,1,724,47,0.93814432989690721,0.80000000000000004,0.078431372549019607,0.14285714285714285,0.0013793103448275861,5,0.0064432989690721646,1,47,10,471,0.60695876288659789,hypothetical; not empirically measured mine-specific costs
Random Forest,0.75,4,1,724,47,0.93814432989690721,0.80000000000000004,0.078431372549019607,0.14285714285714285,0.0013793103448275861,5,0.0064432989690721646,1,47,10,471,0.60695876288659789,hypothetical; not empirically measured mine-specific costs
Random Forest,0.76000000000000001,3,1,724,48,0.93685567010309279,0.75,0.058823529411764705,0.10909090909090909,0.0013793103448275861,4,0.0051546391752577319,1,48,10,481,0.61984536082474229,hypothetical; not empirically measured mine-specific costs
Random Forest,0.77000000000000002,3,1,724,48,0.93685567010309279,0.75,0.058823529411764705,0.10909090909090909,0.0013793103448275861,4,0.0051546391752577319,1,48,10,481,0.61984536082474229,hypothetical; not empirically measured mine-specific costs
Random Forest,0.78000000000000003,3,1,724,48,0.93685567010309279,0.75,0.058823529411764705,0.10909090909090909,0.0013793103448275861,4,0.0051546391752577319,1,48,10,481,0.61984536082474229,hypothetical; not empirically measured mine-specific costs
Random Forest,0.79000000000000004,3,1,724,48,0.93685567010309279,0.75,0.058823529411764705,0.10909090909090909,0.0013793103448275861,4,0.0051546391752577319,1,48,10,481,0.61984536082474229,hypothetical; not empirically measured mine-specific costs
Random Forest,0.80000000000000004,3,1,724,48,0.93685567010309279,0.75,0.058823529411764705,0.10909090909090909,0.0013793103448275861,4,0.0051546391752577319,1,48,10,481,0.61984536082474229,hypothetical; not empirically measured mine-specific costs
Random Forest,0.81000000000000005,2,1,724,49,0.93556701030927836,0.66666666666666663,0.039215686274509803,0.07407407407407407,0.0013793103448275861,3,0.0038659793814432991,1,49,10,491,0.63273195876288657,hypothetical; not empirically measured mine-specific costs
Random Forest,0.81999999999999995,2,1,724,49,0.93556701030927836,0.66666666666666663,0.039215686274509803,0.07407407407407407,0.0013793103448275861,3,0.0038659793814432991,1,49,10,491,0.63273195876288657,hypothetical; not empirically measured mine-specific costs
Random Forest,0.82999999999999996,2,1,724,49,0.93556701030927836,0.66666666666666663,0.039215686274509803,0.07407407407407407,0.0013793103448275861,3,0.0038659793814432991,1,49,10,491,0.63273195876288657,hypothetical; not empirically measured mine-specific costs
Random Forest,0.83999999999999997,2,1,724,49,0.93556701030927836,0.66666666666666663,0.039215686274509803,0.07407407407407407,0.0013793103448275861,3,0.0038659793814432991,1,49,10,491,0.63273195876288657,hypothetical; not empirically measured mine-specific costs
Random Forest,0.84999999999999998,2,1,724,49,0.93556701030927836,0.66666666666666663,0.039215686274509803,0.07407407407407407,0.0013793103448275861,3,0.0038659793814432991,1,49,10,491,0.63273195876288657,hypothetical; not empirically measured mine-specific costs
Random Forest,0.85999999999999999,1,0,725,50,0.93556701030927836,1,0.019607843137254902,0.038461538461538464,0,1,0.001288659793814433,0,50,10,500,0.64432989690721654,hypothetical; not empirically measured mine-specific costs
Random Forest,0.87,1,0,725,50,0.93556701030927836,1,0.019607843137254902,0.038461538461538464,0,1,0.001288659793814433,0,50,10,500,0.64432989690721654,hypothetical; not empirically measured mine-specific costs
Random Forest,0.88,1,0,725,50,0.93556701030927836,1,0.019607843137254902,0.038461538461538464,0,1,0.001288659793814433,0,50,10,500,0.64432989690721654,hypothetical; not empirically measured mine-specific costs
Random Forest,0.89000000000000001,1,0,725,50,0.93556701030927836,1,0.019607843137254902,0.038461538461538464,0,1,0.001288659793814433,0,50,10,500,0.64432989690721654,hypothetical; not empirically measured mine-specific costs
Random Forest,0.90000000000000002,1,0,725,50,0.93556701030927836,1,0.019607843137254902,0.038461538461538464,0,1,0.001288659793814433,0,50,10,500,0.64432989690721654,hypothetical; not empirically measured mine-specific costs
Random Forest,0.91000000000000003,1,0,725,50,0.93556701030927836,1,0.019607843137254902,0.038461538461538464,0,1,0.001288659793814433,0,50,10,500,0.64432989690721654,hypothetical; not empirically measured mine-specific costs
Random Forest,0.92000000000000004,1,0,725,50,0.93556701030927836,1,0.019607843137254902,0.038461538461538464,0,1,0.001288659793814433,0,50,10,500,0.64432989690721654,hypothetical; not empirically measured mine-specific costs
Random Forest,0.93000000000000005,0,0,725,51,0.93427835051546393,0,0,0,0,0,0,0,51,10,510,0.65721649484536082,hypothetical; not empirically measured mine-specific costs
Random Forest,0.93999999999999995,0,0,725,51,0.93427835051546393,0,0,0,0,0,0,0,51,10,510,0.65721649484536082,hypothetical; not empirically measured mine-specific costs
Random Forest,0.94999999999999996,0,0,725,51,0.93427835051546393,0,0,0,0,0,0,0,51,10,510,0.65721649484536082,hypothetical; not empirically measured mine-specific costs
Random Forest,0.95999999999999996,0,0,725,51,0.93427835051546393,0,0,0,0,0,0,0,51,10,510,0.65721649484536082,hypothetical; not empirically measured mine-specific costs
Random Forest,0.96999999999999997,0,0,725,51,0.93427835051546393,0,0,0,0,0,0,0,51,10,510,0.65721649484536082,hypothetical; not empirically measured mine-specific costs
Random Forest,0.97999999999999998,0,0,725,51,0.93427835051546393,0,0,0,0,0,0,0,51,10,510,0.65721649484536082,hypothetical; not empirically measured mine-specific costs
Random Forest,0.98999999999999999,0,0,725,51,0.93427835051546393,0,0,0,0,0,0,0,51,10,510,0.65721649484536082,hypothetical; not empirically measured mine-specific costs
Gradient Boosting,0.01,51,725,0,0,0.065721649484536085,0.065721649484536085,1,0.12333736396614269,1,776,1,725,0,10,725,0.93427835051546393,hypothetical; not empirically measured mine-specific costs
Gradient Boosting,0.02,51,723,2,0,0.068298969072164942,0.06589147286821706,1,0.12363636363636364,0.99724137931034484,774,0.99742268041237114,723,0,10,723,0.93170103092783507,hypothetical; not empirically measured mine-specific costs
Gradient Boosting,0.029999999999999999,51,706,19,0,0.090206185567010308,0.067371202113606338,1,0.12623762376237624,0.97379310344827585,757,0.97551546391752575,706,0,10,706,0.90979381443298968,hypothetical; not empirically measured mine-specific costs
Gradient Boosting,0.040000000000000001,51,679,46,0,0.125,0.069863013698630141,1,0.13060179257362356,0.93655172413793109,730,0.94072164948453607,679,0,10,679,0.875,hypothetical; not empirically measured mine-specific costs
Gradient Boosting,0.050000000000000003,51,657,68,0,0.15335051546391754,0.072033898305084748,1,0.13438735177865613,0.90620689655172415,708,0.91237113402061853,657,0,10,657,0.84664948453608246,hypothetical; not empirically measured mine-specific costs
Gradient Boosting,0.059999999999999998,51,641,84,0,0.17396907216494845,0.073699421965317924,1,0.13728129205921938,0.88413793103448279,692,0.89175257731958768,641,0,10,641,0.8260309278350515,hypothetical; not empirically measured mine-specific costs
Gradient Boosting,0.070000000000000007,50,627,98,1,0.19072164948453607,0.073855243722304287,0.98039215686274506,0.13736263736263737,0.86482758620689659,677,0.87242268041237114,627,1,10,637,0.82087628865979378,hypothetical; not empirically measured mine-specific costs
Gradient Boosting,0.080000000000000002,50,617,108,1,0.20360824742268041,0.074962518740629688,0.98039215686274506,0.1392757660167131,0.8510344827586207,667,0.85953608247422686,617,1,10,627,0.8079896907216495,hypothetical; not empirically measured mine-specific costs
Gradient Boosting,0.089999999999999997,49,602,123,2,0.22164948453608246,0.075268817204301078,0.96078431372549022,0.1396011396011396,0.83034482758620687,651,0.83891752577319589,602,2,10,622,0.80154639175257736,hypothetical; not empirically measured mine-specific costs
Gradient Boosting,0.10000000000000001,47,569,156,4,0.26159793814432991,0.076298701298701296,0.92156862745098034,0.1409295352323838,0.78482758620689652,616,0.79381443298969068,569,4,10,609,0.78479381443298968,hypothetical; not empirically measured mine-specific costs
Gradient Boosting,0.11,47,531,194,4,0.31056701030927836,0.081314878892733561,0.92156862745098034,0.1494435612082671,0.73241379310344823,578,0.74484536082474229,531,4,10,571,0.73582474226804129,hypothetical; not empirically measured mine-specific costs
Gradient Boosting,0.12,46,500,225,5,0.34922680412371132,0.084249084249084255,0.90196078431372551,0.1541038525963149,0.68965517241379315,546,0.70360824742268047,500,5,10,550,0.70876288659793818,hypothetical; not empirically measured mine-specific costs
Gradient Boosting,0.13,46,466,259,5,0.39304123711340205,0.08984375,0.90196078431372551,0.16341030195381884,0.64275862068965517,512,0.65979381443298968,466,5,10,516,0.66494845360824739,hypothetical; not empirically measured mine-specific costs
Gradient Boosting,0.14000000000000001,46,441,284,5,0.42525773195876287,0.094455852156057493,0.90196078431372551,0.17100371747211895,0.60827586206896556,487,0.62757731958762886,441,5,10,491,0.63273195876288657,hypothetical; not empirically measured mine-specific costs
Gradient Boosting,0.14999999999999999,45,413,312,6,0.46005154639175255,0.098253275109170299,0.88235294117647056,0.17681728880157171,0.56965517241379315,458,0.59020618556701032,413,6,10,473,0.60953608247422686,hypothetical; not empirically measured mine-specific costs
Gradient Boosting,0.16,43,390,335,8,0.48711340206185566,0.099307159353348731,0.84313725490196079,0.17768595041322313,0.53793103448275859,433,0.5579896907216495,390,8,10,470,0.60567010309278346,hypothetical; not empirically measured mine-specific costs
Gradient Boosting,0.17000000000000001,41,367,358,10,0.51417525773195871,0.10049019607843138,0.80392156862745101,0.1786492374727669,0.50620689655172413,408,0.52577319587628868,367,10,10,467,0.60180412371134018,hypothetical; not empirically measured mine-specific costs
Gradient Boosting,0.17999999999999999,41,347,378,10,0.53994845360824739,0.1056701030927835,0.80392156862745101,0.18678815489749431,0.4786206896551724,388,0.5,347,10,10,447,0.5760309278350515,hypothetical; not empirically measured mine-specific costs
Gradient Boosting,0.19,39,331,394,12,0.5579896907216495,0.10540540540540541,0.76470588235294112,0.18527315914489312,0.45655172413793105,370,0.47680412371134023,331,12,10,451,0.58118556701030932,hypothetical; not empirically measured mine-specific costs
Gradient Boosting,0.20000000000000001,38,308,417,13,0.58634020618556704,0.10982658959537572,0.74509803921568629,0.19143576826196473,0.42482758620689653,346,0.44587628865979384,308,13,10,438,0.56443298969072164,hypothetical; not empirically measured mine-specific costs
Gradient Boosting,0.20999999999999999,38,291,434,13,0.60824742268041232,0.11550151975683891,0.74509803921568629,0.20000000000000001,0.4013793103448276,329,0.42396907216494845,291,13,10,421,0.54252577319587625,hypothetical; not empirically measured mine-specific costs
Gradient Boosting,0.22,38,274,451,13,0.63015463917525771,0.12179487179487179,0.74509803921568629,0.20936639118457301,0.37793103448275861,312,0.40206185567010311,274,13,10,404,0.52061855670103097,hypothetical; not empirically measured mine-specific costs
Gradient Boosting,0.23000000000000001,37,264,461,14,0.64175257731958768,0.12292358803986711,0.72549019607843135,0.21022727272727273,0.36413793103448278,301,0.38788659793814434,264,14,10,404,0.52061855670103097,hypothetical; not empirically measured mine-specific costs
Gradient Boosting,0.23999999999999999,37,251,474,14,0.65850515463917525,0.12847222222222221,0.72549019607843135,0.21828908554572271,0.34620689655172415,288,0.37113402061855671,251,14,10,391,0.50386597938144329,hypothetical; not empirically measured mine-specific costs
Gradient Boosting,0.25,37,240,485,14,0.67268041237113407,0.13357400722021662,0.72549019607843135,0.22560975609756098,0.33103448275862069,277,0.35695876288659795,240,14,10,380,0.48969072164948452,hypothetical; not empirically measured mine-specific costs
Gradient Boosting,0.26000000000000001,37,233,492,14,0.68170103092783507,0.13703703703703704,0.72549019607843135,0.23052959501557632,0.32137931034482758,270,0.34793814432989689,233,14,10,373,0.48067010309278352,hypothetical; not empirically measured mine-specific costs
Gradient Boosting,0.27000000000000002,36,223,502,15,0.69329896907216493,0.138996138996139,0.70588235294117652,0.23225806451612904,0.30758620689655175,259,0.33376288659793812,223,15,10,373,0.48067010309278352,hypothetical; not empirically measured mine-specific costs
Gradient Boosting,0.28000000000000003,35,212,513,16,0.70618556701030932,0.1417004048582996,0.68627450980392157,0.2348993288590604,0.29241379310344828,247,0.31829896907216493,212,16,10,372,0.47938144329896909,hypothetical; not empirically measured mine-specific costs
Gradient Boosting,0.28999999999999998,35,200,525,16,0.72164948453608246,0.14893617021276595,0.68627450980392157,0.24475524475524477,0.27586206896551724,235,0.30283505154639173,200,16,10,360,0.46391752577319589,hypothetical; not empirically measured mine-specific costs
Gradient Boosting,0.29999999999999999,34,194,531,17,0.72809278350515461,0.14912280701754385,0.66666666666666663,0.24372759856630824,0.26758620689655171,228,0.29381443298969073,194,17,10,364,0.46907216494845361,hypothetical; not empirically measured mine-specific costs
Gradient Boosting,0.31,32,186,539,19,0.73582474226804129,0.14678899082568808,0.62745098039215685,0.23791821561338289,0.25655172413793104,218,0.28092783505154639,186,19,10,376,0.4845360824742268,hypothetical; not empirically measured mine-specific costs
Gradient Boosting,0.32000000000000001,31,178,547,20,0.74484536082474229,0.14832535885167464,0.60784313725490191,0.23846153846153847,0.24551724137931036,209,0.26932989690721648,178,20,10,378,0.48711340206185566,hypothetical; not empirically measured mine-specific costs
Gradient Boosting,0.33000000000000002,30,171,554,21,0.75257731958762886,0.14925373134328357,0.58823529411764708,0.23809523809523808,0.23586206896551723,201,0.25902061855670105,171,21,10,381,0.49097938144329895,hypothetical; not empirically measured mine-specific costs
Gradient Boosting,0.34000000000000002,30,161,564,21,0.76546391752577314,0.15706806282722513,0.58823529411764708,0.24793388429752067,0.22206896551724137,191,0.24613402061855671,161,21,10,371,0.47809278350515466,hypothetical; not empirically measured mine-specific costs
Gradient Boosting,0.34999999999999998,29,158,567,22,0.76804123711340211,0.15508021390374332,0.56862745098039214,0.24369747899159663,0.21793103448275863,187,0.24097938144329897,158,22,10,378,0.48711340206185566,hypothetical; not empirically measured mine-specific costs
Gradient Boosting,0.35999999999999999,29,146,579,22,0.78350515463917525,0.1657142857142857,0.56862745098039214,0.25663716814159293,0.20137931034482759,175,0.22551546391752578,146,22,10,366,0.47164948453608246,hypothetical; not empirically measured mine-specific costs
Gradient Boosting,0.37,27,139,586,24,0.78994845360824739,0.16265060240963855,0.52941176470588236,0.24884792626728111,0.19172413793103449,166,0.21391752577319587,139,24,10,379,0.48840206185567009,hypothetical; not empirically measured mine-specific costs
Gradient Boosting,0.38,27,132,593,24,0.7989690721649485,0.16981132075471697,0.52941176470588236,0.25714285714285712,0.18206896551724139,159,0.20489690721649484,132,24,10,372,0.47938144329896909,hypothetical; not empirically measured mine-specific costs
Gradient Boosting,0.39000000000000001,27,126,599,24,0.80670103092783507,0.17647058823529413,0.52941176470588236,0.26470588235294118,0.17379310344827587,153,0.19716494845360824,126,24,10,366,0.47164948453608246,hypothetical; not empirically measured mine-specific costs
Gradient Boosting,0.40000000000000002,26,118,607,25,0.81572164948453607,0.18055555555555555,0.50980392156862742,0.26666666666666666,0.16275862068965516,144,0.18556701030927836,118,25,10,368,0.47422680412371132,hypothetical; not empirically measured mine-specific costs
Gradient Boosting,0.40999999999999998,24,113,612,27,0.81958762886597936,0.17518248175182483,0.47058823529411764,0.25531914893617019,0.15586206896551724,137,0.17654639175257733,113,27,10,383,0.49355670103092786,hypothetical; not empirically measured mine-specific costs
Gradient Boosting,0.41999999999999998,24,108,617,27,0.8260309278350515,0.18181818181818182,0.47058823529411764,0.26229508196721313,0.1489655172413793,132,0.17010309278350516,108,27,10,378,0.48711340206185566,hypothetical; not empirically measured mine-specific costs
Gradient Boosting,0.42999999999999999,24,106,619,27,0.82860824742268047,0.18461538461538463,0.47058823529411764,0.26519337016574585,0.14620689655172414,130,0.16752577319587628,106,27,10,376,0.4845360824742268,hypothetical; not empirically measured mine-specific costs
Gradient Boosting,0.44,22,104,621,29,0.82860824742268047,0.17460317460317459,0.43137254901960786,0.24858757062146894,0.14344827586206896,126,0.16237113402061856,104,29,10,394,0.50773195876288657,hypothetical; not empirically measured mine-specific costs
Gradient Boosting,0.45000000000000001,21,102,623,30,0.82989690721649489,0.17073170731707318,0.41176470588235292,0.2413793103448276,0.1406896551724138,123,0.15850515463917525,102,30,10,402,0.51804123711340211,hypothetical; not empirically measured mine-specific costs
Gradient Boosting,0.46000000000000002,21,99,626,30,0.83376288659793818,0.17499999999999999,0.41176470588235292,0.24561403508771928,0.13655172413793104,120,0.15463917525773196,99,30,10,399,0.51417525773195871,hypothetical; not empirically measured mine-specific costs
Gradient Boosting,0.46999999999999997,21,94,631,30,0.84020618556701032,0.18260869565217391,0.41176470588235292,0.25301204819277107,0.1296551724137931,115,0.14819587628865979,94,30,10,394,0.50773195876288657,hypothetical; not empirically measured mine-specific costs
Gradient Boosting,0.47999999999999998,21,87,638,30,0.84922680412371132,0.19444444444444445,0.41176470588235292,0.26415094339622641,0.12,108,0.13917525773195877,87,30,10,387,0.49871134020618557,hypothetical; not empirically measured mine-specific costs
Gradient Boosting,0.48999999999999999,21,84,641,30,0.85309278350515461,0.20000000000000001,0.41176470588235292,0.26923076923076922,0.11586206896551725,105,0.13530927835051546,84,30,10,384,0.49484536082474229,hypothetical; not empirically measured mine-specific costs
Gradient Boosting,0.5,21,83,642,30,0.85438144329896903,0.20192307692307693,0.41176470588235292,0.2709677419354839,0.11448275862068966,104,0.13402061855670103,83,30,10,383,0.49355670103092786,hypothetical; not empirically measured mine-specific costs
Gradient Boosting,0.51000000000000001,20,81,644,31,0.85567010309278346,0.19801980198019803,0.39215686274509803,0.26315789473684209,0.11172413793103449,101,0.13015463917525774,81,31,10,391,0.50386597938144329,hypothetical; not empirically measured mine-specific costs
Gradient Boosting,0.52000000000000002,20,74,651,31,0.86469072164948457,0.21276595744680851,0.39215686274509803,0.27586206896551724,0.10206896551724139,94,0.1211340206185567,74,31,10,384,0.49484536082474229,hypothetical; not empirically measured mine-specific costs
Gradient Boosting,0.53000000000000003,20,71,654,31,0.86855670103092786,0.21978021978021978,0.39215686274509803,0.28169014084507044,0.097931034482758625,91,0.1172680412371134,71,31,10,381,0.49097938144329895,hypothetical; not empirically measured mine-specific costs
Gradient Boosting,0.54000000000000004,19,68,657,32,0.87113402061855671,0.21839080459770116,0.37254901960784315,0.27536231884057971,0.093793103448275864,87,0.11211340206185567,68,32,10,388,0.5,hypothetical; not empirically measured mine-specific costs
Gradient Boosting,0.55000000000000004,19,65,660,32,0.875,0.22619047619047619,0.37254901960784315,0.2814814814814815,0.089655172413793102,84,0.10824742268041238,65,32,10,385,0.49613402061855671,hypothetical; not empirically measured mine-specific costs
Gradient Boosting,0.56000000000000005,18,63,662,33,0.87628865979381443,0.22222222222222221,0.35294117647058826,0.27272727272727271,0.086896551724137933,81,0.10438144329896908,63,33,10,393,0.50644329896907214,hypothetical; not empirically measured mine-specific costs
Gradient Boosting,0.56999999999999995,18,60,665,33,0.88015463917525771,0.23076923076923078,0.35294117647058826,0.27906976744186046,0.082758620689655171,78,0.10051546391752578,60,33,10,390,0.50257731958762886,hypothetical; not empirically measured mine-specific costs
Gradient Boosting,0.57999999999999996,18,60,665,33,0.88015463917525771,0.23076923076923078,0.35294117647058826,0.27906976744186046,0.082758620689655171,78,0.10051546391752578,60,33,10,390,0.50257731958762886,hypothetical; not empirically measured mine-specific costs
Gradient Boosting,0.58999999999999997,18,56,669,33,0.88530927835051543,0.24324324324324326,0.35294117647058826,0.28799999999999998,0.077241379310344832,74,0.095360824742268036,56,33,10,386,0.49742268041237114,hypothetical; not empirically measured mine-specific costs
Gradient Boosting,0.59999999999999998,18,51,674,33,0.89175257731958768,0.2608695652173913,0.35294117647058826,0.29999999999999999,0.070344827586206901,69,0.08891752577319588,51,33,10,381,0.49097938144329895,hypothetical; not empirically measured mine-specific costs
Gradient Boosting,0.60999999999999999,17,50,675,34,0.89175257731958768,0.2537313432835821,0.33333333333333331,0.28813559322033899,0.068965517241379309,67,0.086340206185567009,50,34,10,390,0.50257731958762886,hypothetical; not empirically measured mine-specific costs
Gradient Boosting,0.62,17,48,677,34,0.89432989690721654,0.26153846153846155,0.33333333333333331,0.29310344827586204,0.06620689655172414,65,0.083762886597938138,48,34,10,388,0.5,hypothetical; not empirically measured mine-specific costs
Gradient Boosting,0.63,17,47,678,34,0.89561855670103097,0.265625,0.33333333333333331,0.29565217391304349,0.064827586206896548,64,0.08247422680412371,47,34,10,387,0.49871134020618557,hypothetical; not empirically measured mine-specific costs
Gradient Boosting,0.64000000000000001,17,45,680,34,0.89819587628865982,0.27419354838709675,0.33333333333333331,0.30088495575221241,0.062068965517241378,62,0.079896907216494839,45,34,10,385,0.49613402061855671,hypothetical; not empirically measured mine-specific costs
Gradient Boosting,0.65000000000000002,16,44,681,35,0.89819587628865982,0.26666666666666666,0.31372549019607843,0.28828828828828829,0.060689655172413794,60,0.077319587628865982,44,35,10,394,0.50773195876288657,hypothetical; not empirically measured mine-specific costs
Gradient Boosting,0.66000000000000003,16,42,683,35,0.90077319587628868,0.27586206896551724,0.31372549019607843,0.29357798165137616,0.057931034482758624,58,0.074742268041237112,42,35,10,392,0.50515463917525771,hypothetical; not empirically measured mine-specific costs
Gradient Boosting,0.67000000000000004,15,40,685,36,0.90206185567010311,0.27272727272727271,0.29411764705882354,0.28301886792452829,0.055172413793103448,55,0.070876288659793812,40,36,10,400,0.51546391752577314,hypothetical; not empirically measured mine-specific costs
Gradient Boosting,0.68000000000000005,15,35,690,36,0.90850515463917525,0.29999999999999999,0.29411764705882354,0.29702970297029702,0.048275862068965517,50,0.064432989690721643,35,36,10,395,0.509020618556701,hypothetical; not empirically measured mine-specific costs
Gradient Boosting,0.68999999999999995,15,34,691,36,0.90979381443298968,0.30612244897959184,0.29411764705882354,0.29999999999999999,0.046896551724137932,49,0.063144329896907214,34,36,10,394,0.50773195876288657,hypothetical; not empirically measured mine-specific costs
Gradient Boosting,0.69999999999999996,15,34,691,36,0.90979381443298968,0.30612244897959184,0.29411764705882354,0.29999999999999999,0.046896551724137932,49,0.063144329896907214,34,36,10,394,0.50773195876288657,hypothetical; not empirically measured mine-specific costs
Gradient Boosting,0.70999999999999996,15,31,694,36,0.91365979381443296,0.32608695652173914,0.29411764705882354,0.30927835051546393,0.04275862068965517,46,0.059278350515463915,31,36,10,391,0.50386597938144329,hypothetical; not empirically measured mine-specific costs
Gradient Boosting,0.71999999999999997,15,26,699,36,0.92010309278350511,0.36585365853658536,0.29411764705882354,0.32608695652173914,0.035862068965517239,41,0.052835051546391752,26,36,10,386,0.49742268041237114,hypothetical; not empirically measured mine-specific costs
Gradient Boosting,0.72999999999999998,15,25,700,36,0.92139175257731953,0.375,0.29411764705882354,0.32967032967032966,0.034482758620689655,40,0.051546391752577317,25,36,10,385,0.49613402061855671,hypothetical; not empirically measured mine-specific costs
Gradient Boosting,0.73999999999999999,15,23,702,36,0.9239690721649485,0.39473684210526316,0.29411764705882354,0.33707865168539325,0.031724137931034485,38,0.048969072164948453,23,36,10,383,0.49355670103092786,hypothetical; not empirically measured mine-specific costs
Gradient Boosting,0.75,15,22,703,36,0.92525773195876293,0.40540540540540543,0.29411764705882354,0.34090909090909088,0.030344827586206897,37,0.047680412371134018,22,36,10,382,0.49226804123711343,hypothetical; not empirically measured mine-specific costs
Gradient Boosting,0.76000000000000001,12,19,706,39,0.92525773195876293,0.38709677419354838,0.23529411764705882,0.29268292682926828,0.026206896551724139,31,0.03994845360824742,19,39,10,409,0.52706185567010311,hypothetical; not empirically measured mine-specific costs
Gradient Boosting,0.77000000000000002,12,16,709,39,0.92912371134020622,0.42857142857142855,0.23529411764705882,0.30379746835443039,0.022068965517241378,28,0.03608247422680412,16,39,10,406,0.52319587628865982,hypothetical; not empirically measured mine-specific costs
Gradient Boosting,0.78000000000000003,11,14,711,40,0.93041237113402064,0.44,0.21568627450980393,0.28947368421052633,0.019310344827586208,25,0.032216494845360821,14,40,10,414,0.53350515463917525,hypothetical; not empirically measured mine-specific costs
Gradient Boosting,0.79000000000000004,10,12,713,41,0.93170103092783507,0.45454545454545453,0.19607843137254902,0.27397260273972601,0.016551724137931035,22,0.028350515463917526,12,41,10,422,0.54381443298969068,hypothetical; not empirically measured mine-specific costs
Gradient Boosting,0.80000000000000004,8,10,715,43,0.93170103092783507,0.44444444444444442,0.15686274509803921,0.2318840579710145,0.013793103448275862,18,0.023195876288659795,10,43,10,440,0.5670103092783505,hypothetical; not empirically measured mine-specific costs
Gradient Boosting,0.81000000000000005,6,8,717,45,0.93170103092783507,0.42857142857142855,0.11764705882352941,0.18461538461538463,0.011034482758620689,14,0.01804123711340206,8,45,10,458,0.59020618556701032,hypothetical; not empirically measured mine-specific costs
Gradient Boosting,0.81999999999999995,6,5,720,45,0.93556701030927836,0.54545454545454541,0.11764705882352941,0.19354838709677419,0.0068965517241379309,11,0.014175257731958763,5,45,10,455,0.58634020618556704,hypothetical; not empirically measured mine-specific costs
Gradient Boosting,0.82999999999999996,5,5,720,46,0.93427835051546393,0.5,0.098039215686274508,0.16393442622950818,0.0068965517241379309,10,0.012886597938144329,5,46,10,465,0.59922680412371132,hypothetical; not empirically measured mine-specific costs
Gradient Boosting,0.83999999999999997,5,4,721,46,0.93556701030927836,0.55555555555555558,0.098039215686274508,0.16666666666666666,0.0055172413793103444,9,0.011597938144329897,4,46,10,464,0.59793814432989689,hypothetical; not empirically measured mine-specific costs
Gradient Boosting,0.84999999999999998,3,3,722,48,0.93427835051546393,0.5,0.058823529411764705,0.10526315789473684,0.0041379310344827587,6,0.0077319587628865982,3,48,10,483,0.62242268041237114,hypothetical; not empirically measured mine-specific costs
Gradient Boosting,0.85999999999999999,2,3,722,49,0.9329896907216495,0.40000000000000002,0.039215686274509803,0.071428571428571425,0.0041379310344827587,5,0.0064432989690721646,3,49,10,493,0.63530927835051543,hypothetical; not empirically measured mine-specific costs
Gradient Boosting,0.87,2,2,723,49,0.93427835051546393,0.5,0.039215686274509803,0.072727272727272724,0.0027586206896551722,4,0.0051546391752577319,2,49,10,492,0.634020618556701,hypothetical; not empirically measured mine-specific costs
Gradient Boosting,0.88,2,1,724,49,0.93556701030927836,0.66666666666666663,0.039215686274509803,0.07407407407407407,0.0013793103448275861,3,0.0038659793814432991,1,49,10,491,0.63273195876288657,hypothetical; not empirically measured mine-specific costs
Gradient Boosting,0.89000000000000001,1,1,724,50,0.93427835051546393,0.5,0.019607843137254902,0.037735849056603772,0.0013793103448275861,2,0.0025773195876288659,1,50,10,501,0.64561855670103097,hypothetical; not empirically measured mine-specific costs
Gradient Boosting,0.90000000000000002,0,0,725,51,0.93427835051546393,0,0,0,0,0,0,0,51,10,510,0.65721649484536082,hypothetical; not empirically measured mine-specific costs
Gradient Boosting,0.91000000000000003,0,0,725,51,0.93427835051546393,0,0,0,0,0,0,0,51,10,510,0.65721649484536082,hypothetical; not empirically measured mine-specific costs
Gradient Boosting,0.92000000000000004,0,0,725,51,0.93427835051546393,0,0,0,0,0,0,0,51,10,510,0.65721649484536082,hypothetical; not empirically measured mine-specific costs
Gradient Boosting,0.93000000000000005,0,0,725,51,0.93427835051546393,0,0,0,0,0,0,0,51,10,510,0.65721649484536082,hypothetical; not empirically measured mine-specific costs
Gradient Boosting,0.93999999999999995,0,0,725,51,0.93427835051546393,0,0,0,0,0,0,0,51,10,510,0.65721649484536082,hypothetical; not empirically measured mine-specific costs
Gradient Boosting,0.94999999999999996,0,0,725,51,0.93427835051546393,0,0,0,0,0,0,0,51,10,510,0.65721649484536082,hypothetical; not empirically measured mine-specific costs
Gradient Boosting,0.95999999999999996,0,0,725,51,0.93427835051546393,0,0,0,0,0,0,0,51,10,510,0.65721649484536082,hypothetical; not empirically measured mine-specific costs
Gradient Boosting,0.96999999999999997,0,0,725,51,0.93427835051546393,0,0,0,0,0,0,0,51,10,510,0.65721649484536082,hypothetical; not empirically measured mine-specific costs
Gradient Boosting,0.97999999999999998,0,0,725,51,0.93427835051546393,0,0,0,0,0,0,0,51,10,510,0.65721649484536082,hypothetical; not empirically measured mine-specific costs
Gradient Boosting,0.98999999999999999,0,0,725,51,0.93427835051546393,0,0,0,0,0,0,0,51,10,510,0.65721649484536082,hypothetical; not empirically measured mine-specific costs
SVM,0.01,51,725,0,0,0.065721649484536085,0.065721649484536085,1,0.12333736396614269,1,776,1,725,0,10,725,0.93427835051546393,hypothetical; not empirically measured mine-specific costs
SVM,0.02,51,724,1,0,0.067010309278350513,0.06580645161290323,1,0.12348668280871671,0.99862068965517237,775,0.99871134020618557,724,0,10,724,0.9329896907216495,hypothetical; not empirically measured mine-specific costs
SVM,0.029999999999999999,51,714,11,0,0.079896907216494839,0.066666666666666666,1,0.125,0.98482758620689659,765,0.98582474226804129,714,0,10,714,0.92010309278350511,hypothetical; not empirically measured mine-specific costs
SVM,0.040000000000000001,41,418,307,10,0.4484536082474227,0.089324618736383449,0.80392156862745101,0.16078431372549021,0.57655172413793099,459,0.59149484536082475,418,10,10,518,0.66752577319587625,hypothetical; not empirically measured mine-specific costs
SVM,0.050000000000000003,31,240,485,20,0.66494845360824739,0.11439114391143912,0.60784313725490191,0.19254658385093168,0.33103448275862069,271,0.34922680412371132,240,20,10,440,0.5670103092783505,hypothetical; not empirically measured mine-specific costs
SVM,0.059999999999999998,29,187,538,22,0.73067010309278346,0.13425925925925927,0.56862745098039214,0.21722846441947566,0.25793103448275861,216,0.27835051546391754,187,22,10,407,0.52448453608247425,hypothetical; not empirically measured mine-specific costs
SVM,0.070000000000000007,25,148,577,26,0.77577319587628868,0.14450867052023122,0.49019607843137253,0.22321428571428573,0.20413793103448277,173,0.22293814432989692,148,26,10,408,0.52577319587628868,hypothetical; not empirically measured mine-specific costs
SVM,0.080000000000000002,20,125,600,31,0.7989690721649485,0.13793103448275862,0.39215686274509803,0.20408163265306123,0.17241379310344829,145,0.18685567010309279,125,31,10,435,0.56056701030927836,hypothetical; not empirically measured mine-specific costs
SVM,0.089999999999999997,19,103,622,32,0.8260309278350515,0.15573770491803279,0.37254901960784315,0.21965317919075145,0.14206896551724138,122,0.15721649484536082,103,32,10,423,0.54510309278350511,hypothetical; not empirically measured mine-specific costs
SVM,0.10000000000000001,18,80,645,33,0.85438144329896903,0.18367346938775511,0.35294117647058826,0.24161073825503357,0.1103448275862069,98,0.12628865979381443,80,33,10,410,0.52835051546391754,hypothetical; not empirically measured mine-specific costs
SVM,0.11,17,73,652,34,0.86211340206185572,0.18888888888888888,0.33333333333333331,0.24113475177304963,0.10068965517241379,90,0.11597938144329897,73,34,10,413,0.53221649484536082,hypothetical; not empirically measured mine-specific costs
SVM,0.12,17,62,663,34,0.87628865979381443,0.21518987341772153,0.33333333333333331,0.26153846153846155,0.085517241379310341,79,0.10180412371134021,62,34,10,402,0.51804123711340211,hypothetical; not empirically measured mine-specific costs
SVM,0.13,16,58,667,35,0.88015463917525771,0.21621621621621623,0.31372549019607843,0.25600000000000001,0.080000000000000002,74,0.095360824742268036,58,35,10,408,0.52577319587628868,hypothetical; not empirically measured mine-specific costs
SVM,0.14000000000000001,16,53,672,35,0.88659793814432986,0.2318840579710145,0.31372549019607843,0.26666666666666666,0.073103448275862071,69,0.08891752577319588,53,35,10,403,0.51932989690721654,hypothetical; not empirically measured mine-specific costs
SVM,0.14999999999999999,15,45,680,36,0.89561855670103097,0.25,0.29411764705882354,0.27027027027027029,0.062068965517241378,60,0.077319587628865982,45,36,10,405,0.52190721649484539,hypothetical; not empirically measured mine-specific costs
SVM,0.16,12,38,687,39,0.90077319587628868,0.23999999999999999,0.23529411764705882,0.23762376237623761,0.052413793103448278,50,0.064432989690721643,38,39,10,428,0.55154639175257736,hypothetical; not empirically measured mine-specific costs
SVM,0.17000000000000001,10,33,692,41,0.90463917525773196,0.23255813953488372,0.19607843137254902,0.21276595744680851,0.045517241379310347,43,0.055412371134020616,33,41,10,443,0.57087628865979378,hypothetical; not empirically measured mine-specific costs
SVM,0.17999999999999999,10,26,699,41,0.91365979381443296,0.27777777777777779,0.19607843137254902,0.22988505747126436,0.035862068965517239,36,0.046391752577319589,26,41,10,436,0.56185567010309279,hypothetical; not empirically measured mine-specific costs
SVM,0.19,8,21,704,43,0.91752577319587625,0.27586206896551724,0.15686274509803921,0.20000000000000001,0.028965517241379312,29,0.037371134020618556,21,43,10,451,0.58118556701030932,hypothetical; not empirically measured mine-specific costs
SVM,0.20000000000000001,5,17,708,46,0.91881443298969068,0.22727272727272727,0.098039215686274508,0.13698630136986301,0.023448275862068966,22,0.028350515463917526,17,46,10,477,0.61469072164948457,hypothetical; not empirically measured mine-specific costs
SVM,0.20999999999999999,4,13,712,47,0.92268041237113407,0.23529411764705882,0.078431372549019607,0.11764705882352941,0.01793103448275862,17,0.021907216494845359,13,47,10,483,0.62242268041237114,hypothetical; not empirically measured mine-specific costs
SVM,0.22,4,11,714,47,0.92525773195876293,0.26666666666666666,0.078431372549019607,0.12121212121212122,0.015172413793103448,15,0.019329896907216496,11,47,10,481,0.61984536082474229,hypothetical; not empirically measured mine-specific costs
SVM,0.23000000000000001,3,6,719,48,0.93041237113402064,0.33333333333333331,0.058823529411764705,0.10000000000000001,0.0082758620689655175,9,0.011597938144329897,6,48,10,486,0.62628865979381443,hypothetical; not empirically measured mine-specific costs
SVM,0.23999999999999999,1,4,721,50,0.93041237113402064,0.20000000000000001,0.019607843137254902,0.035714285714285712,0.0055172413793103444,5,0.0064432989690721646,4,50,10,504,0.64948453608247425,hypothetical; not empirically measured mine-specific costs
SVM,0.25,1,3,722,50,0.93170103092783507,0.25,0.019607843137254902,0.036363636363636362,0.0041379310344827587,4,0.0051546391752577319,3,50,10,503,0.64819587628865982,hypothetical; not empirically measured mine-specific costs
SVM,0.26000000000000001,1,2,723,50,0.9329896907216495,0.33333333333333331,0.019607843137254902,0.037037037037037035,0.0027586206896551722,3,0.0038659793814432991,2,50,10,502,0.64690721649484539,hypothetical; not empirically measured mine-specific costs
SVM,0.27000000000000002,0,1,724,51,0.9329896907216495,0,0,0,0.0013793103448275861,1,0.001288659793814433,1,51,10,511,0.65850515463917525,hypothetical; not empirically measured mine-specific costs
SVM,0.28000000000000003,0,0,725,51,0.93427835051546393,0,0,0,0,0,0,0,51,10,510,0.65721649484536082,hypothetical; not empirically measured mine-specific costs
SVM,0.28999999999999998,0,0,725,51,0.93427835051546393,0,0,0,0,0,0,0,51,10,510,0.65721649484536082,hypothetical; not empirically measured mine-specific costs
SVM,0.29999999999999999,0,0,725,51,0.93427835051546393,0,0,0,0,0,0,0,51,10,510,0.65721649484536082,hypothetical; not empirically measured mine-specific costs
SVM,0.31,0,0,725,51,0.93427835051546393,0,0,0,0,0,0,0,51,10,510,0.65721649484536082,hypothetical; not empirically measured mine-specific costs
SVM,0.32000000000000001,0,0,725,51,0.93427835051546393,0,0,0,0,0,0,0,51,10,510,0.65721649484536082,hypothetical; not empirically measured mine-specific costs
SVM,0.33000000000000002,0,0,725,51,0.93427835051546393,0,0,0,0,0,0,0,51,10,510,0.65721649484536082,hypothetical; not empirically measured mine-specific costs
SVM,0.34000000000000002,0,0,725,51,0.93427835051546393,0,0,0,0,0,0,0,51,10,510,0.65721649484536082,hypothetical; not empirically measured mine-specific costs
SVM,0.34999999999999998,0,0,725,51,0.93427835051546393,0,0,0,0,0,0,0,51,10,510,0.65721649484536082,hypothetical; not empirically measured mine-specific costs
SVM,0.35999999999999999,0,0,725,51,0.93427835051546393,0,0,0,0,0,0,0,51,10,510,0.65721649484536082,hypothetical; not empirically measured mine-specific costs
SVM,0.37,0,0,725,51,0.93427835051546393,0,0,0,0,0,0,0,51,10,510,0.65721649484536082,hypothetical; not empirically measured mine-specific costs
SVM,0.38,0,0,725,51,0.93427835051546393,0,0,0,0,0,0,0,51,10,510,0.65721649484536082,hypothetical; not empirically measured mine-specific costs
SVM,0.39000000000000001,0,0,725,51,0.93427835051546393,0,0,0,0,0,0,0,51,10,510,0.65721649484536082,hypothetical; not empirically measured mine-specific costs
SVM,0.40000000000000002,0,0,725,51,0.93427835051546393,0,0,0,0,0,0,0,51,10,510,0.65721649484536082,hypothetical; not empirically measured mine-specific costs
SVM,0.40999999999999998,0,0,725,51,0.93427835051546393,0,0,0,0,0,0,0,51,10,510,0.65721649484536082,hypothetical; not empirically measured mine-specific costs
SVM,0.41999999999999998,0,0,725,51,0.93427835051546393,0,0,0,0,0,0,0,51,10,510,0.65721649484536082,hypothetical; not empirically measured mine-specific costs
SVM,0.42999999999999999,0,0,725,51,0.93427835051546393,0,0,0,0,0,0,0,51,10,510,0.65721649484536082,hypothetical; not empirically measured mine-specific costs
SVM,0.44,0,0,725,51,0.93427835051546393,0,0,0,0,0,0,0,51,10,510,0.65721649484536082,hypothetical; not empirically measured mine-specific costs
SVM,0.45000000000000001,0,0,725,51,0.93427835051546393,0,0,0,0,0,0,0,51,10,510,0.65721649484536082,hypothetical; not empirically measured mine-specific costs
SVM,0.46000000000000002,0,0,725,51,0.93427835051546393,0,0,0,0,0,0,0,51,10,510,0.65721649484536082,hypothetical; not empirically measured mine-specific costs
SVM,0.46999999999999997,0,0,725,51,0.93427835051546393,0,0,0,0,0,0,0,51,10,510,0.65721649484536082,hypothetical; not empirically measured mine-specific costs
SVM,0.47999999999999998,0,0,725,51,0.93427835051546393,0,0,0,0,0,0,0,51,10,510,0.65721649484536082,hypothetical; not empirically measured mine-specific costs
SVM,0.48999999999999999,0,0,725,51,0.93427835051546393,0,0,0,0,0,0,0,51,10,510,0.65721649484536082,hypothetical; not empirically measured mine-specific costs
SVM,0.5,0,0,725,51,0.93427835051546393,0,0,0,0,0,0,0,51,10,510,0.65721649484536082,hypothetical; not empirically measured mine-specific costs
SVM,0.51000000000000001,0,0,725,51,0.93427835051546393,0,0,0,0,0,0,0,51,10,510,0.65721649484536082,hypothetical; not empirically measured mine-specific costs
SVM,0.52000000000000002,0,0,725,51,0.93427835051546393,0,0,0,0,0,0,0,51,10,510,0.65721649484536082,hypothetical; not empirically measured mine-specific costs
SVM,0.53000000000000003,0,0,725,51,0.93427835051546393,0,0,0,0,0,0,0,51,10,510,0.65721649484536082,hypothetical; not empirically measured mine-specific costs
SVM,0.54000000000000004,0,0,725,51,0.93427835051546393,0,0,0,0,0,0,0,51,10,510,0.65721649484536082,hypothetical; not empirically measured mine-specific costs
SVM,0.55000000000000004,0,0,725,51,0.93427835051546393,0,0,0,0,0,0,0,51,10,510,0.65721649484536082,hypothetical; not empirically measured mine-specific costs
SVM,0.56000000000000005,0,0,725,51,0.93427835051546393,0,0,0,0,0,0,0,51,10,510,0.65721649484536082,hypothetical; not empirically measured mine-specific costs
SVM,0.56999999999999995,0,0,725,51,0.93427835051546393,0,0,0,0,0,0,0,51,10,510,0.65721649484536082,hypothetical; not empirically measured mine-specific costs
SVM,0.57999999999999996,0,0,725,51,0.93427835051546393,0,0,0,0,0,0,0,51,10,510,0.65721649484536082,hypothetical; not empirically measured mine-specific costs
SVM,0.58999999999999997,0,0,725,51,0.93427835051546393,0,0,0,0,0,0,0,51,10,510,0.65721649484536082,hypothetical; not empirically measured mine-specific costs
SVM,0.59999999999999998,0,0,725,51,0.93427835051546393,0,0,0,0,0,0,0,51,10,510,0.65721649484536082,hypothetical; not empirically measured mine-specific costs
SVM,0.60999999999999999,0,0,725,51,0.93427835051546393,0,0,0,0,0,0,0,51,10,510,0.65721649484536082,hypothetical; not empirically measured mine-specific costs
SVM,0.62,0,0,725,51,0.93427835051546393,0,0,0,0,0,0,0,51,10,510,0.65721649484536082,hypothetical; not empirically measured mine-specific costs
SVM,0.63,0,0,725,51,0.93427835051546393,0,0,0,0,0,0,0,51,10,510,0.65721649484536082,hypothetical; not empirically measured mine-specific costs
SVM,0.64000000000000001,0,0,725,51,0.93427835051546393,0,0,0,0,0,0,0,51,10,510,0.65721649484536082,hypothetical; not empirically measured mine-specific costs
SVM,0.65000000000000002,0,0,725,51,0.93427835051546393,0,0,0,0,0,0,0,51,10,510,0.65721649484536082,hypothetical; not empirically measured mine-specific costs
SVM,0.66000000000000003,0,0,725,51,0.93427835051546393,0,0,0,0,0,0,0,51,10,510,0.65721649484536082,hypothetical; not empirically measured mine-specific costs
SVM,0.67000000000000004,0,0,725,51,0.93427835051546393,0,0,0,0,0,0,0,51,10,510,0.65721649484536082,hypothetical; not empirically measured mine-specific costs
SVM,0.68000000000000005,0,0,725,51,0.93427835051546393,0,0,0,0,0,0,0,51,10,510,0.65721649484536082,hypothetical; not empirically measured mine-specific costs
SVM,0.68999999999999995,0,0,725,51,0.93427835051546393,0,0,0,0,0,0,0,51,10,510,0.65721649484536082,hypothetical; not empirically measured mine-specific costs
SVM,0.69999999999999996,0,0,725,51,0.93427835051546393,0,0,0,0,0,0,0,51,10,510,0.65721649484536082,hypothetical; not empirically measured mine-specific costs
SVM,0.70999999999999996,0,0,725,51,0.93427835051546393,0,0,0,0,0,0,0,51,10,510,0.65721649484536082,hypothetical; not empirically measured mine-specific costs
SVM,0.71999999999999997,0,0,725,51,0.93427835051546393,0,0,0,0,0,0,0,51,10,510,0.65721649484536082,hypothetical; not empirically measured mine-specific costs
SVM,0.72999999999999998,0,0,725,51,0.93427835051546393,0,0,0,0,0,0,0,51,10,510,0.65721649484536082,hypothetical; not empirically measured mine-specific costs
SVM,0.73999999999999999,0,0,725,51,0.93427835051546393,0,0,0,0,0,0,0,51,10,510,0.65721649484536082,hypothetical; not empirically measured mine-specific costs
SVM,0.75,0,0,725,51,0.93427835051546393,0,0,0,0,0,0,0,51,10,510,0.65721649484536082,hypothetical; not empirically measured mine-specific costs
SVM,0.76000000000000001,0,0,725,51,0.93427835051546393,0,0,0,0,0,0,0,51,10,510,0.65721649484536082,hypothetical; not empirically measured mine-specific costs
SVM,0.77000000000000002,0,0,725,51,0.93427835051546393,0,0,0,0,0,0,0,51,10,510,0.65721649484536082,hypothetical; not empirically measured mine-specific costs
SVM,0.78000000000000003,0,0,725,51,0.93427835051546393,0,0,0,0,0,0,0,51,10,510,0.65721649484536082,hypothetical; not empirically measured mine-specific costs
SVM,0.79000000000000004,0,0,725,51,0.93427835051546393,0,0,0,0,0,0,0,51,10,510,0.65721649484536082,hypothetical; not empirically measured mine-specific costs
SVM,0.80000000000000004,0,0,725,51,0.93427835051546393,0,0,0,0,0,0,0,51,10,510,0.65721649484536082,hypothetical; not empirically measured mine-specific costs
SVM,0.81000000000000005,0,0,725,51,0.93427835051546393,0,0,0,0,0,0,0,51,10,510,0.65721649484536082,hypothetical; not empirically measured mine-specific costs
SVM,0.81999999999999995,0,0,725,51,0.93427835051546393,0,0,0,0,0,0,0,51,10,510,0.65721649484536082,hypothetical; not empirically measured mine-specific costs
SVM,0.82999999999999996,0,0,725,51,0.93427835051546393,0,0,0,0,0,0,0,51,10,510,0.65721649484536082,hypothetical; not empirically measured mine-specific costs
SVM,0.83999999999999997,0,0,725,51,0.93427835051546393,0,0,0,0,0,0,0,51,10,510,0.65721649484536082,hypothetical; not empirically measured mine-specific costs
SVM,0.84999999999999998,0,0,725,51,0.93427835051546393,0,0,0,0,0,0,0,51,10,510,0.65721649484536082,hypothetical; not empirically measured mine-specific costs
SVM,0.85999999999999999,0,0,725,51,0.93427835051546393,0,0,0,0,0,0,0,51,10,510,0.65721649484536082,hypothetical; not empirically measured mine-specific costs
SVM,0.87,0,0,725,51,0.93427835051546393,0,0,0,0,0,0,0,51,10,510,0.65721649484536082,hypothetical; not empirically measured mine-specific costs
SVM,0.88,0,0,725,51,0.93427835051546393,0,0,0,0,0,0,0,51,10,510,0.65721649484536082,hypothetical; not empirically measured mine-specific costs
SVM,0.89000000000000001,0,0,725,51,0.93427835051546393,0,0,0,0,0,0,0,51,10,510,0.65721649484536082,hypothetical; not empirically measured mine-specific costs
SVM,0.90000000000000002,0,0,725,51,0.93427835051546393,0,0,0,0,0,0,0,51,10,510,0.65721649484536082,hypothetical; not empirically measured mine-specific costs
SVM,0.91000000000000003,0,0,725,51,0.93427835051546393,0,0,0,0,0,0,0,51,10,510,0.65721649484536082,hypothetical; not empirically measured mine-specific costs
SVM,0.92000000000000004,0,0,725,51,0.93427835051546393,0,0,0,0,0,0,0,51,10,510,0.65721649484536082,hypothetical; not empirically measured mine-specific costs
SVM,0.93000000000000005,0,0,725,51,0.93427835051546393,0,0,0,0,0,0,0,51,10,510,0.65721649484536082,hypothetical; not empirically measured mine-specific costs
SVM,0.93999999999999995,0,0,725,51,0.93427835051546393,0,0,0,0,0,0,0,51,10,510,0.65721649484536082,hypothetical; not empirically measured mine-specific costs
SVM,0.94999999999999996,0,0,725,51,0.93427835051546393,0,0,0,0,0,0,0,51,10,510,0.65721649484536082,hypothetical; not empirically measured mine-specific costs
SVM,0.95999999999999996,0,0,725,51,0.93427835051546393,0,0,0,0,0,0,0,51,10,510,0.65721649484536082,hypothetical; not empirically measured mine-specific costs
SVM,0.96999999999999997,0,0,725,51,0.93427835051546393,0,0,0,0,0,0,0,51,10,510,0.65721649484536082,hypothetical; not empirically measured mine-specific costs
SVM,0.97999999999999998,0,0,725,51,0.93427835051546393,0,0,0,0,0,0,0,51,10,510,0.65721649484536082,hypothetical; not empirically measured mine-specific costs
SVM,0.98999999999999999,0,0,725,51,0.93427835051546393,0,0,0,0,0,0,0,51,10,510,0.65721649484536082,hypothetical; not empirically measured mine-specific costs
Logistic Regression,0.01,51,725,0,0,0.065721649484536085,0.065721649484536085,1,0.12333736396614269,1,776,1,725,0,20,725,0.93427835051546393,hypothetical; not empirically measured mine-specific costs
Logistic Regression,0.02,51,725,0,0,0.065721649484536085,0.065721649484536085,1,0.12333736396614269,1,776,1,725,0,20,725,0.93427835051546393,hypothetical; not empirically measured mine-specific costs
Logistic Regression,0.029999999999999999,51,725,0,0,0.065721649484536085,0.065721649484536085,1,0.12333736396614269,1,776,1,725,0,20,725,0.93427835051546393,hypothetical; not empirically measured mine-specific costs
Logistic Regression,0.040000000000000001,51,725,0,0,0.065721649484536085,0.065721649484536085,1,0.12333736396614269,1,776,1,725,0,20,725,0.93427835051546393,hypothetical; not empirically measured mine-specific costs
Logistic Regression,0.050000000000000003,51,725,0,0,0.065721649484536085,0.065721649484536085,1,0.12333736396614269,1,776,1,725,0,20,725,0.93427835051546393,hypothetical; not empirically measured mine-specific costs
Logistic Regression,0.059999999999999998,51,724,1,0,0.067010309278350513,0.06580645161290323,1,0.12348668280871671,0.99862068965517237,775,0.99871134020618557,724,0,20,724,0.9329896907216495,hypothetical; not empirically measured mine-specific costs
Logistic Regression,0.070000000000000007,51,724,1,0,0.067010309278350513,0.06580645161290323,1,0.12348668280871671,0.99862068965517237,775,0.99871134020618557,724,0,20,724,0.9329896907216495,hypothetical; not empirically measured mine-specific costs
Logistic Regression,0.080000000000000002,51,723,2,0,0.068298969072164942,0.06589147286821706,1,0.12363636363636364,0.99724137931034484,774,0.99742268041237114,723,0,20,723,0.93170103092783507,hypothetical; not empirically measured mine-specific costs
Logistic Regression,0.089999999999999997,51,723,2,0,0.068298969072164942,0.06589147286821706,1,0.12363636363636364,0.99724137931034484,774,0.99742268041237114,723,0,20,723,0.93170103092783507,hypothetical; not empirically measured mine-specific costs
Logistic Regression,0.10000000000000001,51,721,4,0,0.070876288659793812,0.066062176165803108,1,0.12393681652490887,0.99448275862068969,772,0.99484536082474229,721,0,20,721,0.92912371134020622,hypothetical; not empirically measured mine-specific costs
Logistic Regression,0.11,51,718,7,0,0.074742268041237112,0.066319895968790635,1,0.12439024390243902,0.9903448275862069,769,0.990979381443299,718,0,20,718,0.92525773195876293,hypothetical; not empirically measured mine-specific costs
Logistic Regression,0.12,51,717,8,0,0.07603092783505154,0.06640625,1,0.12454212454212454,0.98896551724137927,768,0.98969072164948457,717,0,20,717,0.9239690721649485,hypothetical; not empirically measured mine-specific costs
Logistic Regression,0.13,51,716,9,0,0.077319587628865982,0.066492829204693613,1,0.12469437652811736,0.98758620689655174,767,0.98840206185567014,716,0,20,716,0.92268041237113407,hypothetical; not empirically measured mine-specific costs
Logistic Regression,0.14000000000000001,51,716,9,0,0.077319587628865982,0.066492829204693613,1,0.12469437652811736,0.98758620689655174,767,0.98840206185567014,716,0,20,716,0.92268041237113407,hypothetical; not empirically measured mine-specific costs
Logistic Regression,0.14999999999999999,51,715,10,0,0.078608247422680411,0.066579634464751958,1,0.12484700122399021,0.98620689655172411,766,0.98711340206185572,715,0,20,715,0.92139175257731953,hypothetical; not empirically measured mine-specific costs
Logistic Regression,0.16,51,714,11,0,0.079896907216494839,0.066666666666666666,1,0.125,0.98482758620689659,765,0.98582474226804129,714,0,20,714,0.92010309278350511,hypothetical; not empirically measured mine-specific costs
Logistic Regression,0.17000000000000001,51,706,19,0,0.090206185567010308,0.067371202113606338,1,0.12623762376237624,0.97379310344827585,757,0.97551546391752575,706,0,20,706,0.90979381443298968,hypothetical; not empirically measured mine-specific costs
Logistic Regression,0.17999999999999999,51,671,54,0,0.13530927835051546,0.070637119113573413,1,0.13195342820181113,0.92551724137931035,722,0.93041237113402064,671,0,20,671,0.86469072164948457,hypothetical; not empirically measured mine-specific costs
Logistic Regression,0.19,51,628,97,0,0.19072164948453607,0.07511045655375552,1,0.13972602739726028,0.86620689655172411,679,0.875,628,0,20,628,0.80927835051546393,hypothetical; not empirically measured mine-specific costs
Logistic Regression,0.20000000000000001,51,592,133,0,0.23711340206185566,0.079315707620528766,1,0.14697406340057637,0.81655172413793109,643,0.82860824742268047,592,0,20,592,0.76288659793814428,hypothetical; not empirically measured mine-specific costs
Logistic Regression,0.20999999999999999,51,567,158,0,0.26932989690721648,0.082524271844660199,1,0.15246636771300448,0.78206896551724137,618,0.79639175257731953,567,0,20,567,0.73067010309278346,hypothetical; not empirically measured mine-specific costs
Logistic Regression,0.22,51,558,167,0,0.28092783505154639,0.083743842364532015,1,0.15454545454545454,0.76965517241379311,609,0.78479381443298968,558,0,20,558,0.71907216494845361,hypothetical; not empirically measured mine-specific costs
Logistic Regression,0.23000000000000001,51,543,182,0,0.30025773195876287,0.085858585858585856,1,0.15813953488372093,0.74896551724137927,594,0.76546391752577314,543,0,20,543,0.69974226804123707,hypothetical; not empirically measured mine-specific costs
Logistic Regression,0.23999999999999999,51,527,198,0,0.32087628865979384,0.088235294117647065,1,0.16216216216216217,0.72689655172413792,578,0.74484536082474229,527,0,20,527,0.67912371134020622,hypothetical; not empirically measured mine-specific costs
Logistic Regression,0.25,49,501,224,2,0.35180412371134023,0.089090909090909096,0.96078431372549022,0.16306156405990016,0.69103448275862067,550,0.70876288659793818,501,2,20,541,0.69716494845360821,hypothetical; not empirically measured mine-specific costs
Logistic Regression,0.26000000000000001,49,484,241,2,0.37371134020618557,0.09193245778611632,0.96078431372549022,0.1678082191780822,0.66758620689655168,533,0.68685567010309279,484,2,20,524,0.67525773195876293,hypothetical; not empirically measured mine-specific costs
Logistic Regression,0.27000000000000002,49,467,258,2,0.39561855670103091,0.094961240310077522,0.96078431372549022,0.1728395061728395,0.6441379310344828,516,0.66494845360824739,467,2,20,507,0.65335051546391754,hypothetical; not empirically measured mine-specific costs
Logistic Regression,0.28000000000000003,47,445,280,4,0.42139175257731959,0.095528455284552852,0.92156862745098034,0.17311233885819521,0.61379310344827587,492,0.634020618556701,445,4,20,525,0.67654639175257736,hypothetical; not empirically measured mine-specific costs
Logistic Regression,0.28999999999999998,46,414,311,5,0.46005154639175255,0.10000000000000001,0.90196078431372551,0.18003913894324852,0.57103448275862068,460,0.59278350515463918,414,5,20,514,0.66237113402061853,hypothetical; not empirically measured mine-specific costs
Logistic Regression,0.29999999999999999,45,394,331,6,0.4845360824742268,0.10250569476082004,0.88235294117647056,0.18367346938775511,0.54344827586206901,439,0.56572164948453607,394,6,20,514,0.66237113402061853,hypothetical; not empirically measured mine-specific costs
Logistic Regression,0.31,44,367,358,7,0.51804123711340211,0.1070559610705596,0.86274509803921573,0.19047619047619047,0.50620689655172413,411,0.52963917525773196,367,7,20,507,0.65335051546391754,hypothetical; not empirically measured mine-specific costs
Logistic Regression,0.32000000000000001,41,347,378,10,0.53994845360824739,0.1056701030927835,0.80392156862745101,0.18678815489749431,0.4786206896551724,388,0.5,347,10,20,547,0.70489690721649489,hypothetical; not empirically measured mine-specific costs
Logistic Regression,0.33000000000000002,40,328,397,11,0.56314432989690721,0.10869565217391304,0.78431372549019607,0.1909307875894988,0.45241379310344826,368,0.47422680412371132,328,11,20,548,0.70618556701030932,hypothetical; not empirically measured mine-specific costs
Logistic Regression,0.34000000000000002,39,312,413,12,0.58247422680412375,0.1111111111111111,0.76470588235294112,0.19402985074626866,0.4303448275862069,351,0.45231958762886598,312,12,20,552,0.71134020618556704,hypothetical; not empirically measured mine-specific costs
Logistic Regression,0.34999999999999998,38,296,429,13,0.60180412371134018,0.11377245508982035,0.74509803921568629,0.19740259740259741,0.40827586206896554,334,0.43041237113402064,296,13,20,556,0.71649484536082475,hypothetical; not empirically measured mine-specific costs
Logistic Regression,0.35999999999999999,37,280,445,14,0.62113402061855671,0.1167192429022082,0.72549019607843135,0.20108695652173914,0.38620689655172413,317,0.40850515463917525,280,14,20,560,0.72164948453608246,hypothetical; not empirically measured mine-specific costs
Logistic Regression,0.37,37,262,463,14,0.64432989690721654,0.12374581939799331,0.72549019607843135,0.21142857142857144,0.36137931034482756,299,0.38530927835051548,262,14,20,542,0.69845360824742264,hypothetical; not empirically measured mine-specific costs
Logistic Regression,0.38,36,243,482,15,0.66752577319587625,0.12903225806451613,0.70588235294117652,0.21818181818181817,0.33517241379310347,279,0.3595360824742268,243,15,20,543,0.69974226804123707,hypothetical; not empirically measured mine-specific costs
Logistic Regression,0.39000000000000001,36,232,493,15,0.68170103092783507,0.13432835820895522,0.70588235294117652,0.22570532915360503,0.32000000000000001,268,0.34536082474226804,232,15,20,532,0.68556701030927836,hypothetical; not empirically measured mine-specific costs
Logistic Regression,0.40000000000000002,35,219,506,16,0.69716494845360821,0.13779527559055119,0.68627450980392157,0.22950819672131148,0.30206896551724138,254,0.32731958762886598,219,16,20,539,0.69458762886597936,hypothetical; not empirically measured mine-specific costs
Logistic Regression,0.40999999999999998,33,208,517,18,0.70876288659793818,0.13692946058091288,0.6470588235294118,0.22602739726027396,0.28689655172413792,241,0.31056701030927836,208,18,20,568,0.73195876288659789,hypothetical; not empirically measured mine-specific costs
Logistic Regression,0.41999999999999998,33,200,525,18,0.71907216494845361,0.14163090128755365,0.6470588235294118,0.23239436619718309,0.27586206896551724,233,0.30025773195876287,200,18,20,560,0.72164948453608246,hypothetical; not empirically measured mine-specific costs
Logistic Regression,0.42999999999999999,33,186,539,18,0.73711340206185572,0.15068493150684931,0.6470588235294118,0.24444444444444444,0.25655172413793104,219,0.28221649484536082,186,18,20,546,0.70360824742268047,hypothetical; not empirically measured mine-specific costs
Logistic Regression,0.44,33,182,543,18,0.74226804123711343,0.15348837209302327,0.6470588235294118,0.24812030075187969,0.25103448275862067,215,0.27706185567010311,182,18,20,542,0.69845360824742264,hypothetical; not empirically measured mine-specific costs
Logistic Regression,0.45000000000000001,33,173,552,18,0.75386597938144329,0.16019417475728157,0.6470588235294118,0.25680933852140075,0.23862068965517241,206,0.2654639175257732,173,18,20,533,0.68685567010309279,hypothetical; not empirically measured mine-specific costs
Logistic Regression,0.46000000000000002,33,165,560,18,0.76417525773195871,0.16666666666666666,0.6470588235294118,0.26506024096385544,0.22758620689655173,198,0.25515463917525771,165,18,20,525,0.67654639175257736,hypothetical; not empirically measured mine-specific costs
Logistic Regression,0.46999999999999997,33,158,567,18,0.77319587628865982,0.17277486910994763,0.6470588235294118,0.27272727272727271,0.21793103448275863,191,0.24613402061855671,158,18,20,518,0.66752577319587625,hypothetical; not empirically measured mine-specific costs
Logistic Regression,0.47999999999999998,32,152,573,19,0.77963917525773196,0.17391304347826086,0.62745098039215685,0.2723404255319149,0.20965517241379311,184,0.23711340206185566,152,19,20,532,0.68556701030927836,hypothetical; not empirically measured mine-specific costs
Logistic Regression,0.48999999999999999,32,142,583,19,0.79252577319587625,0.18390804597701149,0.62745098039215685,0.28444444444444444,0.19586206896551725,174,0.22422680412371135,142,19,20,522,0.67268041237113407,hypothetical; not empirically measured mine-specific costs
Logistic Regression,0.5,32,134,591,19,0.80283505154639179,0.19277108433734941,0.62745098039215685,0.29493087557603687,0.18482758620689654,166,0.21391752577319587,134,19,20,514,0.66237113402061853,hypothetical; not empirically measured mine-specific costs
Logistic Regression,0.51000000000000001,32,127,598,19,0.81185567010309279,0.20125786163522014,0.62745098039215685,0.30476190476190479,0.17517241379310344,159,0.20489690721649484,127,19,20,507,0.65335051546391754,hypothetical; not empirically measured mine-specific costs
Logistic Regression,0.52000000000000002,32,120,605,19,0.82087628865979378,0.21052631578947367,0.62745098039215685,0.31527093596059114,0.16551724137931034,152,0.19587628865979381,120,19,20,500,0.64432989690721654,hypothetical; not empirically measured mine-specific costs
Logistic Regression,0.53000000000000003,32,115,610,19,0.82731958762886593,0.21768707482993196,0.62745098039215685,0.32323232323232326,0.15862068965517243,147,0.18943298969072164,115,19,20,495,0.63788659793814428,hypothetical; not empirically measured mine-specific costs
Logistic Regression,0.54000000000000004,32,107,618,19,0.83762886597938147,0.23021582733812951,0.62745098039215685,0.33684210526315789,0.14758620689655172,139,0.17912371134020619,107,19,20,487,0.62757731958762886,hypothetical; not empirically measured mine-specific costs
Logistic Regression,0.55000000000000004,32,102,623,19,0.84407216494845361,0.23880597014925373,0.62745098039215685,0.34594594594594597,0.1406896551724138,134,0.17268041237113402,102,19,20,482,0.62113402061855671,hypothetical; not empirically measured mine-specific costs
Logistic Regression,0.56000000000000005,30,100,625,21,0.84407216494845361,0.23076923076923078,0.58823529411764708,0.33149171270718231,0.13793103448275862,130,0.16752577319587628,100,21,20,520,0.67010309278350511,hypothetical; not empirically measured mine-specific costs
Logistic Regression,0.56999999999999995,30,96,629,21,0.84922680412371132,0.23809523809523808,0.58823529411764708,0.33898305084745761,0.13241379310344828,126,0.16237113402061856,96,21,20,516,0.66494845360824739,hypothetical; not empirically measured mine-specific costs
Logistic Regression,0.57999999999999996,29,94,631,22,0.85051546391752575,0.23577235772357724,0.56862745098039214,0.33333333333333331,0.1296551724137931,123,0.15850515463917525,94,22,20,534,0.68814432989690721,hypothetical; not empirically measured mine-specific costs
Logistic Regression,0.58999999999999997,29,92,633,22,0.85309278350515461,0.23966942148760331,0.56862745098039214,0.33720930232558138,0.12689655172413794,121,0.15592783505154639,92,22,20,532,0.68556701030927836,hypothetical; not empirically measured mine-specific costs
Logistic Regression,0.59999999999999998,27,87,638,24,0.85695876288659789,0.23684210526315788,0.52941176470588236,0.32727272727272727,0.12,114,0.14690721649484537,87,24,20,567,0.73067010309278346,hypothetical; not empirically measured mine-specific costs
Logistic Regression,0.60999999999999999,26,87,638,25,0.85567010309278346,0.23008849557522124,0.50980392156862742,0.31707317073170732,0.12,113,0.14561855670103094,87,25,20,587,0.75644329896907214,hypothetical; not empirically measured mine-specific costs
Logistic Regression,0.62,26,83,642,25,0.86082474226804129,0.23853211009174313,0.50980392156862742,0.32500000000000001,0.11448275862068966,109,0.1404639175257732,83,25,20,583,0.75128865979381443,hypothetical; not empirically measured mine-specific costs
Logistic Regression,0.63,24,79,646,27,0.86340206185567014,0.23300970873786409,0.47058823529411764,0.31168831168831168,0.10896551724137932,103,0.1327319587628866,79,27,20,619,0.79768041237113407,hypothetical; not empirically measured mine-specific costs
Logistic Regression,0.64000000000000001,24,74,651,27,0.86984536082474229,0.24489795918367346,0.47058823529411764,0.32214765100671139,0.10206896551724139,98,0.12628865979381443,74,27,20,614,0.79123711340206182,hypothetical; not empirically measured mine-specific costs
Logistic Regression,0.65000000000000002,22,70,655,29,0.87242268041237114,0.2391304347826087,0.43137254901960786,0.30769230769230771,0.096551724137931033,92,0.11855670103092783,70,29,20,650,0.83762886597938147,hypothetical; not empirically measured mine-specific costs
Logistic Regression,0.66000000000000003,22,67,658,29,0.87628865979381443,0.24719101123595505,0.43137254901960786,0.31428571428571428,0.092413793103448272,89,0.11469072164948453,67,29,20,647,0.83376288659793818,hypothetical; not empirically measured mine-specific costs
Logistic Regression,0.67000000000000004,22,66,659,29,0.87757731958762886,0.25,0.43137254901960786,0.31654676258992803,0.091034482758620694,88,0.1134020618556701,66,29,20,646,0.83247422680412375,hypothetical; not empirically measured mine-specific costs
Logistic Regression,0.68000000000000005,21,63,662,30,0.88015463917525771,0.25,0.41176470588235292,0.31111111111111112,0.086896551724137933,84,0.10824742268041238,63,30,20,663,0.85438144329896903,hypothetical; not empirically measured mine-specific costs
Logistic Regression,0.68999999999999995,20,63,662,31,0.87886597938144329,0.24096385542168675,0.39215686274509803,0.29850746268656714,0.086896551724137933,83,0.10695876288659793,63,31,20,683,0.88015463917525771,hypothetical; not empirically measured mine-specific costs
Logistic Regression,0.69999999999999996,20,59,666,31,0.884020618556701,0.25316455696202533,0.39215686274509803,0.30769230769230771,0.08137931034482758,79,0.10180412371134021,59,31,20,679,0.875,hypothetical; not empirically measured mine-specific costs
Logistic Regression,0.70999999999999996,20,54,671,31,0.89046391752577314,0.27027027027027029,0.39215686274509803,0.32000000000000001,0.074482758620689649,74,0.095360824742268036,54,31,20,674,0.86855670103092786,hypothetical; not empirically measured mine-specific costs
Logistic Regression,0.71999999999999997,19,53,672,32,0.89046391752577314,0.2638888888888889,0.37254901960784315,0.30894308943089432,0.073103448275862071,72,0.092783505154639179,53,32,20,693,0.89304123711340211,hypothetical; not empirically measured mine-specific costs
Logistic Regression,0.72999999999999998,19,50,675,32,0.89432989690721654,0.27536231884057971,0.37254901960784315,0.31666666666666665,0.068965517241379309,69,0.08891752577319588,50,32,20,690,0.88917525773195871,hypothetical; not empirically measured mine-specific costs
Logistic Regression,0.73999999999999999,18,47,678,33,0.89690721649484539,0.27692307692307694,0.35294117647058826,0.31034482758620691,0.064827586206896548,65,0.083762886597938138,47,33,20,707,0.91108247422680411,hypothetical; not empirically measured mine-specific costs
Logistic Regression,0.75,17,47,678,34,0.89561855670103097,0.265625,0.33333333333333331,0.29565217391304349,0.064827586206896548,64,0.08247422680412371,47,34,20,727,0.93685567010309279,hypothetical; not empirically measured mine-specific costs
Logistic Regression,0.76000000000000001,16,45,680,35,0.89690721649484539,0.26229508196721313,0.31372549019607843,0.2857142857142857,0.062068965517241378,61,0.078608247422680411,45,35,20,745,0.96005154639175261,hypothetical; not empirically measured mine-specific costs
Logistic Regression,0.77000000000000002,16,40,685,35,0.90335051546391754,0.2857142857142857,0.31372549019607843,0.29906542056074764,0.055172413793103448,56,0.072164948453608241,40,35,20,740,0.95360824742268047,hypothetical; not empirically measured mine-specific costs
Logistic Regression,0.78000000000000003,15,37,688,36,0.90592783505154639,0.28846153846153844,0.29411764705882354,0.29126213592233008,0.051034482758620693,52,0.067010309278350513,37,36,20,757,0.97551546391752575,hypothetical; not empirically measured mine-specific costs
Logistic Regression,0.79000000000000004,15,35,690,36,0.90850515463917525,0.29999999999999999,0.29411764705882354,0.29702970297029702,0.048275862068965517,50,0.064432989690721643,35,36,20,755,0.97293814432989689,hypothetical; not empirically measured mine-specific costs
Logistic Regression,0.80000000000000004,15,34,691,36,0.90979381443298968,0.30612244897959184,0.29411764705882354,0.29999999999999999,0.046896551724137932,49,0.063144329896907214,34,36,20,754,0.97164948453608246,hypothetical; not empirically measured mine-specific costs
Logistic Regression,0.81000000000000005,15,32,693,36,0.91237113402061853,0.31914893617021278,0.29411764705882354,0.30612244897959184,0.044137931034482755,47,0.06056701030927835,32,36,20,752,0.96907216494845361,hypothetical; not empirically measured mine-specific costs
Logistic Regression,0.81999999999999995,15,30,695,36,0.91494845360824739,0.33333333333333331,0.29411764705882354,0.3125,0.041379310344827586,45,0.057989690721649487,30,36,20,750,0.96649484536082475,hypothetical; not empirically measured mine-specific costs
Logistic Regression,0.82999999999999996,15,29,696,36,0.91623711340206182,0.34090909090909088,0.29411764705882354,0.31578947368421051,0.040000000000000001,44,0.056701030927835051,29,36,20,749,0.96520618556701032,hypothetical; not empirically measured mine-specific costs
Logistic Regression,0.83999999999999997,13,27,698,38,0.91623711340206182,0.32500000000000001,0.25490196078431371,0.2857142857142857,0.037241379310344824,40,0.051546391752577317,27,38,20,787,1.0141752577319587,hypothetical; not empirically measured mine-specific costs
Logistic Regression,0.84999999999999998,13,24,701,38,0.92010309278350511,0.35135135135135137,0.25490196078431371,0.29545454545454547,0.03310344827586207,37,0.047680412371134018,24,38,20,784,1.0103092783505154,hypothetical; not empirically measured mine-specific costs
Logistic Regression,0.85999999999999999,12,23,702,39,0.92010309278350511,0.34285714285714286,0.23529411764705882,0.27906976744186046,0.031724137931034485,35,0.045103092783505154,23,39,20,803,1.0347938144329898,hypothetical; not empirically measured mine-specific costs
Logistic Regression,0.87,10,23,702,41,0.91752577319587625,0.30303030303030304,0.19607843137254902,0.23809523809523808,0.031724137931034485,33,0.04252577319587629,23,41,20,843,1.0863402061855669,hypothetical; not empirically measured mine-specific costs
Logistic Regression,0.88,8,20,705,43,0.91881443298969068,0.2857142857142857,0.15686274509803921,0.20253164556962025,0.027586206896551724,28,0.03608247422680412,20,43,20,880,1.134020618556701,hypothetical; not empirically measured mine-specific costs
Logistic Regression,0.89000000000000001,7,18,707,44,0.92010309278350511,0.28000000000000003,0.13725490196078433,0.18421052631578946,0.024827586206896551,25,0.032216494845360821,18,44,20,898,1.1572164948453609,hypothetical; not empirically measured mine-specific costs
Logistic Regression,0.90000000000000002,5,15,710,46,0.92139175257731953,0.25,0.098039215686274508,0.14084507042253522,0.020689655172413793,20,0.025773195876288658,15,46,20,935,1.2048969072164948,hypothetical; not empirically measured mine-specific costs
Logistic Regression,0.91000000000000003,4,15,710,47,0.92010309278350511,0.21052631578947367,0.078431372549019607,0.11428571428571428,0.020689655172413793,19,0.024484536082474227,15,47,20,955,1.2306701030927836,hypothetical; not empirically measured mine-specific costs
Logistic Regression,0.92000000000000004,3,13,712,48,0.92139175257731953,0.1875,0.058823529411764705,0.089552238805970144,0.01793103448275862,16,0.020618556701030927,13,48,20,973,1.2538659793814433,hypothetical; not empirically measured mine-specific costs
Logistic Regression,0.93000000000000005,3,13,712,48,0.92139175257731953,0.1875,0.058823529411764705,0.089552238805970144,0.01793103448275862,16,0.020618556701030927,13,48,20,973,1.2538659793814433,hypothetical; not empirically measured mine-specific costs
Logistic Regression,0.93999999999999995,3,13,712,48,0.92139175257731953,0.1875,0.058823529411764705,0.089552238805970144,0.01793103448275862,16,0.020618556701030927,13,48,20,973,1.2538659793814433,hypothetical; not empirically measured mine-specific costs
Logistic Regression,0.94999999999999996,2,9,716,49,0.92525773195876293,0.18181818181818182,0.039215686274509803,0.064516129032258063,0.012413793103448275,11,0.014175257731958763,9,49,20,989,1.2744845360824741,hypothetical; not empirically measured mine-specific costs
Logistic Regression,0.95999999999999996,1,6,719,50,0.92783505154639179,0.14285714285714285,0.019607843137254902,0.034482758620689655,0.0082758620689655175,7,0.0090206185567010301,6,50,20,1006,1.2963917525773196,hypothetical; not empirically measured mine-specific costs
Logistic Regression,0.96999999999999997,1,6,719,50,0.92783505154639179,0.14285714285714285,0.019607843137254902,0.034482758620689655,0.0082758620689655175,7,0.0090206185567010301,6,50,20,1006,1.2963917525773196,hypothetical; not empirically measured mine-specific costs
Logistic Regression,0.97999999999999998,1,3,722,50,0.93170103092783507,0.25,0.019607843137254902,0.036363636363636362,0.0041379310344827587,4,0.0051546391752577319,3,50,20,1003,1.2925257731958764,hypothetical; not empirically measured mine-specific costs
Logistic Regression,0.98999999999999999,0,1,724,51,0.9329896907216495,0,0,0,0.0013793103448275861,1,0.001288659793814433,1,51,20,1021,1.3157216494845361,hypothetical; not empirically measured mine-specific costs
Random Forest,0.01,47,566,159,4,0.2654639175257732,0.076672104404567704,0.92156862745098034,0.14156626506024098,0.78068965517241384,613,0.78994845360824739,566,4,20,646,0.83247422680412375,hypothetical; not empirically measured mine-specific costs
Random Forest,0.02,45,493,232,6,0.35695876288659795,0.083643122676579931,0.88235294117647056,0.15280135823429541,0.68000000000000005,538,0.69329896907216493,493,6,20,613,0.78994845360824739,hypothetical; not empirically measured mine-specific costs
Random Forest,0.029999999999999999,45,457,268,6,0.40335051546391754,0.089641434262948211,0.88235294117647056,0.16274864376130199,0.63034482758620691,502,0.64690721649484539,457,6,20,577,0.74355670103092786,hypothetical; not empirically measured mine-specific costs
Random Forest,0.040000000000000001,45,402,323,6,0.47422680412371132,0.10067114093959731,0.88235294117647056,0.18072289156626506,0.55448275862068963,447,0.5760309278350515,402,6,20,522,0.67268041237113407,hypothetical; not empirically measured mine-specific costs
Random Forest,0.050000000000000003,44,369,356,7,0.51546391752577314,0.10653753026634383,0.86274509803921573,0.18965517241379309,0.50896551724137928,413,0.53221649484536082,369,7,20,509,0.65592783505154639,hypothetical; not empirically measured mine-specific costs
Random Forest,0.059999999999999998,43,335,390,8,0.5579896907216495,0.11375661375661375,0.84313725490196079,0.20046620046620048,0.46206896551724136,378,0.48711340206185566,335,8,20,495,0.63788659793814428,hypothetical; not empirically measured mine-specific costs
Random Forest,0.070000000000000007,43,311,414,8,0.58891752577319589,0.12146892655367232,0.84313725490196079,0.21234567901234569,0.42896551724137932,354,0.45618556701030927,311,8,20,471,0.60695876288659789,hypothetical; not empirically measured mine-specific costs
Random Forest,0.080000000000000002,42,295,430,9,0.60824742268041232,0.12462908011869436,0.82352941176470584,0.21649484536082475,0.40689655172413791,337,0.43427835051546393,295,9,20,475,0.61211340206185572,hypothetical; not empirically measured mine-specific costs
Random Forest,0.089999999999999997,41,276,449,10,0.63144329896907214,0.12933753943217666,0.80392156862745101,0.22282608695652173,0.38068965517241377,317,0.40850515463917525,276,10,20,476,0.61340206185567014,hypothetical; not empirically measured mine-specific costs
Random Forest,0.10000000000000001,40,258,467,11,0.65335051546391754,0.13422818791946309,0.78431372549019607,0.22922636103151864,0.35586206896551725,298,0.38402061855670105,258,11,20,478,0.615979381443299,hypothetical; not empirically measured mine-specific costs
Random Forest,0.11,39,241,484,12,0.6739690721649485,0.13928571428571429,0.76470588235294112,0.23564954682779457,0.33241379310344826,280,0.36082474226804123,241,12,20,481,0.61984536082474229,hypothetical; not empirically measured mine-specific costs
Random Forest,0.12,37,223,502,14,0.69458762886597936,0.1423076923076923,0.72549019607843135,0.23794212218649519,0.30758620689655175,260,0.33505154639175255,223,14,20,503,0.64819587628865982,hypothetical; not empirically measured mine-specific costs
Random Forest,0.13,36,209,516,15,0.71134020618556704,0.14693877551020409,0.70588235294117652,0.24324324324324326,0.28827586206896549,245,0.31572164948453607,209,15,20,509,0.65592783505154639,hypothetical; not empirically measured mine-specific costs
Random Forest,0.14000000000000001,36,199,526,15,0.72422680412371132,0.15319148936170213,0.70588235294117652,0.25174825174825177,0.27448275862068966,235,0.30283505154639173,199,15,20,499,0.64304123711340211,hypothetical; not empirically measured mine-specific costs
Random Forest,0.14999999999999999,35,185,540,16,0.740979381443299,0.15909090909090909,0.68627450980392157,0.25830258302583026,0.25517241379310346,220,0.28350515463917525,185,16,20,505,0.65077319587628868,hypothetical; not empirically measured mine-specific costs
Random Forest,0.16,32,174,551,19,0.75128865979381443,0.1553398058252427,0.62745098039215685,0.24902723735408561,0.23999999999999999,206,0.2654639175257732,174,19,20,554,0.71391752577319589,hypothetical; not empirically measured mine-specific costs
Random Forest,0.17000000000000001,30,153,572,21,0.77577319587628868,0.16393442622950818,0.58823529411764708,0.25641025641025639,0.21103448275862069,183,0.23582474226804123,153,21,20,573,0.73840206185567014,hypothetical; not empirically measured mine-specific costs
Random Forest,0.17999999999999999,28,140,585,23,0.78994845360824739,0.16666666666666666,0.5490196078431373,0.25570776255707761,0.19310344827586207,168,0.21649484536082475,140,23,20,600,0.77319587628865982,hypothetical; not empirically measured mine-specific costs
Random Forest,0.19,28,130,595,23,0.80283505154639179,0.17721518987341772,0.5490196078431373,0.26794258373205743,0.1793103448275862,158,0.20360824742268041,130,23,20,590,0.76030927835051543,hypothetical; not empirically measured mine-specific costs
Random Forest,0.20000000000000001,28,119,606,23,0.8170103092783505,0.19047619047619047,0.5490196078431373,0.28282828282828282,0.16413793103448276,147,0.18943298969072164,119,23,20,579,0.74613402061855671,hypothetical; not empirically measured mine-specific costs
Random Forest,0.20999999999999999,27,112,613,24,0.82474226804123707,0.19424460431654678,0.52941176470588236,0.28421052631578947,0.15448275862068966,139,0.17912371134020619,112,24,20,592,0.76288659793814428,hypothetical; not empirically measured mine-specific costs
Random Forest,0.22,26,108,617,25,0.82860824742268047,0.19402985074626866,0.50980392156862742,0.2810810810810811,0.1489655172413793,134,0.17268041237113402,108,25,20,608,0.78350515463917525,hypothetical; not empirically measured mine-specific costs
Random Forest,0.23000000000000001,25,102,623,26,0.83505154639175261,0.19685039370078741,0.49019607843137253,0.2808988764044944,0.1406896551724138,127,0.16365979381443299,102,26,20,622,0.80154639175257736,hypothetical; not empirically measured mine-specific costs
Random Forest,0.23999999999999999,25,93,632,26,0.84664948453608246,0.21186440677966101,0.49019607843137253,0.29585798816568049,0.12827586206896552,118,0.15206185567010308,93,26,20,613,0.78994845360824739,hypothetical; not empirically measured mine-specific costs
Random Forest,0.25,24,86,639,27,0.85438144329896903,0.21818181818181817,0.47058823529411764,0.29813664596273293,0.11862068965517242,110,0.14175257731958762,86,27,20,626,0.80670103092783507,hypothetical; not empirically measured mine-specific costs
Random Forest,0.26000000000000001,23,79,646,28,0.86211340206185572,0.22549019607843138,0.45098039215686275,0.30065359477124182,0.10896551724137932,102,0.13144329896907217,79,28,20,639,0.82345360824742264,hypothetical; not empirically measured mine-specific costs
Random Forest,0.27000000000000002,21,74,651,30,0.865979381443299,0.22105263157894736,0.41176470588235292,0.28767123287671231,0.10206896551724139,95,0.12242268041237113,74,30,20,674,0.86855670103092786,hypothetical; not empirically measured mine-specific costs
Random Forest,0.28000000000000003,20,71,654,31,0.86855670103092786,0.21978021978021978,0.39215686274509803,0.28169014084507044,0.097931034482758625,91,0.1172680412371134,71,31,20,691,0.89046391752577314,hypothetical; not empirically measured mine-specific costs
Random Forest,0.28999999999999998,19,66,659,32,0.87371134020618557,0.22352941176470589,0.37254901960784315,0.27941176470588236,0.091034482758620694,85,0.1095360824742268,66,32,20,706,0.90979381443298968,hypothetical; not empirically measured mine-specific costs
Random Forest,0.29999999999999999,18,62,663,33,0.87757731958762886,0.22500000000000001,0.35294117647058826,0.27480916030534353,0.085517241379310341,80,0.10309278350515463,62,33,20,722,0.93041237113402064,hypothetical; not empirically measured mine-specific costs
Random Forest,0.31,17,57,668,34,0.88273195876288657,0.22972972972972974,0.33333333333333331,0.27200000000000002,0.07862068965517241,74,0.095360824742268036,57,34,20,737,0.94974226804123707,hypothetical; not empirically measured mine-specific costs
Random Forest,0.32000000000000001,16,56,669,35,0.88273195876288657,0.22222222222222221,0.31372549019607843,0.26016260162601629,0.077241379310344832,72,0.092783505154639179,56,35,20,756,0.97422680412371132,hypothetical; not empirically measured mine-specific costs
Random Forest,0.33000000000000002,16,53,672,35,0.88659793814432986,0.2318840579710145,0.31372549019607843,0.26666666666666666,0.073103448275862071,69,0.08891752577319588,53,35,20,753,0.97036082474226804,hypothetical; not empirically measured mine-specific costs
Random Forest,0.34000000000000002,16,52,673,35,0.88788659793814428,0.23529411764705882,0.31372549019607843,0.26890756302521007,0.071724137931034479,68,0.087628865979381437,52,35,20,752,0.96907216494845361,hypothetical; not empirically measured mine-specific costs
Random Forest,0.34999999999999998,14,47,678,37,0.89175257731958768,0.22950819672131148,0.27450980392156865,0.25,0.064827586206896548,61,0.078608247422680411,47,37,20,787,1.0141752577319587,hypothetical; not empirically measured mine-specific costs
Random Forest,0.35999999999999999,13,40,685,38,0.89948453608247425,0.24528301886792453,0.25490196078431371,0.25,0.055172413793103448,53,0.068298969072164942,40,38,20,800,1.0309278350515463,hypothetical; not empirically measured mine-specific costs
Random Forest,0.37,13,37,688,38,0.90335051546391754,0.26000000000000001,0.25490196078431371,0.25742574257425743,0.051034482758620693,50,0.064432989690721643,37,38,20,797,1.027061855670103,hypothetical; not empirically measured mine-specific costs
Random Forest,0.38,13,34,691,38,0.90721649484536082,0.27659574468085107,0.25490196078431371,0.26530612244897961,0.046896551724137932,47,0.06056701030927835,34,38,20,794,1.0231958762886597,hypothetical; not empirically measured mine-specific costs
Random Forest,0.39000000000000001,12,29,696,39,0.91237113402061853,0.29268292682926828,0.23529411764705882,0.2608695652173913,0.040000000000000001,41,0.052835051546391752,29,39,20,809,1.0425257731958764,hypothetical; not empirically measured mine-specific costs
Random Forest,0.40000000000000002,11,29,696,40,0.91108247422680411,0.27500000000000002,0.21568627450980393,0.24175824175824176,0.040000000000000001,40,0.051546391752577317,29,40,20,829,1.0682989690721649,hypothetical; not empirically measured mine-specific costs
Random Forest,0.40999999999999998,11,29,696,40,0.91108247422680411,0.27500000000000002,0.21568627450980393,0.24175824175824176,0.040000000000000001,40,0.051546391752577317,29,40,20,829,1.0682989690721649,hypothetical; not empirically measured mine-specific costs
Random Forest,0.41999999999999998,11,28,697,40,0.91237113402061853,0.28205128205128205,0.21568627450980393,0.24444444444444444,0.038620689655172416,39,0.050257731958762888,28,40,20,828,1.0670103092783505,hypothetical; not empirically measured mine-specific costs
Random Forest,0.42999999999999999,11,28,697,40,0.91237113402061853,0.28205128205128205,0.21568627450980393,0.24444444444444444,0.038620689655172416,39,0.050257731958762888,28,40,20,828,1.0670103092783505,hypothetical; not empirically measured mine-specific costs
Random Forest,0.44,11,25,700,40,0.91623711340206182,0.30555555555555558,0.21568627450980393,0.25287356321839083,0.034482758620689655,36,0.046391752577319589,25,40,20,825,1.0631443298969072,hypothetical; not empirically measured mine-specific costs
Random Forest,0.45000000000000001,10,25,700,41,0.91494845360824739,0.2857142857142857,0.19607843137254902,0.23255813953488372,0.034482758620689655,35,0.045103092783505154,25,41,20,845,1.0889175257731958,hypothetical; not empirically measured mine-specific costs
Random Forest,0.46000000000000002,9,25,700,42,0.91365979381443296,0.26470588235294118,0.17647058823529413,0.21176470588235294,0.034482758620689655,34,0.043814432989690719,25,42,20,865,1.1146907216494846,hypothetical; not empirically measured mine-specific costs
Random Forest,0.46999999999999997,8,24,701,43,0.91365979381443296,0.25,0.15686274509803921,0.19277108433734941,0.03310344827586207,32,0.041237113402061855,24,43,20,884,1.1391752577319587,hypothetical; not empirically measured mine-specific costs
Random Forest,0.47999999999999998,8,21,704,43,0.91752577319587625,0.27586206896551724,0.15686274509803921,0.20000000000000001,0.028965517241379312,29,0.037371134020618556,21,43,20,881,1.1353092783505154,hypothetical; not empirically measured mine-specific costs
Random Forest,0.48999999999999999,8,20,705,43,0.91881443298969068,0.2857142857142857,0.15686274509803921,0.20253164556962025,0.027586206896551724,28,0.03608247422680412,20,43,20,880,1.134020618556701,hypothetical; not empirically measured mine-specific costs
Random Forest,0.5,8,18,707,43,0.92139175257731953,0.30769230769230771,0.15686274509803921,0.20779220779220781,0.024827586206896551,26,0.033505154639175257,18,43,20,878,1.1314432989690721,hypothetical; not empirically measured mine-specific costs
Random Forest,0.51000000000000001,8,18,707,43,0.92139175257731953,0.30769230769230771,0.15686274509803921,0.20779220779220781,0.024827586206896551,26,0.033505154639175257,18,43,20,878,1.1314432989690721,hypothetical; not empirically measured mine-specific costs
Random Forest,0.52000000000000002,8,17,708,43,0.92268041237113407,0.32000000000000001,0.15686274509803921,0.21052631578947367,0.023448275862068966,25,0.032216494845360821,17,43,20,877,1.1301546391752577,hypothetical; not empirically measured mine-specific costs
Random Forest,0.53000000000000003,8,15,710,43,0.92525773195876293,0.34782608695652173,0.15686274509803921,0.21621621621621623,0.020689655172413793,23,0.029639175257731958,15,43,20,875,1.1275773195876289,hypothetical; not empirically measured mine-specific costs
Random Forest,0.54000000000000004,8,15,710,43,0.92525773195876293,0.34782608695652173,0.15686274509803921,0.21621621621621623,0.020689655172413793,23,0.029639175257731958,15,43,20,875,1.1275773195876289,hypothetical; not empirically measured mine-specific costs
Random Forest,0.55000000000000004,8,14,711,43,0.92654639175257736,0.36363636363636365,0.15686274509803921,0.21917808219178081,0.019310344827586208,22,0.028350515463917526,14,43,20,874,1.1262886597938144,hypothetical; not empirically measured mine-specific costs
Random Forest,0.56000000000000005,7,14,711,44,0.92525773195876293,0.33333333333333331,0.13725490196078433,0.19444444444444445,0.019310344827586208,21,0.027061855670103094,14,44,20,894,1.152061855670103,hypothetical; not empirically measured mine-specific costs
Random Forest,0.56999999999999995,7,13,712,44,0.92654639175257736,0.34999999999999998,0.13725490196078433,0.19718309859154928,0.01793103448275862,20,0.025773195876288658,13,44,20,893,1.1507731958762886,hypothetical; not empirically measured mine-specific costs
Random Forest,0.57999999999999996,7,12,713,44,0.92783505154639179,0.36842105263157893,0.13725490196078433,0.20000000000000001,0.016551724137931035,19,0.024484536082474227,12,44,20,892,1.1494845360824741,hypothetical; not empirically measured mine-specific costs
Random Forest,0.58999999999999997,7,11,714,44,0.92912371134020622,0.3888888888888889,0.13725490196078433,0.20289855072463769,0.015172413793103448,18,0.023195876288659795,11,44,20,891,1.1481958762886597,hypothetical; not empirically measured mine-specific costs
Random Forest,0.59999999999999998,6,10,715,45,0.92912371134020622,0.375,0.11764705882352941,0.17910447761194029,0.013793103448275862,16,0.020618556701030927,10,45,20,910,1.1726804123711341,hypothetical; not empirically measured mine-specific costs
Random Forest,0.60999999999999999,6,10,715,45,0.92912371134020622,0.375,0.11764705882352941,0.17910447761194029,0.013793103448275862,16,0.020618556701030927,10,45,20,910,1.1726804123711341,hypothetical; not empirically measured mine-specific costs
Random Forest,0.62,6,9,716,45,0.93041237113402064,0.40000000000000002,0.11764705882352941,0.18181818181818182,0.012413793103448275,15,0.019329896907216496,9,45,20,909,1.1713917525773196,hypothetical; not empirically measured mine-specific costs
Random Forest,0.63,6,8,717,45,0.93170103092783507,0.42857142857142855,0.11764705882352941,0.18461538461538463,0.011034482758620689,14,0.01804123711340206,8,45,20,908,1.1701030927835052,hypothetical; not empirically measured mine-specific costs
Random Forest,0.64000000000000001,5,8,717,46,0.93041237113402064,0.38461538461538464,0.098039215686274508,0.15625,0.011034482758620689,13,0.016752577319587628,8,46,20,928,1.1958762886597938,hypothetical; not empirically measured mine-specific costs
Random Forest,0.65000000000000002,5,7,718,46,0.93170103092783507,0.41666666666666669,0.098039215686274508,0.15873015873015872,0.009655172413793104,12,0.015463917525773196,7,46,20,927,1.1945876288659794,hypothetical; not empirically measured mine-specific costs
Random Forest,0.66000000000000003,5,6,719,46,0.9329896907216495,0.45454545454545453,0.098039215686274508,0.16129032258064516,0.0082758620689655175,11,0.014175257731958763,6,46,20,926,1.1932989690721649,hypothetical; not empirically measured mine-specific costs
Random Forest,0.67000000000000004,5,5,720,46,0.93427835051546393,0.5,0.098039215686274508,0.16393442622950818,0.0068965517241379309,10,0.012886597938144329,5,46,20,925,1.1920103092783505,hypothetical; not empirically measured mine-specific costs
Random Forest,0.68000000000000005,5,5,720,46,0.93427835051546393,0.5,0.098039215686274508,0.16393442622950818,0.0068965517241379309,10,0.012886597938144329,5,46,20,925,1.1920103092783505,hypothetical; not empirically measured mine-specific costs
Random Forest,0.68999999999999995,5,5,720,46,0.93427835051546393,0.5,0.098039215686274508,0.16393442622950818,0.0068965517241379309,10,0.012886597938144329,5,46,20,925,1.1920103092783505,hypothetical; not empirically measured mine-specific costs
Random Forest,0.69999999999999996,4,4,721,47,0.93427835051546393,0.5,0.078431372549019607,0.13559322033898305,0.0055172413793103444,8,0.010309278350515464,4,47,20,944,1.2164948453608246,hypothetical; not empirically measured mine-specific costs
Random Forest,0.70999999999999996,4,2,723,47,0.93685567010309279,0.66666666666666663,0.078431372549019607,0.14035087719298245,0.0027586206896551722,6,0.0077319587628865982,2,47,20,942,1.2139175257731958,hypothetical; not empirically measured mine-specific costs
Random Forest,0.71999999999999997,4,2,723,47,0.93685567010309279,0.66666666666666663,0.078431372549019607,0.14035087719298245,0.0027586206896551722,6,0.0077319587628865982,2,47,20,942,1.2139175257731958,hypothetical; not empirically measured mine-specific costs
Random Forest,0.72999999999999998,4,1,724,47,0.93814432989690721,0.80000000000000004,0.078431372549019607,0.14285714285714285,0.0013793103448275861,5,0.0064432989690721646,1,47,20,941,1.2126288659793814,hypothetical; not empirically measured mine-specific costs
Random Forest,0.73999999999999999,4,1,724,47,0.93814432989690721,0.80000000000000004,0.078431372549019607,0.14285714285714285,0.0013793103448275861,5,0.0064432989690721646,1,47,20,941,1.2126288659793814,hypothetical; not empirically measured mine-specific costs
Random Forest,0.75,4,1,724,47,0.93814432989690721,0.80000000000000004,0.078431372549019607,0.14285714285714285,0.0013793103448275861,5,0.0064432989690721646,1,47,20,941,1.2126288659793814,hypothetical; not empirically measured mine-specific costs
Random Forest,0.76000000000000001,3,1,724,48,0.93685567010309279,0.75,0.058823529411764705,0.10909090909090909,0.0013793103448275861,4,0.0051546391752577319,1,48,20,961,1.2384020618556701,hypothetical; not empirically measured mine-specific costs
Random Forest,0.77000000000000002,3,1,724,48,0.93685567010309279,0.75,0.058823529411764705,0.10909090909090909,0.0013793103448275861,4,0.0051546391752577319,1,48,20,961,1.2384020618556701,hypothetical; not empirically measured mine-specific costs
Random Forest,0.78000000000000003,3,1,724,48,0.93685567010309279,0.75,0.058823529411764705,0.10909090909090909,0.0013793103448275861,4,0.0051546391752577319,1,48,20,961,1.2384020618556701,hypothetical; not empirically measured mine-specific costs
Random Forest,0.79000000000000004,3,1,724,48,0.93685567010309279,0.75,0.058823529411764705,0.10909090909090909,0.0013793103448275861,4,0.0051546391752577319,1,48,20,961,1.2384020618556701,hypothetical; not empirically measured mine-specific costs
Random Forest,0.80000000000000004,3,1,724,48,0.93685567010309279,0.75,0.058823529411764705,0.10909090909090909,0.0013793103448275861,4,0.0051546391752577319,1,48,20,961,1.2384020618556701,hypothetical; not empirically measured mine-specific costs
Random Forest,0.81000000000000005,2,1,724,49,0.93556701030927836,0.66666666666666663,0.039215686274509803,0.07407407407407407,0.0013793103448275861,3,0.0038659793814432991,1,49,20,981,1.2641752577319587,hypothetical; not empirically measured mine-specific costs
Random Forest,0.81999999999999995,2,1,724,49,0.93556701030927836,0.66666666666666663,0.039215686274509803,0.07407407407407407,0.0013793103448275861,3,0.0038659793814432991,1,49,20,981,1.2641752577319587,hypothetical; not empirically measured mine-specific costs
Random Forest,0.82999999999999996,2,1,724,49,0.93556701030927836,0.66666666666666663,0.039215686274509803,0.07407407407407407,0.0013793103448275861,3,0.0038659793814432991,1,49,20,981,1.2641752577319587,hypothetical; not empirically measured mine-specific costs
Random Forest,0.83999999999999997,2,1,724,49,0.93556701030927836,0.66666666666666663,0.039215686274509803,0.07407407407407407,0.0013793103448275861,3,0.0038659793814432991,1,49,20,981,1.2641752577319587,hypothetical; not empirically measured mine-specific costs
Random Forest,0.84999999999999998,2,1,724,49,0.93556701030927836,0.66666666666666663,0.039215686274509803,0.07407407407407407,0.0013793103448275861,3,0.0038659793814432991,1,49,20,981,1.2641752577319587,hypothetical; not empirically measured mine-specific costs
Random Forest,0.85999999999999999,1,0,725,50,0.93556701030927836,1,0.019607843137254902,0.038461538461538464,0,1,0.001288659793814433,0,50,20,1000,1.2886597938144331,hypothetical; not empirically measured mine-specific costs
Random Forest,0.87,1,0,725,50,0.93556701030927836,1,0.019607843137254902,0.038461538461538464,0,1,0.001288659793814433,0,50,20,1000,1.2886597938144331,hypothetical; not empirically measured mine-specific costs
Random Forest,0.88,1,0,725,50,0.93556701030927836,1,0.019607843137254902,0.038461538461538464,0,1,0.001288659793814433,0,50,20,1000,1.2886597938144331,hypothetical; not empirically measured mine-specific costs
Random Forest,0.89000000000000001,1,0,725,50,0.93556701030927836,1,0.019607843137254902,0.038461538461538464,0,1,0.001288659793814433,0,50,20,1000,1.2886597938144331,hypothetical; not empirically measured mine-specific costs
Random Forest,0.90000000000000002,1,0,725,50,0.93556701030927836,1,0.019607843137254902,0.038461538461538464,0,1,0.001288659793814433,0,50,20,1000,1.2886597938144331,hypothetical; not empirically measured mine-specific costs
Random Forest,0.91000000000000003,1,0,725,50,0.93556701030927836,1,0.019607843137254902,0.038461538461538464,0,1,0.001288659793814433,0,50,20,1000,1.2886597938144331,hypothetical; not empirically measured mine-specific costs
Random Forest,0.92000000000000004,1,0,725,50,0.93556701030927836,1,0.019607843137254902,0.038461538461538464,0,1,0.001288659793814433,0,50,20,1000,1.2886597938144331,hypothetical; not empirically measured mine-specific costs
Random Forest,0.93000000000000005,0,0,725,51,0.93427835051546393,0,0,0,0,0,0,0,51,20,1020,1.3144329896907216,hypothetical; not empirically measured mine-specific costs
Random Forest,0.93999999999999995,0,0,725,51,0.93427835051546393,0,0,0,0,0,0,0,51,20,1020,1.3144329896907216,hypothetical; not empirically measured mine-specific costs
Random Forest,0.94999999999999996,0,0,725,51,0.93427835051546393,0,0,0,0,0,0,0,51,20,1020,1.3144329896907216,hypothetical; not empirically measured mine-specific costs
Random Forest,0.95999999999999996,0,0,725,51,0.93427835051546393,0,0,0,0,0,0,0,51,20,1020,1.3144329896907216,hypothetical; not empirically measured mine-specific costs
Random Forest,0.96999999999999997,0,0,725,51,0.93427835051546393,0,0,0,0,0,0,0,51,20,1020,1.3144329896907216,hypothetical; not empirically measured mine-specific costs
Random Forest,0.97999999999999998,0,0,725,51,0.93427835051546393,0,0,0,0,0,0,0,51,20,1020,1.3144329896907216,hypothetical; not empirically measured mine-specific costs
Random Forest,0.98999999999999999,0,0,725,51,0.93427835051546393,0,0,0,0,0,0,0,51,20,1020,1.3144329896907216,hypothetical; not empirically measured mine-specific costs
Gradient Boosting,0.01,51,725,0,0,0.065721649484536085,0.065721649484536085,1,0.12333736396614269,1,776,1,725,0,20,725,0.93427835051546393,hypothetical; not empirically measured mine-specific costs
Gradient Boosting,0.02,51,723,2,0,0.068298969072164942,0.06589147286821706,1,0.12363636363636364,0.99724137931034484,774,0.99742268041237114,723,0,20,723,0.93170103092783507,hypothetical; not empirically measured mine-specific costs
Gradient Boosting,0.029999999999999999,51,706,19,0,0.090206185567010308,0.067371202113606338,1,0.12623762376237624,0.97379310344827585,757,0.97551546391752575,706,0,20,706,0.90979381443298968,hypothetical; not empirically measured mine-specific costs
Gradient Boosting,0.040000000000000001,51,679,46,0,0.125,0.069863013698630141,1,0.13060179257362356,0.93655172413793109,730,0.94072164948453607,679,0,20,679,0.875,hypothetical; not empirically measured mine-specific costs
Gradient Boosting,0.050000000000000003,51,657,68,0,0.15335051546391754,0.072033898305084748,1,0.13438735177865613,0.90620689655172415,708,0.91237113402061853,657,0,20,657,0.84664948453608246,hypothetical; not empirically measured mine-specific costs
Gradient Boosting,0.059999999999999998,51,641,84,0,0.17396907216494845,0.073699421965317924,1,0.13728129205921938,0.88413793103448279,692,0.89175257731958768,641,0,20,641,0.8260309278350515,hypothetical; not empirically measured mine-specific costs
Gradient Boosting,0.070000000000000007,50,627,98,1,0.19072164948453607,0.073855243722304287,0.98039215686274506,0.13736263736263737,0.86482758620689659,677,0.87242268041237114,627,1,20,647,0.83376288659793818,hypothetical; not empirically measured mine-specific costs
Gradient Boosting,0.080000000000000002,50,617,108,1,0.20360824742268041,0.074962518740629688,0.98039215686274506,0.1392757660167131,0.8510344827586207,667,0.85953608247422686,617,1,20,637,0.82087628865979378,hypothetical; not empirically measured mine-specific costs
Gradient Boosting,0.089999999999999997,49,602,123,2,0.22164948453608246,0.075268817204301078,0.96078431372549022,0.1396011396011396,0.83034482758620687,651,0.83891752577319589,602,2,20,642,0.82731958762886593,hypothetical; not empirically measured mine-specific costs
Gradient Boosting,0.10000000000000001,47,569,156,4,0.26159793814432991,0.076298701298701296,0.92156862745098034,0.1409295352323838,0.78482758620689652,616,0.79381443298969068,569,4,20,649,0.83634020618556704,hypothetical; not empirically measured mine-specific costs
Gradient Boosting,0.11,47,531,194,4,0.31056701030927836,0.081314878892733561,0.92156862745098034,0.1494435612082671,0.73241379310344823,578,0.74484536082474229,531,4,20,611,0.78737113402061853,hypothetical; not empirically measured mine-specific costs
Gradient Boosting,0.12,46,500,225,5,0.34922680412371132,0.084249084249084255,0.90196078431372551,0.1541038525963149,0.68965517241379315,546,0.70360824742268047,500,5,20,600,0.77319587628865982,hypothetical; not empirically measured mine-specific costs
Gradient Boosting,0.13,46,466,259,5,0.39304123711340205,0.08984375,0.90196078431372551,0.16341030195381884,0.64275862068965517,512,0.65979381443298968,466,5,20,566,0.72938144329896903,hypothetical; not empirically measured mine-specific costs
Gradient Boosting,0.14000000000000001,46,441,284,5,0.42525773195876287,0.094455852156057493,0.90196078431372551,0.17100371747211895,0.60827586206896556,487,0.62757731958762886,441,5,20,541,0.69716494845360821,hypothetical; not empirically measured mine-specific costs
Gradient Boosting,0.14999999999999999,45,413,312,6,0.46005154639175255,0.098253275109170299,0.88235294117647056,0.17681728880157171,0.56965517241379315,458,0.59020618556701032,413,6,20,533,0.68685567010309279,hypothetical; not empirically measured mine-specific costs
Gradient Boosting,0.16,43,390,335,8,0.48711340206185566,0.099307159353348731,0.84313725490196079,0.17768595041322313,0.53793103448275859,433,0.5579896907216495,390,8,20,550,0.70876288659793818,hypothetical; not empirically measured mine-specific costs
Gradient Boosting,0.17000000000000001,41,367,358,10,0.51417525773195871,0.10049019607843138,0.80392156862745101,0.1786492374727669,0.50620689655172413,408,0.52577319587628868,367,10,20,567,0.73067010309278346,hypothetical; not empirically measured mine-specific costs
Gradient Boosting,0.17999999999999999,41,347,378,10,0.53994845360824739,0.1056701030927835,0.80392156862745101,0.18678815489749431,0.4786206896551724,388,0.5,347,10,20,547,0.70489690721649489,hypothetical; not empirically measured mine-specific costs
Gradient Boosting,0.19,39,331,394,12,0.5579896907216495,0.10540540540540541,0.76470588235294112,0.18527315914489312,0.45655172413793105,370,0.47680412371134023,331,12,20,571,0.73582474226804129,hypothetical; not empirically measured mine-specific costs
Gradient Boosting,0.20000000000000001,38,308,417,13,0.58634020618556704,0.10982658959537572,0.74509803921568629,0.19143576826196473,0.42482758620689653,346,0.44587628865979384,308,13,20,568,0.73195876288659789,hypothetical; not empirically measured mine-specific costs
Gradient Boosting,0.20999999999999999,38,291,434,13,0.60824742268041232,0.11550151975683891,0.74509803921568629,0.20000000000000001,0.4013793103448276,329,0.42396907216494845,291,13,20,551,0.71005154639175261,hypothetical; not empirically measured mine-specific costs
Gradient Boosting,0.22,38,274,451,13,0.63015463917525771,0.12179487179487179,0.74509803921568629,0.20936639118457301,0.37793103448275861,312,0.40206185567010311,274,13,20,534,0.68814432989690721,hypothetical; not empirically measured mine-specific costs
Gradient Boosting,0.23000000000000001,37,264,461,14,0.64175257731958768,0.12292358803986711,0.72549019607843135,0.21022727272727273,0.36413793103448278,301,0.38788659793814434,264,14,20,544,0.7010309278350515,hypothetical; not empirically measured mine-specific costs
Gradient Boosting,0.23999999999999999,37,251,474,14,0.65850515463917525,0.12847222222222221,0.72549019607843135,0.21828908554572271,0.34620689655172415,288,0.37113402061855671,251,14,20,531,0.68427835051546393,hypothetical; not empirically measured mine-specific costs
Gradient Boosting,0.25,37,240,485,14,0.67268041237113407,0.13357400722021662,0.72549019607843135,0.22560975609756098,0.33103448275862069,277,0.35695876288659795,240,14,20,520,0.67010309278350511,hypothetical; not empirically measured mine-specific costs
Gradient Boosting,0.26000000000000001,37,233,492,14,0.68170103092783507,0.13703703703703704,0.72549019607843135,0.23052959501557632,0.32137931034482758,270,0.34793814432989689,233,14,20,513,0.66108247422680411,hypothetical; not empirically measured mine-specific costs
Gradient Boosting,0.27000000000000002,36,223,502,15,0.69329896907216493,0.138996138996139,0.70588235294117652,0.23225806451612904,0.30758620689655175,259,0.33376288659793812,223,15,20,523,0.6739690721649485,hypothetical; not empirically measured mine-specific costs
Gradient Boosting,0.28000000000000003,35,212,513,16,0.70618556701030932,0.1417004048582996,0.68627450980392157,0.2348993288590604,0.29241379310344828,247,0.31829896907216493,212,16,20,532,0.68556701030927836,hypothetical; not empirically measured mine-specific costs
Gradient Boosting,0.28999999999999998,35,200,525,16,0.72164948453608246,0.14893617021276595,0.68627450980392157,0.24475524475524477,0.27586206896551724,235,0.30283505154639173,200,16,20,520,0.67010309278350511,hypothetical; not empirically measured mine-specific costs
Gradient Boosting,0.29999999999999999,34,194,531,17,0.72809278350515461,0.14912280701754385,0.66666666666666663,0.24372759856630824,0.26758620689655171,228,0.29381443298969073,194,17,20,534,0.68814432989690721,hypothetical; not empirically measured mine-specific costs
Gradient Boosting,0.31,32,186,539,19,0.73582474226804129,0.14678899082568808,0.62745098039215685,0.23791821561338289,0.25655172413793104,218,0.28092783505154639,186,19,20,566,0.72938144329896903,hypothetical; not empirically measured mine-specific costs
Gradient Boosting,0.32000000000000001,31,178,547,20,0.74484536082474229,0.14832535885167464,0.60784313725490191,0.23846153846153847,0.24551724137931036,209,0.26932989690721648,178,20,20,578,0.74484536082474229,hypothetical; not empirically measured mine-specific costs
Gradient Boosting,0.33000000000000002,30,171,554,21,0.75257731958762886,0.14925373134328357,0.58823529411764708,0.23809523809523808,0.23586206896551723,201,0.25902061855670105,171,21,20,591,0.76159793814432986,hypothetical; not empirically measured mine-specific costs
Gradient Boosting,0.34000000000000002,30,161,564,21,0.76546391752577314,0.15706806282722513,0.58823529411764708,0.24793388429752067,0.22206896551724137,191,0.24613402061855671,161,21,20,581,0.74871134020618557,hypothetical; not empirically measured mine-specific costs
Gradient Boosting,0.34999999999999998,29,158,567,22,0.76804123711340211,0.15508021390374332,0.56862745098039214,0.24369747899159663,0.21793103448275863,187,0.24097938144329897,158,22,20,598,0.77061855670103097,hypothetical; not empirically measured mine-specific costs
Gradient Boosting,0.35999999999999999,29,146,579,22,0.78350515463917525,0.1657142857142857,0.56862745098039214,0.25663716814159293,0.20137931034482759,175,0.22551546391752578,146,22,20,586,0.75515463917525771,hypothetical; not empirically measured mine-specific costs
Gradient Boosting,0.37,27,139,586,24,0.78994845360824739,0.16265060240963855,0.52941176470588236,0.24884792626728111,0.19172413793103449,166,0.21391752577319587,139,24,20,619,0.79768041237113407,hypothetical; not empirically measured mine-specific costs
Gradient Boosting,0.38,27,132,593,24,0.7989690721649485,0.16981132075471697,0.52941176470588236,0.25714285714285712,0.18206896551724139,159,0.20489690721649484,132,24,20,612,0.78865979381443296,hypothetical; not empirically measured mine-specific costs
Gradient Boosting,0.39000000000000001,27,126,599,24,0.80670103092783507,0.17647058823529413,0.52941176470588236,0.26470588235294118,0.17379310344827587,153,0.19716494845360824,126,24,20,606,0.78092783505154639,hypothetical; not empirically measured mine-specific costs
Gradient Boosting,0.40000000000000002,26,118,607,25,0.81572164948453607,0.18055555555555555,0.50980392156862742,0.26666666666666666,0.16275862068965516,144,0.18556701030927836,118,25,20,618,0.79639175257731953,hypothetical; not empirically measured mine-specific costs
Gradient Boosting,0.40999999999999998,24,113,612,27,0.81958762886597936,0.17518248175182483,0.47058823529411764,0.25531914893617019,0.15586206896551724,137,0.17654639175257733,113,27,20,653,0.84149484536082475,hypothetical; not empirically measured mine-specific costs
Gradient Boosting,0.41999999999999998,24,108,617,27,0.8260309278350515,0.18181818181818182,0.47058823529411764,0.26229508196721313,0.1489655172413793,132,0.17010309278350516,108,27,20,648,0.83505154639175261,hypothetical; not empirically measured mine-specific costs
Gradient Boosting,0.42999999999999999,24,106,619,27,0.82860824742268047,0.18461538461538463,0.47058823529411764,0.26519337016574585,0.14620689655172414,130,0.16752577319587628,106,27,20,646,0.83247422680412375,hypothetical; not empirically measured mine-specific costs
Gradient Boosting,0.44,22,104,621,29,0.82860824742268047,0.17460317460317459,0.43137254901960786,0.24858757062146894,0.14344827586206896,126,0.16237113402061856,104,29,20,684,0.88144329896907214,hypothetical; not empirically measured mine-specific costs
Gradient Boosting,0.45000000000000001,21,102,623,30,0.82989690721649489,0.17073170731707318,0.41176470588235292,0.2413793103448276,0.1406896551724138,123,0.15850515463917525,102,30,20,702,0.90463917525773196,hypothetical; not empirically measured mine-specific costs
Gradient Boosting,0.46000000000000002,21,99,626,30,0.83376288659793818,0.17499999999999999,0.41176470588235292,0.24561403508771928,0.13655172413793104,120,0.15463917525773196,99,30,20,699,0.90077319587628868,hypothetical; not empirically measured mine-specific costs
Gradient Boosting,0.46999999999999997,21,94,631,30,0.84020618556701032,0.18260869565217391,0.41176470588235292,0.25301204819277107,0.1296551724137931,115,0.14819587628865979,94,30,20,694,0.89432989690721654,hypothetical; not empirically measured mine-specific costs
Gradient Boosting,0.47999999999999998,21,87,638,30,0.84922680412371132,0.19444444444444445,0.41176470588235292,0.26415094339622641,0.12,108,0.13917525773195877,87,30,20,687,0.88530927835051543,hypothetical; not empirically measured mine-specific costs
Gradient Boosting,0.48999999999999999,21,84,641,30,0.85309278350515461,0.20000000000000001,0.41176470588235292,0.26923076923076922,0.11586206896551725,105,0.13530927835051546,84,30,20,684,0.88144329896907214,hypothetical; not empirically measured mine-specific costs
Gradient Boosting,0.5,21,83,642,30,0.85438144329896903,0.20192307692307693,0.41176470588235292,0.2709677419354839,0.11448275862068966,104,0.13402061855670103,83,30,20,683,0.88015463917525771,hypothetical; not empirically measured mine-specific costs
Gradient Boosting,0.51000000000000001,20,81,644,31,0.85567010309278346,0.19801980198019803,0.39215686274509803,0.26315789473684209,0.11172413793103449,101,0.13015463917525774,81,31,20,701,0.90335051546391754,hypothetical; not empirically measured mine-specific costs
Gradient Boosting,0.52000000000000002,20,74,651,31,0.86469072164948457,0.21276595744680851,0.39215686274509803,0.27586206896551724,0.10206896551724139,94,0.1211340206185567,74,31,20,694,0.89432989690721654,hypothetical; not empirically measured mine-specific costs
Gradient Boosting,0.53000000000000003,20,71,654,31,0.86855670103092786,0.21978021978021978,0.39215686274509803,0.28169014084507044,0.097931034482758625,91,0.1172680412371134,71,31,20,691,0.89046391752577314,hypothetical; not empirically measured mine-specific costs
Gradient Boosting,0.54000000000000004,19,68,657,32,0.87113402061855671,0.21839080459770116,0.37254901960784315,0.27536231884057971,0.093793103448275864,87,0.11211340206185567,68,32,20,708,0.91237113402061853,hypothetical; not empirically measured mine-specific costs
Gradient Boosting,0.55000000000000004,19,65,660,32,0.875,0.22619047619047619,0.37254901960784315,0.2814814814814815,0.089655172413793102,84,0.10824742268041238,65,32,20,705,0.90850515463917525,hypothetical; not empirically measured mine-specific costs
Gradient Boosting,0.56000000000000005,18,63,662,33,0.87628865979381443,0.22222222222222221,0.35294117647058826,0.27272727272727271,0.086896551724137933,81,0.10438144329896908,63,33,20,723,0.93170103092783507,hypothetical; not empirically measured mine-specific costs
Gradient Boosting,0.56999999999999995,18,60,665,33,0.88015463917525771,0.23076923076923078,0.35294117647058826,0.27906976744186046,0.082758620689655171,78,0.10051546391752578,60,33,20,720,0.92783505154639179,hypothetical; not empirically measured mine-specific costs
Gradient Boosting,0.57999999999999996,18,60,665,33,0.88015463917525771,0.23076923076923078,0.35294117647058826,0.27906976744186046,0.082758620689655171,78,0.10051546391752578,60,33,20,720,0.92783505154639179,hypothetical; not empirically measured mine-specific costs
Gradient Boosting,0.58999999999999997,18,56,669,33,0.88530927835051543,0.24324324324324326,0.35294117647058826,0.28799999999999998,0.077241379310344832,74,0.095360824742268036,56,33,20,716,0.92268041237113407,hypothetical; not empirically measured mine-specific costs
Gradient Boosting,0.59999999999999998,18,51,674,33,0.89175257731958768,0.2608695652173913,0.35294117647058826,0.29999999999999999,0.070344827586206901,69,0.08891752577319588,51,33,20,711,0.91623711340206182,hypothetical; not empirically measured mine-specific costs
Gradient Boosting,0.60999999999999999,17,50,675,34,0.89175257731958768,0.2537313432835821,0.33333333333333331,0.28813559322033899,0.068965517241379309,67,0.086340206185567009,50,34,20,730,0.94072164948453607,hypothetical; not empirically measured mine-specific costs
Gradient Boosting,0.62,17,48,677,34,0.89432989690721654,0.26153846153846155,0.33333333333333331,0.29310344827586204,0.06620689655172414,65,0.083762886597938138,48,34,20,728,0.93814432989690721,hypothetical; not empirically measured mine-specific costs
Gradient Boosting,0.63,17,47,678,34,0.89561855670103097,0.265625,0.33333333333333331,0.29565217391304349,0.064827586206896548,64,0.08247422680412371,47,34,20,727,0.93685567010309279,hypothetical; not empirically measured mine-specific costs
Gradient Boosting,0.64000000000000001,17,45,680,34,0.89819587628865982,0.27419354838709675,0.33333333333333331,0.30088495575221241,0.062068965517241378,62,0.079896907216494839,45,34,20,725,0.93427835051546393,hypothetical; not empirically measured mine-specific costs
Gradient Boosting,0.65000000000000002,16,44,681,35,0.89819587628865982,0.26666666666666666,0.31372549019607843,0.28828828828828829,0.060689655172413794,60,0.077319587628865982,44,35,20,744,0.95876288659793818,hypothetical; not empirically measured mine-specific costs
Gradient Boosting,0.66000000000000003,16,42,683,35,0.90077319587628868,0.27586206896551724,0.31372549019607843,0.29357798165137616,0.057931034482758624,58,0.074742268041237112,42,35,20,742,0.95618556701030932,hypothetical; not empirically measured mine-specific costs
Gradient Boosting,0.67000000000000004,15,40,685,36,0.90206185567010311,0.27272727272727271,0.29411764705882354,0.28301886792452829,0.055172413793103448,55,0.070876288659793812,40,36,20,760,0.97938144329896903,hypothetical; not empirically measured mine-specific costs
Gradient Boosting,0.68000000000000005,15,35,690,36,0.90850515463917525,0.29999999999999999,0.29411764705882354,0.29702970297029702,0.048275862068965517,50,0.064432989690721643,35,36,20,755,0.97293814432989689,hypothetical; not empirically measured mine-specific costs
Gradient Boosting,0.68999999999999995,15,34,691,36,0.90979381443298968,0.30612244897959184,0.29411764705882354,0.29999999999999999,0.046896551724137932,49,0.063144329896907214,34,36,20,754,0.97164948453608246,hypothetical; not empirically measured mine-specific costs
Gradient Boosting,0.69999999999999996,15,34,691,36,0.90979381443298968,0.30612244897959184,0.29411764705882354,0.29999999999999999,0.046896551724137932,49,0.063144329896907214,34,36,20,754,0.97164948453608246,hypothetical; not empirically measured mine-specific costs
Gradient Boosting,0.70999999999999996,15,31,694,36,0.91365979381443296,0.32608695652173914,0.29411764705882354,0.30927835051546393,0.04275862068965517,46,0.059278350515463915,31,36,20,751,0.96778350515463918,hypothetical; not empirically measured mine-specific costs
Gradient Boosting,0.71999999999999997,15,26,699,36,0.92010309278350511,0.36585365853658536,0.29411764705882354,0.32608695652173914,0.035862068965517239,41,0.052835051546391752,26,36,20,746,0.96134020618556704,hypothetical; not empirically measured mine-specific costs
Gradient Boosting,0.72999999999999998,15,25,700,36,0.92139175257731953,0.375,0.29411764705882354,0.32967032967032966,0.034482758620689655,40,0.051546391752577317,25,36,20,745,0.96005154639175261,hypothetical; not empirically measured mine-specific costs
Gradient Boosting,0.73999999999999999,15,23,702,36,0.9239690721649485,0.39473684210526316,0.29411764705882354,0.33707865168539325,0.031724137931034485,38,0.048969072164948453,23,36,20,743,0.95747422680412375,hypothetical; not empirically measured mine-specific costs
Gradient Boosting,0.75,15,22,703,36,0.92525773195876293,0.40540540540540543,0.29411764705882354,0.34090909090909088,0.030344827586206897,37,0.047680412371134018,22,36,20,742,0.95618556701030932,hypothetical; not empirically measured mine-specific costs
Gradient Boosting,0.76000000000000001,12,19,706,39,0.92525773195876293,0.38709677419354838,0.23529411764705882,0.29268292682926828,0.026206896551724139,31,0.03994845360824742,19,39,20,799,1.0296391752577319,hypothetical; not empirically measured mine-specific costs
Gradient Boosting,0.77000000000000002,12,16,709,39,0.92912371134020622,0.42857142857142855,0.23529411764705882,0.30379746835443039,0.022068965517241378,28,0.03608247422680412,16,39,20,796,1.0257731958762886,hypothetical; not empirically measured mine-specific costs
Gradient Boosting,0.78000000000000003,11,14,711,40,0.93041237113402064,0.44,0.21568627450980393,0.28947368421052633,0.019310344827586208,25,0.032216494845360821,14,40,20,814,1.0489690721649485,hypothetical; not empirically measured mine-specific costs
Gradient Boosting,0.79000000000000004,10,12,713,41,0.93170103092783507,0.45454545454545453,0.19607843137254902,0.27397260273972601,0.016551724137931035,22,0.028350515463917526,12,41,20,832,1.0721649484536082,hypothetical; not empirically measured mine-specific costs
Gradient Boosting,0.80000000000000004,8,10,715,43,0.93170103092783507,0.44444444444444442,0.15686274509803921,0.2318840579710145,0.013793103448275862,18,0.023195876288659795,10,43,20,870,1.1211340206185567,hypothetical; not empirically measured mine-specific costs
Gradient Boosting,0.81000000000000005,6,8,717,45,0.93170103092783507,0.42857142857142855,0.11764705882352941,0.18461538461538463,0.011034482758620689,14,0.01804123711340206,8,45,20,908,1.1701030927835052,hypothetical; not empirically measured mine-specific costs
Gradient Boosting,0.81999999999999995,6,5,720,45,0.93556701030927836,0.54545454545454541,0.11764705882352941,0.19354838709677419,0.0068965517241379309,11,0.014175257731958763,5,45,20,905,1.1662371134020619,hypothetical; not empirically measured mine-specific costs
Gradient Boosting,0.82999999999999996,5,5,720,46,0.93427835051546393,0.5,0.098039215686274508,0.16393442622950818,0.0068965517241379309,10,0.012886597938144329,5,46,20,925,1.1920103092783505,hypothetical; not empirically measured mine-specific costs
Gradient Boosting,0.83999999999999997,5,4,721,46,0.93556701030927836,0.55555555555555558,0.098039215686274508,0.16666666666666666,0.0055172413793103444,9,0.011597938144329897,4,46,20,924,1.1907216494845361,hypothetical; not empirically measured mine-specific costs
Gradient Boosting,0.84999999999999998,3,3,722,48,0.93427835051546393,0.5,0.058823529411764705,0.10526315789473684,0.0041379310344827587,6,0.0077319587628865982,3,48,20,963,1.240979381443299,hypothetical; not empirically measured mine-specific costs
Gradient Boosting,0.85999999999999999,2,3,722,49,0.9329896907216495,0.40000000000000002,0.039215686274509803,0.071428571428571425,0.0041379310344827587,5,0.0064432989690721646,3,49,20,983,1.2667525773195876,hypothetical; not empirically measured mine-specific costs
Gradient Boosting,0.87,2,2,723,49,0.93427835051546393,0.5,0.039215686274509803,0.072727272727272724,0.0027586206896551722,4,0.0051546391752577319,2,49,20,982,1.2654639175257731,hypothetical; not empirically measured mine-specific costs
Gradient Boosting,0.88,2,1,724,49,0.93556701030927836,0.66666666666666663,0.039215686274509803,0.07407407407407407,0.0013793103448275861,3,0.0038659793814432991,1,49,20,981,1.2641752577319587,hypothetical; not empirically measured mine-specific costs
Gradient Boosting,0.89000000000000001,1,1,724,50,0.93427835051546393,0.5,0.019607843137254902,0.037735849056603772,0.0013793103448275861,2,0.0025773195876288659,1,50,20,1001,1.2899484536082475,hypothetical; not empirically measured mine-specific costs
Gradient Boosting,0.90000000000000002,0,0,725,51,0.93427835051546393,0,0,0,0,0,0,0,51,20,1020,1.3144329896907216,hypothetical; not empirically measured mine-specific costs
Gradient Boosting,0.91000000000000003,0,0,725,51,0.93427835051546393,0,0,0,0,0,0,0,51,20,1020,1.3144329896907216,hypothetical; not empirically measured mine-specific costs
Gradient Boosting,0.92000000000000004,0,0,725,51,0.93427835051546393,0,0,0,0,0,0,0,51,20,1020,1.3144329896907216,hypothetical; not empirically measured mine-specific costs
Gradient Boosting,0.93000000000000005,0,0,725,51,0.93427835051546393,0,0,0,0,0,0,0,51,20,1020,1.3144329896907216,hypothetical; not empirically measured mine-specific costs
Gradient Boosting,0.93999999999999995,0,0,725,51,0.93427835051546393,0,0,0,0,0,0,0,51,20,1020,1.3144329896907216,hypothetical; not empirically measured mine-specific costs
Gradient Boosting,0.94999999999999996,0,0,725,51,0.93427835051546393,0,0,0,0,0,0,0,51,20,1020,1.3144329896907216,hypothetical; not empirically measured mine-specific costs
Gradient Boosting,0.95999999999999996,0,0,725,51,0.93427835051546393,0,0,0,0,0,0,0,51,20,1020,1.3144329896907216,hypothetical; not empirically measured mine-specific costs
Gradient Boosting,0.96999999999999997,0,0,725,51,0.93427835051546393,0,0,0,0,0,0,0,51,20,1020,1.3144329896907216,hypothetical; not empirically measured mine-specific costs
Gradient Boosting,0.97999999999999998,0,0,725,51,0.93427835051546393,0,0,0,0,0,0,0,51,20,1020,1.3144329896907216,hypothetical; not empirically measured mine-specific costs
Gradient Boosting,0.98999999999999999,0,0,725,51,0.93427835051546393,0,0,0,0,0,0,0,51,20,1020,1.3144329896907216,hypothetical; not empirically measured mine-specific costs
SVM,0.01,51,725,0,0,0.065721649484536085,0.065721649484536085,1,0.12333736396614269,1,776,1,725,0,20,725,0.93427835051546393,hypothetical; not empirically measured mine-specific costs
SVM,0.02,51,724,1,0,0.067010309278350513,0.06580645161290323,1,0.12348668280871671,0.99862068965517237,775,0.99871134020618557,724,0,20,724,0.9329896907216495,hypothetical; not empirically measured mine-specific costs
SVM,0.029999999999999999,51,714,11,0,0.079896907216494839,0.066666666666666666,1,0.125,0.98482758620689659,765,0.98582474226804129,714,0,20,714,0.92010309278350511,hypothetical; not empirically measured mine-specific costs
SVM,0.040000000000000001,41,418,307,10,0.4484536082474227,0.089324618736383449,0.80392156862745101,0.16078431372549021,0.57655172413793099,459,0.59149484536082475,418,10,20,618,0.79639175257731953,hypothetical; not empirically measured mine-specific costs
SVM,0.050000000000000003,31,240,485,20,0.66494845360824739,0.11439114391143912,0.60784313725490191,0.19254658385093168,0.33103448275862069,271,0.34922680412371132,240,20,20,640,0.82474226804123707,hypothetical; not empirically measured mine-specific costs
SVM,0.059999999999999998,29,187,538,22,0.73067010309278346,0.13425925925925927,0.56862745098039214,0.21722846441947566,0.25793103448275861,216,0.27835051546391754,187,22,20,627,0.8079896907216495,hypothetical; not empirically measured mine-specific costs
SVM,0.070000000000000007,25,148,577,26,0.77577319587628868,0.14450867052023122,0.49019607843137253,0.22321428571428573,0.20413793103448277,173,0.22293814432989692,148,26,20,668,0.86082474226804129,hypothetical; not empirically measured mine-specific costs
SVM,0.080000000000000002,20,125,600,31,0.7989690721649485,0.13793103448275862,0.39215686274509803,0.20408163265306123,0.17241379310344829,145,0.18685567010309279,125,31,20,745,0.96005154639175261,hypothetical; not empirically measured mine-specific costs
SVM,0.089999999999999997,19,103,622,32,0.8260309278350515,0.15573770491803279,0.37254901960784315,0.21965317919075145,0.14206896551724138,122,0.15721649484536082,103,32,20,743,0.95747422680412375,hypothetical; not empirically measured mine-specific costs
SVM,0.10000000000000001,18,80,645,33,0.85438144329896903,0.18367346938775511,0.35294117647058826,0.24161073825503357,0.1103448275862069,98,0.12628865979381443,80,33,20,740,0.95360824742268047,hypothetical; not empirically measured mine-specific costs
SVM,0.11,17,73,652,34,0.86211340206185572,0.18888888888888888,0.33333333333333331,0.24113475177304963,0.10068965517241379,90,0.11597938144329897,73,34,20,753,0.97036082474226804,hypothetical; not empirically measured mine-specific costs
SVM,0.12,17,62,663,34,0.87628865979381443,0.21518987341772153,0.33333333333333331,0.26153846153846155,0.085517241379310341,79,0.10180412371134021,62,34,20,742,0.95618556701030932,hypothetical; not empirically measured mine-specific costs
SVM,0.13,16,58,667,35,0.88015463917525771,0.21621621621621623,0.31372549019607843,0.25600000000000001,0.080000000000000002,74,0.095360824742268036,58,35,20,758,0.97680412371134018,hypothetical; not empirically measured mine-specific costs
SVM,0.14000000000000001,16,53,672,35,0.88659793814432986,0.2318840579710145,0.31372549019607843,0.26666666666666666,0.073103448275862071,69,0.08891752577319588,53,35,20,753,0.97036082474226804,hypothetical; not empirically measured mine-specific costs
SVM,0.14999999999999999,15,45,680,36,0.89561855670103097,0.25,0.29411764705882354,0.27027027027027029,0.062068965517241378,60,0.077319587628865982,45,36,20,765,0.98582474226804129,hypothetical; not empirically measured mine-specific costs
SVM,0.16,12,38,687,39,0.90077319587628868,0.23999999999999999,0.23529411764705882,0.23762376237623761,0.052413793103448278,50,0.064432989690721643,38,39,20,818,1.0541237113402062,hypothetical; not empirically measured mine-specific costs
SVM,0.17000000000000001,10,33,692,41,0.90463917525773196,0.23255813953488372,0.19607843137254902,0.21276595744680851,0.045517241379310347,43,0.055412371134020616,33,41,20,853,1.0992268041237114,hypothetical; not empirically measured mine-specific costs
SVM,0.17999999999999999,10,26,699,41,0.91365979381443296,0.27777777777777779,0.19607843137254902,0.22988505747126436,0.035862068965517239,36,0.046391752577319589,26,41,20,846,1.0902061855670102,hypothetical; not empirically measured mine-specific costs
SVM,0.19,8,21,704,43,0.91752577319587625,0.27586206896551724,0.15686274509803921,0.20000000000000001,0.028965517241379312,29,0.037371134020618556,21,43,20,881,1.1353092783505154,hypothetical; not empirically measured mine-specific costs
SVM,0.20000000000000001,5,17,708,46,0.91881443298969068,0.22727272727272727,0.098039215686274508,0.13698630136986301,0.023448275862068966,22,0.028350515463917526,17,46,20,937,1.2074742268041236,hypothetical; not empirically measured mine-specific costs
SVM,0.20999999999999999,4,13,712,47,0.92268041237113407,0.23529411764705882,0.078431372549019607,0.11764705882352941,0.01793103448275862,17,0.021907216494845359,13,47,20,953,1.2280927835051547,hypothetical; not empirically measured mine-specific costs
SVM,0.22,4,11,714,47,0.92525773195876293,0.26666666666666666,0.078431372549019607,0.12121212121212122,0.015172413793103448,15,0.019329896907216496,11,47,20,951,1.2255154639175259,hypothetical; not empirically measured mine-specific costs
SVM,0.23000000000000001,3,6,719,48,0.93041237113402064,0.33333333333333331,0.058823529411764705,0.10000000000000001,0.0082758620689655175,9,0.011597938144329897,6,48,20,966,1.2448453608247423,hypothetical; not empirically measured mine-specific costs
SVM,0.23999999999999999,1,4,721,50,0.93041237113402064,0.20000000000000001,0.019607843137254902,0.035714285714285712,0.0055172413793103444,5,0.0064432989690721646,4,50,20,1004,1.2938144329896908,hypothetical; not empirically measured mine-specific costs
SVM,0.25,1,3,722,50,0.93170103092783507,0.25,0.019607843137254902,0.036363636363636362,0.0041379310344827587,4,0.0051546391752577319,3,50,20,1003,1.2925257731958764,hypothetical; not empirically measured mine-specific costs
SVM,0.26000000000000001,1,2,723,50,0.9329896907216495,0.33333333333333331,0.019607843137254902,0.037037037037037035,0.0027586206896551722,3,0.0038659793814432991,2,50,20,1002,1.2912371134020619,hypothetical; not empirically measured mine-specific costs
SVM,0.27000000000000002,0,1,724,51,0.9329896907216495,0,0,0,0.0013793103448275861,1,0.001288659793814433,1,51,20,1021,1.3157216494845361,hypothetical; not empirically measured mine-specific costs
SVM,0.28000000000000003,0,0,725,51,0.93427835051546393,0,0,0,0,0,0,0,51,20,1020,1.3144329896907216,hypothetical; not empirically measured mine-specific costs
SVM,0.28999999999999998,0,0,725,51,0.93427835051546393,0,0,0,0,0,0,0,51,20,1020,1.3144329896907216,hypothetical; not empirically measured mine-specific costs
SVM,0.29999999999999999,0,0,725,51,0.93427835051546393,0,0,0,0,0,0,0,51,20,1020,1.3144329896907216,hypothetical; not empirically measured mine-specific costs
SVM,0.31,0,0,725,51,0.93427835051546393,0,0,0,0,0,0,0,51,20,1020,1.3144329896907216,hypothetical; not empirically measured mine-specific costs
SVM,0.32000000000000001,0,0,725,51,0.93427835051546393,0,0,0,0,0,0,0,51,20,1020,1.3144329896907216,hypothetical; not empirically measured mine-specific costs
SVM,0.33000000000000002,0,0,725,51,0.93427835051546393,0,0,0,0,0,0,0,51,20,1020,1.3144329896907216,hypothetical; not empirically measured mine-specific costs
SVM,0.34000000000000002,0,0,725,51,0.93427835051546393,0,0,0,0,0,0,0,51,20,1020,1.3144329896907216,hypothetical; not empirically measured mine-specific costs
SVM,0.34999999999999998,0,0,725,51,0.93427835051546393,0,0,0,0,0,0,0,51,20,1020,1.3144329896907216,hypothetical; not empirically measured mine-specific costs
SVM,0.35999999999999999,0,0,725,51,0.93427835051546393,0,0,0,0,0,0,0,51,20,1020,1.3144329896907216,hypothetical; not empirically measured mine-specific costs
SVM,0.37,0,0,725,51,0.93427835051546393,0,0,0,0,0,0,0,51,20,1020,1.3144329896907216,hypothetical; not empirically measured mine-specific costs
SVM,0.38,0,0,725,51,0.93427835051546393,0,0,0,0,0,0,0,51,20,1020,1.3144329896907216,hypothetical; not empirically measured mine-specific costs
SVM,0.39000000000000001,0,0,725,51,0.93427835051546393,0,0,0,0,0,0,0,51,20,1020,1.3144329896907216,hypothetical; not empirically measured mine-specific costs
SVM,0.40000000000000002,0,0,725,51,0.93427835051546393,0,0,0,0,0,0,0,51,20,1020,1.3144329896907216,hypothetical; not empirically measured mine-specific costs
SVM,0.40999999999999998,0,0,725,51,0.93427835051546393,0,0,0,0,0,0,0,51,20,1020,1.3144329896907216,hypothetical; not empirically measured mine-specific costs
SVM,0.41999999999999998,0,0,725,51,0.93427835051546393,0,0,0,0,0,0,0,51,20,1020,1.3144329896907216,hypothetical; not empirically measured mine-specific costs
SVM,0.42999999999999999,0,0,725,51,0.93427835051546393,0,0,0,0,0,0,0,51,20,1020,1.3144329896907216,hypothetical; not empirically measured mine-specific costs
SVM,0.44,0,0,725,51,0.93427835051546393,0,0,0,0,0,0,0,51,20,1020,1.3144329896907216,hypothetical; not empirically measured mine-specific costs
SVM,0.45000000000000001,0,0,725,51,0.93427835051546393,0,0,0,0,0,0,0,51,20,1020,1.3144329896907216,hypothetical; not empirically measured mine-specific costs
SVM,0.46000000000000002,0,0,725,51,0.93427835051546393,0,0,0,0,0,0,0,51,20,1020,1.3144329896907216,hypothetical; not empirically measured mine-specific costs
SVM,0.46999999999999997,0,0,725,51,0.93427835051546393,0,0,0,0,0,0,0,51,20,1020,1.3144329896907216,hypothetical; not empirically measured mine-specific costs
SVM,0.47999999999999998,0,0,725,51,0.93427835051546393,0,0,0,0,0,0,0,51,20,1020,1.3144329896907216,hypothetical; not empirically measured mine-specific costs
SVM,0.48999999999999999,0,0,725,51,0.93427835051546393,0,0,0,0,0,0,0,51,20,1020,1.3144329896907216,hypothetical; not empirically measured mine-specific costs
SVM,0.5,0,0,725,51,0.93427835051546393,0,0,0,0,0,0,0,51,20,1020,1.3144329896907216,hypothetical; not empirically measured mine-specific costs
SVM,0.51000000000000001,0,0,725,51,0.93427835051546393,0,0,0,0,0,0,0,51,20,1020,1.3144329896907216,hypothetical; not empirically measured mine-specific costs
SVM,0.52000000000000002,0,0,725,51,0.93427835051546393,0,0,0,0,0,0,0,51,20,1020,1.3144329896907216,hypothetical; not empirically measured mine-specific costs
SVM,0.53000000000000003,0,0,725,51,0.93427835051546393,0,0,0,0,0,0,0,51,20,1020,1.3144329896907216,hypothetical; not empirically measured mine-specific costs
SVM,0.54000000000000004,0,0,725,51,0.93427835051546393,0,0,0,0,0,0,0,51,20,1020,1.3144329896907216,hypothetical; not empirically measured mine-specific costs
SVM,0.55000000000000004,0,0,725,51,0.93427835051546393,0,0,0,0,0,0,0,51,20,1020,1.3144329896907216,hypothetical; not empirically measured mine-specific costs
SVM,0.56000000000000005,0,0,725,51,0.93427835051546393,0,0,0,0,0,0,0,51,20,1020,1.3144329896907216,hypothetical; not empirically measured mine-specific costs
SVM,0.56999999999999995,0,0,725,51,0.93427835051546393,0,0,0,0,0,0,0,51,20,1020,1.3144329896907216,hypothetical; not empirically measured mine-specific costs
SVM,0.57999999999999996,0,0,725,51,0.93427835051546393,0,0,0,0,0,0,0,51,20,1020,1.3144329896907216,hypothetical; not empirically measured mine-specific costs
SVM,0.58999999999999997,0,0,725,51,0.93427835051546393,0,0,0,0,0,0,0,51,20,1020,1.3144329896907216,hypothetical; not empirically measured mine-specific costs
SVM,0.59999999999999998,0,0,725,51,0.93427835051546393,0,0,0,0,0,0,0,51,20,1020,1.3144329896907216,hypothetical; not empirically measured mine-specific costs
SVM,0.60999999999999999,0,0,725,51,0.93427835051546393,0,0,0,0,0,0,0,51,20,1020,1.3144329896907216,hypothetical; not empirically measured mine-specific costs
SVM,0.62,0,0,725,51,0.93427835051546393,0,0,0,0,0,0,0,51,20,1020,1.3144329896907216,hypothetical; not empirically measured mine-specific costs
SVM,0.63,0,0,725,51,0.93427835051546393,0,0,0,0,0,0,0,51,20,1020,1.3144329896907216,hypothetical; not empirically measured mine-specific costs
SVM,0.64000000000000001,0,0,725,51,0.93427835051546393,0,0,0,0,0,0,0,51,20,1020,1.3144329896907216,hypothetical; not empirically measured mine-specific costs
SVM,0.65000000000000002,0,0,725,51,0.93427835051546393,0,0,0,0,0,0,0,51,20,1020,1.3144329896907216,hypothetical; not empirically measured mine-specific costs
SVM,0.66000000000000003,0,0,725,51,0.93427835051546393,0,0,0,0,0,0,0,51,20,1020,1.3144329896907216,hypothetical; not empirically measured mine-specific costs
SVM,0.67000000000000004,0,0,725,51,0.93427835051546393,0,0,0,0,0,0,0,51,20,1020,1.3144329896907216,hypothetical; not empirically measured mine-specific costs
SVM,0.68000000000000005,0,0,725,51,0.93427835051546393,0,0,0,0,0,0,0,51,20,1020,1.3144329896907216,hypothetical; not empirically measured mine-specific costs
SVM,0.68999999999999995,0,0,725,51,0.93427835051546393,0,0,0,0,0,0,0,51,20,1020,1.3144329896907216,hypothetical; not empirically measured mine-specific costs
SVM,0.69999999999999996,0,0,725,51,0.93427835051546393,0,0,0,0,0,0,0,51,20,1020,1.3144329896907216,hypothetical; not empirically measured mine-specific costs
SVM,0.70999999999999996,0,0,725,51,0.93427835051546393,0,0,0,0,0,0,0,51,20,1020,1.3144329896907216,hypothetical; not empirically measured mine-specific costs
SVM,0.71999999999999997,0,0,725,51,0.93427835051546393,0,0,0,0,0,0,0,51,20,1020,1.3144329896907216,hypothetical; not empirically measured mine-specific costs
SVM,0.72999999999999998,0,0,725,51,0.93427835051546393,0,0,0,0,0,0,0,51,20,1020,1.3144329896907216,hypothetical; not empirically measured mine-specific costs
SVM,0.73999999999999999,0,0,725,51,0.93427835051546393,0,0,0,0,0,0,0,51,20,1020,1.3144329896907216,hypothetical; not empirically measured mine-specific costs
SVM,0.75,0,0,725,51,0.93427835051546393,0,0,0,0,0,0,0,51,20,1020,1.3144329896907216,hypothetical; not empirically measured mine-specific costs
SVM,0.76000000000000001,0,0,725,51,0.93427835051546393,0,0,0,0,0,0,0,51,20,1020,1.3144329896907216,hypothetical; not empirically measured mine-specific costs
SVM,0.77000000000000002,0,0,725,51,0.93427835051546393,0,0,0,0,0,0,0,51,20,1020,1.3144329896907216,hypothetical; not empirically measured mine-specific costs
SVM,0.78000000000000003,0,0,725,51,0.93427835051546393,0,0,0,0,0,0,0,51,20,1020,1.3144329896907216,hypothetical; not empirically measured mine-specific costs
SVM,0.79000000000000004,0,0,725,51,0.93427835051546393,0,0,0,0,0,0,0,51,20,1020,1.3144329896907216,hypothetical; not empirically measured mine-specific costs
SVM,0.80000000000000004,0,0,725,51,0.93427835051546393,0,0,0,0,0,0,0,51,20,1020,1.3144329896907216,hypothetical; not empirically measured mine-specific costs
SVM,0.81000000000000005,0,0,725,51,0.93427835051546393,0,0,0,0,0,0,0,51,20,1020,1.3144329896907216,hypothetical; not empirically measured mine-specific costs
SVM,0.81999999999999995,0,0,725,51,0.93427835051546393,0,0,0,0,0,0,0,51,20,1020,1.3144329896907216,hypothetical; not empirically measured mine-specific costs
SVM,0.82999999999999996,0,0,725,51,0.93427835051546393,0,0,0,0,0,0,0,51,20,1020,1.3144329896907216,hypothetical; not empirically measured mine-specific costs
SVM,0.83999999999999997,0,0,725,51,0.93427835051546393,0,0,0,0,0,0,0,51,20,1020,1.3144329896907216,hypothetical; not empirically measured mine-specific costs
SVM,0.84999999999999998,0,0,725,51,0.93427835051546393,0,0,0,0,0,0,0,51,20,1020,1.3144329896907216,hypothetical; not empirically measured mine-specific costs
SVM,0.85999999999999999,0,0,725,51,0.93427835051546393,0,0,0,0,0,0,0,51,20,1020,1.3144329896907216,hypothetical; not empirically measured mine-specific costs
SVM,0.87,0,0,725,51,0.93427835051546393,0,0,0,0,0,0,0,51,20,1020,1.3144329896907216,hypothetical; not empirically measured mine-specific costs
SVM,0.88,0,0,725,51,0.93427835051546393,0,0,0,0,0,0,0,51,20,1020,1.3144329896907216,hypothetical; not empirically measured mine-specific costs
SVM,0.89000000000000001,0,0,725,51,0.93427835051546393,0,0,0,0,0,0,0,51,20,1020,1.3144329896907216,hypothetical; not empirically measured mine-specific costs
SVM,0.90000000000000002,0,0,725,51,0.93427835051546393,0,0,0,0,0,0,0,51,20,1020,1.3144329896907216,hypothetical; not empirically measured mine-specific costs
SVM,0.91000000000000003,0,0,725,51,0.93427835051546393,0,0,0,0,0,0,0,51,20,1020,1.3144329896907216,hypothetical; not empirically measured mine-specific costs
SVM,0.92000000000000004,0,0,725,51,0.93427835051546393,0,0,0,0,0,0,0,51,20,1020,1.3144329896907216,hypothetical; not empirically measured mine-specific costs
SVM,0.93000000000000005,0,0,725,51,0.93427835051546393,0,0,0,0,0,0,0,51,20,1020,1.3144329896907216,hypothetical; not empirically measured mine-specific costs
SVM,0.93999999999999995,0,0,725,51,0.93427835051546393,0,0,0,0,0,0,0,51,20,1020,1.3144329896907216,hypothetical; not empirically measured mine-specific costs
SVM,0.94999999999999996,0,0,725,51,0.93427835051546393,0,0,0,0,0,0,0,51,20,1020,1.3144329896907216,hypothetical; not empirically measured mine-specific costs
SVM,0.95999999999999996,0,0,725,51,0.93427835051546393,0,0,0,0,0,0,0,51,20,1020,1.3144329896907216,hypothetical; not empirically measured mine-specific costs
SVM,0.96999999999999997,0,0,725,51,0.93427835051546393,0,0,0,0,0,0,0,51,20,1020,1.3144329896907216,hypothetical; not empirically measured mine-specific costs
SVM,0.97999999999999998,0,0,725,51,0.93427835051546393,0,0,0,0,0,0,0,51,20,1020,1.3144329896907216,hypothetical; not empirically measured mine-specific costs
SVM,0.98999999999999999,0,0,725,51,0.93427835051546393,0,0,0,0,0,0,0,51,20,1020,1.3144329896907216,hypothetical; not empirically measured mine-specific costs
Logistic Regression,0.01,51,725,0,0,0.065721649484536085,0.065721649484536085,1,0.12333736396614269,1,776,1,725,0,50,725,0.93427835051546393,hypothetical; not empirically measured mine-specific costs
Logistic Regression,0.02,51,725,0,0,0.065721649484536085,0.065721649484536085,1,0.12333736396614269,1,776,1,725,0,50,725,0.93427835051546393,hypothetical; not empirically measured mine-specific costs
Logistic Regression,0.029999999999999999,51,725,0,0,0.065721649484536085,0.065721649484536085,1,0.12333736396614269,1,776,1,725,0,50,725,0.93427835051546393,hypothetical; not empirically measured mine-specific costs
Logistic Regression,0.040000000000000001,51,725,0,0,0.065721649484536085,0.065721649484536085,1,0.12333736396614269,1,776,1,725,0,50,725,0.93427835051546393,hypothetical; not empirically measured mine-specific costs
Logistic Regression,0.050000000000000003,51,725,0,0,0.065721649484536085,0.065721649484536085,1,0.12333736396614269,1,776,1,725,0,50,725,0.93427835051546393,hypothetical; not empirically measured mine-specific costs
Logistic Regression,0.059999999999999998,51,724,1,0,0.067010309278350513,0.06580645161290323,1,0.12348668280871671,0.99862068965517237,775,0.99871134020618557,724,0,50,724,0.9329896907216495,hypothetical; not empirically measured mine-specific costs
Logistic Regression,0.070000000000000007,51,724,1,0,0.067010309278350513,0.06580645161290323,1,0.12348668280871671,0.99862068965517237,775,0.99871134020618557,724,0,50,724,0.9329896907216495,hypothetical; not empirically measured mine-specific costs
Logistic Regression,0.080000000000000002,51,723,2,0,0.068298969072164942,0.06589147286821706,1,0.12363636363636364,0.99724137931034484,774,0.99742268041237114,723,0,50,723,0.93170103092783507,hypothetical; not empirically measured mine-specific costs
Logistic Regression,0.089999999999999997,51,723,2,0,0.068298969072164942,0.06589147286821706,1,0.12363636363636364,0.99724137931034484,774,0.99742268041237114,723,0,50,723,0.93170103092783507,hypothetical; not empirically measured mine-specific costs
Logistic Regression,0.10000000000000001,51,721,4,0,0.070876288659793812,0.066062176165803108,1,0.12393681652490887,0.99448275862068969,772,0.99484536082474229,721,0,50,721,0.92912371134020622,hypothetical; not empirically measured mine-specific costs
Logistic Regression,0.11,51,718,7,0,0.074742268041237112,0.066319895968790635,1,0.12439024390243902,0.9903448275862069,769,0.990979381443299,718,0,50,718,0.92525773195876293,hypothetical; not empirically measured mine-specific costs
Logistic Regression,0.12,51,717,8,0,0.07603092783505154,0.06640625,1,0.12454212454212454,0.98896551724137927,768,0.98969072164948457,717,0,50,717,0.9239690721649485,hypothetical; not empirically measured mine-specific costs
Logistic Regression,0.13,51,716,9,0,0.077319587628865982,0.066492829204693613,1,0.12469437652811736,0.98758620689655174,767,0.98840206185567014,716,0,50,716,0.92268041237113407,hypothetical; not empirically measured mine-specific costs
Logistic Regression,0.14000000000000001,51,716,9,0,0.077319587628865982,0.066492829204693613,1,0.12469437652811736,0.98758620689655174,767,0.98840206185567014,716,0,50,716,0.92268041237113407,hypothetical; not empirically measured mine-specific costs
Logistic Regression,0.14999999999999999,51,715,10,0,0.078608247422680411,0.066579634464751958,1,0.12484700122399021,0.98620689655172411,766,0.98711340206185572,715,0,50,715,0.92139175257731953,hypothetical; not empirically measured mine-specific costs
Logistic Regression,0.16,51,714,11,0,0.079896907216494839,0.066666666666666666,1,0.125,0.98482758620689659,765,0.98582474226804129,714,0,50,714,0.92010309278350511,hypothetical; not empirically measured mine-specific costs
Logistic Regression,0.17000000000000001,51,706,19,0,0.090206185567010308,0.067371202113606338,1,0.12623762376237624,0.97379310344827585,757,0.97551546391752575,706,0,50,706,0.90979381443298968,hypothetical; not empirically measured mine-specific costs
Logistic Regression,0.17999999999999999,51,671,54,0,0.13530927835051546,0.070637119113573413,1,0.13195342820181113,0.92551724137931035,722,0.93041237113402064,671,0,50,671,0.86469072164948457,hypothetical; not empirically measured mine-specific costs
Logistic Regression,0.19,51,628,97,0,0.19072164948453607,0.07511045655375552,1,0.13972602739726028,0.86620689655172411,679,0.875,628,0,50,628,0.80927835051546393,hypothetical; not empirically measured mine-specific costs
Logistic Regression,0.20000000000000001,51,592,133,0,0.23711340206185566,0.079315707620528766,1,0.14697406340057637,0.81655172413793109,643,0.82860824742268047,592,0,50,592,0.76288659793814428,hypothetical; not empirically measured mine-specific costs
Logistic Regression,0.20999999999999999,51,567,158,0,0.26932989690721648,0.082524271844660199,1,0.15246636771300448,0.78206896551724137,618,0.79639175257731953,567,0,50,567,0.73067010309278346,hypothetical; not empirically measured mine-specific costs
Logistic Regression,0.22,51,558,167,0,0.28092783505154639,0.083743842364532015,1,0.15454545454545454,0.76965517241379311,609,0.78479381443298968,558,0,50,558,0.71907216494845361,hypothetical; not empirically measured mine-specific costs
Logistic Regression,0.23000000000000001,51,543,182,0,0.30025773195876287,0.085858585858585856,1,0.15813953488372093,0.74896551724137927,594,0.76546391752577314,543,0,50,543,0.69974226804123707,hypothetical; not empirically measured mine-specific costs
Logistic Regression,0.23999999999999999,51,527,198,0,0.32087628865979384,0.088235294117647065,1,0.16216216216216217,0.72689655172413792,578,0.74484536082474229,527,0,50,527,0.67912371134020622,hypothetical; not empirically measured mine-specific costs
Logistic Regression,0.25,49,501,224,2,0.35180412371134023,0.089090909090909096,0.96078431372549022,0.16306156405990016,0.69103448275862067,550,0.70876288659793818,501,2,50,601,0.77448453608247425,hypothetical; not empirically measured mine-specific costs
Logistic Regression,0.26000000000000001,49,484,241,2,0.37371134020618557,0.09193245778611632,0.96078431372549022,0.1678082191780822,0.66758620689655168,533,0.68685567010309279,484,2,50,584,0.75257731958762886,hypothetical; not empirically measured mine-specific costs
Logistic Regression,0.27000000000000002,49,467,258,2,0.39561855670103091,0.094961240310077522,0.96078431372549022,0.1728395061728395,0.6441379310344828,516,0.66494845360824739,467,2,50,567,0.73067010309278346,hypothetical; not empirically measured mine-specific costs
Logistic Regression,0.28000000000000003,47,445,280,4,0.42139175257731959,0.095528455284552852,0.92156862745098034,0.17311233885819521,0.61379310344827587,492,0.634020618556701,445,4,50,645,0.83118556701030932,hypothetical; not empirically measured mine-specific costs
Logistic Regression,0.28999999999999998,46,414,311,5,0.46005154639175255,0.10000000000000001,0.90196078431372551,0.18003913894324852,0.57103448275862068,460,0.59278350515463918,414,5,50,664,0.85567010309278346,hypothetical; not empirically measured mine-specific costs
Logistic Regression,0.29999999999999999,45,394,331,6,0.4845360824742268,0.10250569476082004,0.88235294117647056,0.18367346938775511,0.54344827586206901,439,0.56572164948453607,394,6,50,694,0.89432989690721654,hypothetical; not empirically measured mine-specific costs
Logistic Regression,0.31,44,367,358,7,0.51804123711340211,0.1070559610705596,0.86274509803921573,0.19047619047619047,0.50620689655172413,411,0.52963917525773196,367,7,50,717,0.9239690721649485,hypothetical; not empirically measured mine-specific costs
Logistic Regression,0.32000000000000001,41,347,378,10,0.53994845360824739,0.1056701030927835,0.80392156862745101,0.18678815489749431,0.4786206896551724,388,0.5,347,10,50,847,1.0914948453608246,hypothetical; not empirically measured mine-specific costs
Logistic Regression,0.33000000000000002,40,328,397,11,0.56314432989690721,0.10869565217391304,0.78431372549019607,0.1909307875894988,0.45241379310344826,368,0.47422680412371132,328,11,50,878,1.1314432989690721,hypothetical; not empirically measured mine-specific costs
Logistic Regression,0.34000000000000002,39,312,413,12,0.58247422680412375,0.1111111111111111,0.76470588235294112,0.19402985074626866,0.4303448275862069,351,0.45231958762886598,312,12,50,912,1.1752577319587629,hypothetical; not empirically measured mine-specific costs
Logistic Regression,0.34999999999999998,38,296,429,13,0.60180412371134018,0.11377245508982035,0.74509803921568629,0.19740259740259741,0.40827586206896554,334,0.43041237113402064,296,13,50,946,1.2190721649484537,hypothetical; not empirically measured mine-specific costs
Logistic Regression,0.35999999999999999,37,280,445,14,0.62113402061855671,0.1167192429022082,0.72549019607843135,0.20108695652173914,0.38620689655172413,317,0.40850515463917525,280,14,50,980,1.2628865979381443,hypothetical; not empirically measured mine-specific costs
Logistic Regression,0.37,37,262,463,14,0.64432989690721654,0.12374581939799331,0.72549019607843135,0.21142857142857144,0.36137931034482756,299,0.38530927835051548,262,14,50,962,1.2396907216494846,hypothetical; not empirically measured mine-specific costs
Logistic Regression,0.38,36,243,482,15,0.66752577319587625,0.12903225806451613,0.70588235294117652,0.21818181818181817,0.33517241379310347,279,0.3595360824742268,243,15,50,993,1.2796391752577319,hypothetical; not empirically measured mine-specific costs
Logistic Regression,0.39000000000000001,36,232,493,15,0.68170103092783507,0.13432835820895522,0.70588235294117652,0.22570532915360503,0.32000000000000001,268,0.34536082474226804,232,15,50,982,1.2654639175257731,hypothetical; not empirically measured mine-specific costs
Logistic Regression,0.40000000000000002,35,219,506,16,0.69716494845360821,0.13779527559055119,0.68627450980392157,0.22950819672131148,0.30206896551724138,254,0.32731958762886598,219,16,50,1019,1.3131443298969072,hypothetical; not empirically measured mine-specific costs
Logistic Regression,0.40999999999999998,33,208,517,18,0.70876288659793818,0.13692946058091288,0.6470588235294118,0.22602739726027396,0.28689655172413792,241,0.31056701030927836,208,18,50,1108,1.4278350515463918,hypothetical; not empirically measured mine-specific costs
Logistic Regression,0.41999999999999998,33,200,525,18,0.71907216494845361,0.14163090128755365,0.6470588235294118,0.23239436619718309,0.27586206896551724,233,0.30025773195876287,200,18,50,1100,1.4175257731958764,hypothetical; not empirically measured mine-specific costs
Logistic Regression,0.42999999999999999,33,186,539,18,0.73711340206185572,0.15068493150684931,0.6470588235294118,0.24444444444444444,0.25655172413793104,219,0.28221649484536082,186,18,50,1086,1.3994845360824741,hypothetical; not empirically measured mine-specific costs
Logistic Regression,0.44,33,182,543,18,0.74226804123711343,0.15348837209302327,0.6470588235294118,0.24812030075187969,0.25103448275862067,215,0.27706185567010311,182,18,50,1082,1.3943298969072164,hypothetical; not empirically measured mine-specific costs
Logistic Regression,0.45000000000000001,33,173,552,18,0.75386597938144329,0.16019417475728157,0.6470588235294118,0.25680933852140075,0.23862068965517241,206,0.2654639175257732,173,18,50,1073,1.3827319587628866,hypothetical; not empirically measured mine-specific costs
Logistic Regression,0.46000000000000002,33,165,560,18,0.76417525773195871,0.16666666666666666,0.6470588235294118,0.26506024096385544,0.22758620689655173,198,0.25515463917525771,165,18,50,1065,1.3724226804123711,hypothetical; not empirically measured mine-specific costs
Logistic Regression,0.46999999999999997,33,158,567,18,0.77319587628865982,0.17277486910994763,0.6470588235294118,0.27272727272727271,0.21793103448275863,191,0.24613402061855671,158,18,50,1058,1.3634020618556701,hypothetical; not empirically measured mine-specific costs
Logistic Regression,0.47999999999999998,32,152,573,19,0.77963917525773196,0.17391304347826086,0.62745098039215685,0.2723404255319149,0.20965517241379311,184,0.23711340206185566,152,19,50,1102,1.4201030927835052,hypothetical; not empirically measured mine-specific costs
Logistic Regression,0.48999999999999999,32,142,583,19,0.79252577319587625,0.18390804597701149,0.62745098039215685,0.28444444444444444,0.19586206896551725,174,0.22422680412371135,142,19,50,1092,1.4072164948453609,hypothetical; not empirically measured mine-specific costs
Logistic Regression,0.5,32,134,591,19,0.80283505154639179,0.19277108433734941,0.62745098039215685,0.29493087557603687,0.18482758620689654,166,0.21391752577319587,134,19,50,1084,1.3969072164948453,hypothetical; not empirically measured mine-specific costs
Logistic Regression,0.51000000000000001,32,127,598,19,0.81185567010309279,0.20125786163522014,0.62745098039215685,0.30476190476190479,0.17517241379310344,159,0.20489690721649484,127,19,50,1077,1.3878865979381443,hypothetical; not empirically measured mine-specific costs
Logistic Regression,0.52000000000000002,32,120,605,19,0.82087628865979378,0.21052631578947367,0.62745098039215685,0.31527093596059114,0.16551724137931034,152,0.19587628865979381,120,19,50,1070,1.3788659793814433,hypothetical; not empirically measured mine-specific costs
Logistic Regression,0.53000000000000003,32,115,610,19,0.82731958762886593,0.21768707482993196,0.62745098039215685,0.32323232323232326,0.15862068965517243,147,0.18943298969072164,115,19,50,1065,1.3724226804123711,hypothetical; not empirically measured mine-specific costs
Logistic Regression,0.54000000000000004,32,107,618,19,0.83762886597938147,0.23021582733812951,0.62745098039215685,0.33684210526315789,0.14758620689655172,139,0.17912371134020619,107,19,50,1057,1.3621134020618557,hypothetical; not empirically measured mine-specific costs
Logistic Regression,0.55000000000000004,32,102,623,19,0.84407216494845361,0.23880597014925373,0.62745098039215685,0.34594594594594597,0.1406896551724138,134,0.17268041237113402,102,19,50,1052,1.3556701030927836,hypothetical; not empirically measured mine-specific costs
Logistic Regression,0.56000000000000005,30,100,625,21,0.84407216494845361,0.23076923076923078,0.58823529411764708,0.33149171270718231,0.13793103448275862,130,0.16752577319587628,100,21,50,1150,1.481958762886598,hypothetical; not empirically measured mine-specific costs
Logistic Regression,0.56999999999999995,30,96,629,21,0.84922680412371132,0.23809523809523808,0.58823529411764708,0.33898305084745761,0.13241379310344828,126,0.16237113402061856,96,21,50,1146,1.4768041237113403,hypothetical; not empirically measured mine-specific costs
Logistic Regression,0.57999999999999996,29,94,631,22,0.85051546391752575,0.23577235772357724,0.56862745098039214,0.33333333333333331,0.1296551724137931,123,0.15850515463917525,94,22,50,1194,1.5386597938144331,hypothetical; not empirically measured mine-specific costs
Logistic Regression,0.58999999999999997,29,92,633,22,0.85309278350515461,0.23966942148760331,0.56862745098039214,0.33720930232558138,0.12689655172413794,121,0.15592783505154639,92,22,50,1192,1.5360824742268042,hypothetical; not empirically measured mine-specific costs
Logistic Regression,0.59999999999999998,27,87,638,24,0.85695876288659789,0.23684210526315788,0.52941176470588236,0.32727272727272727,0.12,114,0.14690721649484537,87,24,50,1287,1.6585051546391754,hypothetical; not empirically measured mine-specific costs
Logistic Regression,0.60999999999999999,26,87,638,25,0.85567010309278346,0.23008849557522124,0.50980392156862742,0.31707317073170732,0.12,113,0.14561855670103094,87,25,50,1337,1.722938144329897,hypothetical; not empirically measured mine-specific costs
Logistic Regression,0.62,26,83,642,25,0.86082474226804129,0.23853211009174313,0.50980392156862742,0.32500000000000001,0.11448275862068966,109,0.1404639175257732,83,25,50,1333,1.7177835051546391,hypothetical; not empirically measured mine-specific costs
Logistic Regression,0.63,24,79,646,27,0.86340206185567014,0.23300970873786409,0.47058823529411764,0.31168831168831168,0.10896551724137932,103,0.1327319587628866,79,27,50,1429,1.8414948453608246,hypothetical; not empirically measured mine-specific costs
Logistic Regression,0.64000000000000001,24,74,651,27,0.86984536082474229,0.24489795918367346,0.47058823529411764,0.32214765100671139,0.10206896551724139,98,0.12628865979381443,74,27,50,1424,1.8350515463917525,hypothetical; not empirically measured mine-specific costs
Logistic Regression,0.65000000000000002,22,70,655,29,0.87242268041237114,0.2391304347826087,0.43137254901960786,0.30769230769230771,0.096551724137931033,92,0.11855670103092783,70,29,50,1520,1.9587628865979381,hypothetical; not empirically measured mine-specific costs
Logistic Regression,0.66000000000000003,22,67,658,29,0.87628865979381443,0.24719101123595505,0.43137254901960786,0.31428571428571428,0.092413793103448272,89,0.11469072164948453,67,29,50,1517,1.9548969072164948,hypothetical; not empirically measured mine-specific costs
Logistic Regression,0.67000000000000004,22,66,659,29,0.87757731958762886,0.25,0.43137254901960786,0.31654676258992803,0.091034482758620694,88,0.1134020618556701,66,29,50,1516,1.9536082474226804,hypothetical; not empirically measured mine-specific costs
Logistic Regression,0.68000000000000005,21,63,662,30,0.88015463917525771,0.25,0.41176470588235292,0.31111111111111112,0.086896551724137933,84,0.10824742268041238,63,30,50,1563,2.0141752577319587,hypothetical; not empirically measured mine-specific costs
Logistic Regression,0.68999999999999995,20,63,662,31,0.87886597938144329,0.24096385542168675,0.39215686274509803,0.29850746268656714,0.086896551724137933,83,0.10695876288659793,63,31,50,1613,2.0786082474226806,hypothetical; not empirically measured mine-specific costs
Logistic Regression,0.69999999999999996,20,59,666,31,0.884020618556701,0.25316455696202533,0.39215686274509803,0.30769230769230771,0.08137931034482758,79,0.10180412371134021,59,31,50,1609,2.0734536082474229,hypothetical; not empirically measured mine-specific costs
Logistic Regression,0.70999999999999996,20,54,671,31,0.89046391752577314,0.27027027027027029,0.39215686274509803,0.32000000000000001,0.074482758620689649,74,0.095360824742268036,54,31,50,1604,2.0670103092783507,hypothetical; not empirically measured mine-specific costs
Logistic Regression,0.71999999999999997,19,53,672,32,0.89046391752577314,0.2638888888888889,0.37254901960784315,0.30894308943089432,0.073103448275862071,72,0.092783505154639179,53,32,50,1653,2.1301546391752577,hypothetical; not empirically measured mine-specific costs
Logistic Regression,0.72999999999999998,19,50,675,32,0.89432989690721654,0.27536231884057971,0.37254901960784315,0.31666666666666665,0.068965517241379309,69,0.08891752577319588,50,32,50,1650,2.1262886597938144,hypothetical; not empirically measured mine-specific costs
Logistic Regression,0.73999999999999999,18,47,678,33,0.89690721649484539,0.27692307692307694,0.35294117647058826,0.31034482758620691,0.064827586206896548,65,0.083762886597938138,47,33,50,1697,2.1868556701030926,hypothetical; not empirically measured mine-specific costs
Logistic Regression,0.75,17,47,678,34,0.89561855670103097,0.265625,0.33333333333333331,0.29565217391304349,0.064827586206896548,64,0.08247422680412371,47,34,50,1747,2.2512886597938144,hypothetical; not empirically measured mine-specific costs
Logistic Regression,0.76000000000000001,16,45,680,35,0.89690721649484539,0.26229508196721313,0.31372549019607843,0.2857142857142857,0.062068965517241378,61,0.078608247422680411,45,35,50,1795,2.3131443298969074,hypothetical; not empirically measured mine-specific costs
Logistic Regression,0.77000000000000002,16,40,685,35,0.90335051546391754,0.2857142857142857,0.31372549019607843,0.29906542056074764,0.055172413793103448,56,0.072164948453608241,40,35,50,1790,2.3067010309278349,hypothetical; not empirically measured mine-specific costs
Logistic Regression,0.78000000000000003,15,37,688,36,0.90592783505154639,0.28846153846153844,0.29411764705882354,0.29126213592233008,0.051034482758620693,52,0.067010309278350513,37,36,50,1837,2.3672680412371134,hypothetical; not empirically measured mine-specific costs
Logistic Regression,0.79000000000000004,15,35,690,36,0.90850515463917525,0.29999999999999999,0.29411764705882354,0.29702970297029702,0.048275862068965517,50,0.064432989690721643,35,36,50,1835,2.3646907216494846,hypothetical; not empirically measured mine-specific costs
Logistic Regression,0.80000000000000004,15,34,691,36,0.90979381443298968,0.30612244897959184,0.29411764705882354,0.29999999999999999,0.046896551724137932,49,0.063144329896907214,34,36,50,1834,2.3634020618556701,hypothetical; not empirically measured mine-specific costs
Logistic Regression,0.81000000000000005,15,32,693,36,0.91237113402061853,0.31914893617021278,0.29411764705882354,0.30612244897959184,0.044137931034482755,47,0.06056701030927835,32,36,50,1832,2.3608247422680413,hypothetical; not empirically measured mine-specific costs
Logistic Regression,0.81999999999999995,15,30,695,36,0.91494845360824739,0.33333333333333331,0.29411764705882354,0.3125,0.041379310344827586,45,0.057989690721649487,30,36,50,1830,2.3582474226804124,hypothetical; not empirically measured mine-specific costs
Logistic Regression,0.82999999999999996,15,29,696,36,0.91623711340206182,0.34090909090909088,0.29411764705882354,0.31578947368421051,0.040000000000000001,44,0.056701030927835051,29,36,50,1829,2.356958762886598,hypothetical; not empirically measured mine-specific costs
Logistic Regression,0.83999999999999997,13,27,698,38,0.91623711340206182,0.32500000000000001,0.25490196078431371,0.2857142857142857,0.037241379310344824,40,0.051546391752577317,27,38,50,1927,2.4832474226804124,hypothetical; not empirically measured mine-specific costs
Logistic Regression,0.84999999999999998,13,24,701,38,0.92010309278350511,0.35135135135135137,0.25490196078431371,0.29545454545454547,0.03310344827586207,37,0.047680412371134018,24,38,50,1924,2.4793814432989691,hypothetical; not empirically measured mine-specific costs
Logistic Regression,0.85999999999999999,12,23,702,39,0.92010309278350511,0.34285714285714286,0.23529411764705882,0.27906976744186046,0.031724137931034485,35,0.045103092783505154,23,39,50,1973,2.5425257731958761,hypothetical; not empirically measured mine-specific costs
Logistic Regression,0.87,10,23,702,41,0.91752577319587625,0.30303030303030304,0.19607843137254902,0.23809523809523808,0.031724137931034485,33,0.04252577319587629,23,41,50,2073,2.6713917525773194,hypothetical; not empirically measured mine-specific costs
Logistic Regression,0.88,8,20,705,43,0.91881443298969068,0.2857142857142857,0.15686274509803921,0.20253164556962025,0.027586206896551724,28,0.03608247422680412,20,43,50,2170,2.7963917525773194,hypothetical; not empirically measured mine-specific costs
Logistic Regression,0.89000000000000001,7,18,707,44,0.92010309278350511,0.28000000000000003,0.13725490196078433,0.18421052631578946,0.024827586206896551,25,0.032216494845360821,18,44,50,2218,2.8582474226804124,hypothetical; not empirically measured mine-specific costs
Logistic Regression,0.90000000000000002,5,15,710,46,0.92139175257731953,0.25,0.098039215686274508,0.14084507042253522,0.020689655172413793,20,0.025773195876288658,15,46,50,2315,2.9832474226804124,hypothetical; not empirically measured mine-specific costs
Logistic Regression,0.91000000000000003,4,15,710,47,0.92010309278350511,0.21052631578947367,0.078431372549019607,0.11428571428571428,0.020689655172413793,19,0.024484536082474227,15,47,50,2365,3.0476804123711339,hypothetical; not empirically measured mine-specific costs
Logistic Regression,0.92000000000000004,3,13,712,48,0.92139175257731953,0.1875,0.058823529411764705,0.089552238805970144,0.01793103448275862,16,0.020618556701030927,13,48,50,2413,3.1095360824742269,hypothetical; not empirically measured mine-specific costs
Logistic Regression,0.93000000000000005,3,13,712,48,0.92139175257731953,0.1875,0.058823529411764705,0.089552238805970144,0.01793103448275862,16,0.020618556701030927,13,48,50,2413,3.1095360824742269,hypothetical; not empirically measured mine-specific costs
Logistic Regression,0.93999999999999995,3,13,712,48,0.92139175257731953,0.1875,0.058823529411764705,0.089552238805970144,0.01793103448275862,16,0.020618556701030927,13,48,50,2413,3.1095360824742269,hypothetical; not empirically measured mine-specific costs
Logistic Regression,0.94999999999999996,2,9,716,49,0.92525773195876293,0.18181818181818182,0.039215686274509803,0.064516129032258063,0.012413793103448275,11,0.014175257731958763,9,49,50,2459,3.1688144329896906,hypothetical; not empirically measured mine-specific costs
Logistic Regression,0.95999999999999996,1,6,719,50,0.92783505154639179,0.14285714285714285,0.019607843137254902,0.034482758620689655,0.0082758620689655175,7,0.0090206185567010301,6,50,50,2506,3.2293814432989691,hypothetical; not empirically measured mine-specific costs
Logistic Regression,0.96999999999999997,1,6,719,50,0.92783505154639179,0.14285714285714285,0.019607843137254902,0.034482758620689655,0.0082758620689655175,7,0.0090206185567010301,6,50,50,2506,3.2293814432989691,hypothetical; not empirically measured mine-specific costs
Logistic Regression,0.97999999999999998,1,3,722,50,0.93170103092783507,0.25,0.019607843137254902,0.036363636363636362,0.0041379310344827587,4,0.0051546391752577319,3,50,50,2503,3.2255154639175259,hypothetical; not empirically measured mine-specific costs
Logistic Regression,0.98999999999999999,0,1,724,51,0.9329896907216495,0,0,0,0.0013793103448275861,1,0.001288659793814433,1,51,50,2551,3.2873711340206184,hypothetical; not empirically measured mine-specific costs
Random Forest,0.01,47,566,159,4,0.2654639175257732,0.076672104404567704,0.92156862745098034,0.14156626506024098,0.78068965517241384,613,0.78994845360824739,566,4,50,766,0.98711340206185572,hypothetical; not empirically measured mine-specific costs
Random Forest,0.02,45,493,232,6,0.35695876288659795,0.083643122676579931,0.88235294117647056,0.15280135823429541,0.68000000000000005,538,0.69329896907216493,493,6,50,793,1.0219072164948453,hypothetical; not empirically measured mine-specific costs
Random Forest,0.029999999999999999,45,457,268,6,0.40335051546391754,0.089641434262948211,0.88235294117647056,0.16274864376130199,0.63034482758620691,502,0.64690721649484539,457,6,50,757,0.97551546391752575,hypothetical; not empirically measured mine-specific costs
Random Forest,0.040000000000000001,45,402,323,6,0.47422680412371132,0.10067114093959731,0.88235294117647056,0.18072289156626506,0.55448275862068963,447,0.5760309278350515,402,6,50,702,0.90463917525773196,hypothetical; not empirically measured mine-specific costs
Random Forest,0.050000000000000003,44,369,356,7,0.51546391752577314,0.10653753026634383,0.86274509803921573,0.18965517241379309,0.50896551724137928,413,0.53221649484536082,369,7,50,719,0.92654639175257736,hypothetical; not empirically measured mine-specific costs
Random Forest,0.059999999999999998,43,335,390,8,0.5579896907216495,0.11375661375661375,0.84313725490196079,0.20046620046620048,0.46206896551724136,378,0.48711340206185566,335,8,50,735,0.94716494845360821,hypothetical; not empirically measured mine-specific costs
Random Forest,0.070000000000000007,43,311,414,8,0.58891752577319589,0.12146892655367232,0.84313725490196079,0.21234567901234569,0.42896551724137932,354,0.45618556701030927,311,8,50,711,0.91623711340206182,hypothetical; not empirically measured mine-specific costs
Random Forest,0.080000000000000002,42,295,430,9,0.60824742268041232,0.12462908011869436,0.82352941176470584,0.21649484536082475,0.40689655172413791,337,0.43427835051546393,295,9,50,745,0.96005154639175261,hypothetical; not empirically measured mine-specific costs
Random Forest,0.089999999999999997,41,276,449,10,0.63144329896907214,0.12933753943217666,0.80392156862745101,0.22282608695652173,0.38068965517241377,317,0.40850515463917525,276,10,50,776,1,hypothetical; not empirically measured mine-specific costs
Random Forest,0.10000000000000001,40,258,467,11,0.65335051546391754,0.13422818791946309,0.78431372549019607,0.22922636103151864,0.35586206896551725,298,0.38402061855670105,258,11,50,808,1.0412371134020619,hypothetical; not empirically measured mine-specific costs
Random Forest,0.11,39,241,484,12,0.6739690721649485,0.13928571428571429,0.76470588235294112,0.23564954682779457,0.33241379310344826,280,0.36082474226804123,241,12,50,841,1.0837628865979381,hypothetical; not empirically measured mine-specific costs
Random Forest,0.12,37,223,502,14,0.69458762886597936,0.1423076923076923,0.72549019607843135,0.23794212218649519,0.30758620689655175,260,0.33505154639175255,223,14,50,923,1.1894329896907216,hypothetical; not empirically measured mine-specific costs
Random Forest,0.13,36,209,516,15,0.71134020618556704,0.14693877551020409,0.70588235294117652,0.24324324324324326,0.28827586206896549,245,0.31572164948453607,209,15,50,959,1.2358247422680413,hypothetical; not empirically measured mine-specific costs
Random Forest,0.14000000000000001,36,199,526,15,0.72422680412371132,0.15319148936170213,0.70588235294117652,0.25174825174825177,0.27448275862068966,235,0.30283505154639173,199,15,50,949,1.222938144329897,hypothetical; not empirically measured mine-specific costs
Random Forest,0.14999999999999999,35,185,540,16,0.740979381443299,0.15909090909090909,0.68627450980392157,0.25830258302583026,0.25517241379310346,220,0.28350515463917525,185,16,50,985,1.2693298969072164,hypothetical; not empirically measured mine-specific costs
Random Forest,0.16,32,174,551,19,0.75128865979381443,0.1553398058252427,0.62745098039215685,0.24902723735408561,0.23999999999999999,206,0.2654639175257732,174,19,50,1124,1.4484536082474226,hypothetical; not empirically measured mine-specific costs
Random Forest,0.17000000000000001,30,153,572,21,0.77577319587628868,0.16393442622950818,0.58823529411764708,0.25641025641025639,0.21103448275862069,183,0.23582474226804123,153,21,50,1203,1.5502577319587629,hypothetical; not empirically measured mine-specific costs
Random Forest,0.17999999999999999,28,140,585,23,0.78994845360824739,0.16666666666666666,0.5490196078431373,0.25570776255707761,0.19310344827586207,168,0.21649484536082475,140,23,50,1290,1.6623711340206186,hypothetical; not empirically measured mine-specific costs
Random Forest,0.19,28,130,595,23,0.80283505154639179,0.17721518987341772,0.5490196078431373,0.26794258373205743,0.1793103448275862,158,0.20360824742268041,130,23,50,1280,1.6494845360824741,hypothetical; not empirically measured mine-specific costs
Random Forest,0.20000000000000001,28,119,606,23,0.8170103092783505,0.19047619047619047,0.5490196078431373,0.28282828282828282,0.16413793103448276,147,0.18943298969072164,119,23,50,1269,1.6353092783505154,hypothetical; not empirically measured mine-specific costs
Random Forest,0.20999999999999999,27,112,613,24,0.82474226804123707,0.19424460431654678,0.52941176470588236,0.28421052631578947,0.15448275862068966,139,0.17912371134020619,112,24,50,1312,1.6907216494845361,hypothetical; not empirically measured mine-specific costs
Random Forest,0.22,26,108,617,25,0.82860824742268047,0.19402985074626866,0.50980392156862742,0.2810810810810811,0.1489655172413793,134,0.17268041237113402,108,25,50,1358,1.75,hypothetical; not empirically measured mine-specific costs
Random Forest,0.23000000000000001,25,102,623,26,0.83505154639175261,0.19685039370078741,0.49019607843137253,0.2808988764044944,0.1406896551724138,127,0.16365979381443299,102,26,50,1402,1.8067010309278351,hypothetical; not empirically measured mine-specific costs
Random Forest,0.23999999999999999,25,93,632,26,0.84664948453608246,0.21186440677966101,0.49019607843137253,0.29585798816568049,0.12827586206896552,118,0.15206185567010308,93,26,50,1393,1.7951030927835052,hypothetical; not empirically measured mine-specific costs
Random Forest,0.25,24,86,639,27,0.85438144329896903,0.21818181818181817,0.47058823529411764,0.29813664596273293,0.11862068965517242,110,0.14175257731958762,86,27,50,1436,1.8505154639175259,hypothetical; not empirically measured mine-specific costs
Random Forest,0.26000000000000001,23,79,646,28,0.86211340206185572,0.22549019607843138,0.45098039215686275,0.30065359477124182,0.10896551724137932,102,0.13144329896907217,79,28,50,1479,1.9059278350515463,hypothetical; not empirically measured mine-specific costs
Random Forest,0.27000000000000002,21,74,651,30,0.865979381443299,0.22105263157894736,0.41176470588235292,0.28767123287671231,0.10206896551724139,95,0.12242268041237113,74,30,50,1574,2.0283505154639174,hypothetical; not empirically measured mine-specific costs
Random Forest,0.28000000000000003,20,71,654,31,0.86855670103092786,0.21978021978021978,0.39215686274509803,0.28169014084507044,0.097931034482758625,91,0.1172680412371134,71,31,50,1621,2.088917525773196,hypothetical; not empirically measured mine-specific costs
Random Forest,0.28999999999999998,19,66,659,32,0.87371134020618557,0.22352941176470589,0.37254901960784315,0.27941176470588236,0.091034482758620694,85,0.1095360824742268,66,32,50,1666,2.1469072164948453,hypothetical; not empirically measured mine-specific costs
Random Forest,0.29999999999999999,18,62,663,33,0.87757731958762886,0.22500000000000001,0.35294117647058826,0.27480916030534353,0.085517241379310341,80,0.10309278350515463,62,33,50,1712,2.2061855670103094,hypothetical; not empirically measured mine-specific costs
Random Forest,0.31,17,57,668,34,0.88273195876288657,0.22972972972972974,0.33333333333333331,0.27200000000000002,0.07862068965517241,74,0.095360824742268036,57,34,50,1757,2.2641752577319587,hypothetical; not empirically measured mine-specific costs
Random Forest,0.32000000000000001,16,56,669,35,0.88273195876288657,0.22222222222222221,0.31372549019607843,0.26016260162601629,0.077241379310344832,72,0.092783505154639179,56,35,50,1806,2.3273195876288661,hypothetical; not empirically measured mine-specific costs
Random Forest,0.33000000000000002,16,53,672,35,0.88659793814432986,0.2318840579710145,0.31372549019607843,0.26666666666666666,0.073103448275862071,69,0.08891752577319588,53,35,50,1803,2.3234536082474229,hypothetical; not empirically measured mine-specific costs
Random Forest,0.34000000000000002,16,52,673,35,0.88788659793814428,0.23529411764705882,0.31372549019607843,0.26890756302521007,0.071724137931034479,68,0.087628865979381437,52,35,50,1802,2.3221649484536084,hypothetical; not empirically measured mine-specific costs
Random Forest,0.34999999999999998,14,47,678,37,0.89175257731958768,0.22950819672131148,0.27450980392156865,0.25,0.064827586206896548,61,0.078608247422680411,47,37,50,1897,2.4445876288659796,hypothetical; not empirically measured mine-specific costs
Random Forest,0.35999999999999999,13,40,685,38,0.89948453608247425,0.24528301886792453,0.25490196078431371,0.25,0.055172413793103448,53,0.068298969072164942,40,38,50,1940,2.5,hypothetical; not empirically measured mine-specific costs
Random Forest,0.37,13,37,688,38,0.90335051546391754,0.26000000000000001,0.25490196078431371,0.25742574257425743,0.051034482758620693,50,0.064432989690721643,37,38,50,1937,2.4961340206185567,hypothetical; not empirically measured mine-specific costs
Random Forest,0.38,13,34,691,38,0.90721649484536082,0.27659574468085107,0.25490196078431371,0.26530612244897961,0.046896551724137932,47,0.06056701030927835,34,38,50,1934,2.4922680412371134,hypothetical; not empirically measured mine-specific costs
Random Forest,0.39000000000000001,12,29,696,39,0.91237113402061853,0.29268292682926828,0.23529411764705882,0.2608695652173913,0.040000000000000001,41,0.052835051546391752,29,39,50,1979,2.5502577319587627,hypothetical; not empirically measured mine-specific costs
Random Forest,0.40000000000000002,11,29,696,40,0.91108247422680411,0.27500000000000002,0.21568627450980393,0.24175824175824176,0.040000000000000001,40,0.051546391752577317,29,40,50,2029,2.6146907216494846,hypothetical; not empirically measured mine-specific costs
Random Forest,0.40999999999999998,11,29,696,40,0.91108247422680411,0.27500000000000002,0.21568627450980393,0.24175824175824176,0.040000000000000001,40,0.051546391752577317,29,40,50,2029,2.6146907216494846,hypothetical; not empirically measured mine-specific costs
Random Forest,0.41999999999999998,11,28,697,40,0.91237113402061853,0.28205128205128205,0.21568627450980393,0.24444444444444444,0.038620689655172416,39,0.050257731958762888,28,40,50,2028,2.6134020618556701,hypothetical; not empirically measured mine-specific costs
Random Forest,0.42999999999999999,11,28,697,40,0.91237113402061853,0.28205128205128205,0.21568627450980393,0.24444444444444444,0.038620689655172416,39,0.050257731958762888,28,40,50,2028,2.6134020618556701,hypothetical; not empirically measured mine-specific costs
Random Forest,0.44,11,25,700,40,0.91623711340206182,0.30555555555555558,0.21568627450980393,0.25287356321839083,0.034482758620689655,36,0.046391752577319589,25,40,50,2025,2.6095360824742269,hypothetical; not empirically measured mine-specific costs
Random Forest,0.45000000000000001,10,25,700,41,0.91494845360824739,0.2857142857142857,0.19607843137254902,0.23255813953488372,0.034482758620689655,35,0.045103092783505154,25,41,50,2075,2.6739690721649483,hypothetical; not empirically measured mine-specific costs
Random Forest,0.46000000000000002,9,25,700,42,0.91365979381443296,0.26470588235294118,0.17647058823529413,0.21176470588235294,0.034482758620689655,34,0.043814432989690719,25,42,50,2125,2.7384020618556701,hypothetical; not empirically measured mine-specific costs
Random Forest,0.46999999999999997,8,24,701,43,0.91365979381443296,0.25,0.15686274509803921,0.19277108433734941,0.03310344827586207,32,0.041237113402061855,24,43,50,2174,2.8015463917525771,hypothetical; not empirically measured mine-specific costs
Random Forest,0.47999999999999998,8,21,704,43,0.91752577319587625,0.27586206896551724,0.15686274509803921,0.20000000000000001,0.028965517241379312,29,0.037371134020618556,21,43,50,2171,2.7976804123711339,hypothetical; not empirically measured mine-specific costs
Random Forest,0.48999999999999999,8,20,705,43,0.91881443298969068,0.2857142857142857,0.15686274509803921,0.20253164556962025,0.027586206896551724,28,0.03608247422680412,20,43,50,2170,2.7963917525773194,hypothetical; not empirically measured mine-specific costs
Random Forest,0.5,8,18,707,43,0.92139175257731953,0.30769230769230771,0.15686274509803921,0.20779220779220781,0.024827586206896551,26,0.033505154639175257,18,43,50,2168,2.7938144329896906,hypothetical; not empirically measured mine-specific costs
Random Forest,0.51000000000000001,8,18,707,43,0.92139175257731953,0.30769230769230771,0.15686274509803921,0.20779220779220781,0.024827586206896551,26,0.033505154639175257,18,43,50,2168,2.7938144329896906,hypothetical; not empirically measured mine-specific costs
Random Forest,0.52000000000000002,8,17,708,43,0.92268041237113407,0.32000000000000001,0.15686274509803921,0.21052631578947367,0.023448275862068966,25,0.032216494845360821,17,43,50,2167,2.7925257731958761,hypothetical; not empirically measured mine-specific costs
Random Forest,0.53000000000000003,8,15,710,43,0.92525773195876293,0.34782608695652173,0.15686274509803921,0.21621621621621623,0.020689655172413793,23,0.029639175257731958,15,43,50,2165,2.7899484536082473,hypothetical; not empirically measured mine-specific costs
Random Forest,0.54000000000000004,8,15,710,43,0.92525773195876293,0.34782608695652173,0.15686274509803921,0.21621621621621623,0.020689655172413793,23,0.029639175257731958,15,43,50,2165,2.7899484536082473,hypothetical; not empirically measured mine-specific costs
Random Forest,0.55000000000000004,8,14,711,43,0.92654639175257736,0.36363636363636365,0.15686274509803921,0.21917808219178081,0.019310344827586208,22,0.028350515463917526,14,43,50,2164,2.7886597938144329,hypothetical; not empirically measured mine-specific costs
Random Forest,0.56000000000000005,7,14,711,44,0.92525773195876293,0.33333333333333331,0.13725490196078433,0.19444444444444445,0.019310344827586208,21,0.027061855670103094,14,44,50,2214,2.8530927835051547,hypothetical; not empirically measured mine-specific costs
Random Forest,0.56999999999999995,7,13,712,44,0.92654639175257736,0.34999999999999998,0.13725490196078433,0.19718309859154928,0.01793103448275862,20,0.025773195876288658,13,44,50,2213,2.8518041237113403,hypothetical; not empirically measured mine-specific costs
Random Forest,0.57999999999999996,7,12,713,44,0.92783505154639179,0.36842105263157893,0.13725490196078433,0.20000000000000001,0.016551724137931035,19,0.024484536082474227,12,44,50,2212,2.8505154639175259,hypothetical; not empirically measured mine-specific costs
Random Forest,0.58999999999999997,7,11,714,44,0.92912371134020622,0.3888888888888889,0.13725490196078433,0.20289855072463769,0.015172413793103448,18,0.023195876288659795,11,44,50,2211,2.8492268041237114,hypothetical; not empirically measured mine-specific costs
Random Forest,0.59999999999999998,6,10,715,45,0.92912371134020622,0.375,0.11764705882352941,0.17910447761194029,0.013793103448275862,16,0.020618556701030927,10,45,50,2260,2.9123711340206184,hypothetical; not empirically measured mine-specific costs
Random Forest,0.60999999999999999,6,10,715,45,0.92912371134020622,0.375,0.11764705882352941,0.17910447761194029,0.013793103448275862,16,0.020618556701030927,10,45,50,2260,2.9123711340206184,hypothetical; not empirically measured mine-specific costs
Random Forest,0.62,6,9,716,45,0.93041237113402064,0.40000000000000002,0.11764705882352941,0.18181818181818182,0.012413793103448275,15,0.019329896907216496,9,45,50,2259,2.911082474226804,hypothetical; not empirically measured mine-specific costs
Random Forest,0.63,6,8,717,45,0.93170103092783507,0.42857142857142855,0.11764705882352941,0.18461538461538463,0.011034482758620689,14,0.01804123711340206,8,45,50,2258,2.9097938144329896,hypothetical; not empirically measured mine-specific costs
Random Forest,0.64000000000000001,5,8,717,46,0.93041237113402064,0.38461538461538464,0.098039215686274508,0.15625,0.011034482758620689,13,0.016752577319587628,8,46,50,2308,2.9742268041237114,hypothetical; not empirically measured mine-specific costs
Random Forest,0.65000000000000002,5,7,718,46,0.93170103092783507,0.41666666666666669,0.098039215686274508,0.15873015873015872,0.009655172413793104,12,0.015463917525773196,7,46,50,2307,2.972938144329897,hypothetical; not empirically measured mine-specific costs
Random Forest,0.66000000000000003,5,6,719,46,0.9329896907216495,0.45454545454545453,0.098039215686274508,0.16129032258064516,0.0082758620689655175,11,0.014175257731958763,6,46,50,2306,2.9716494845360826,hypothetical; not empirically measured mine-specific costs
Random Forest,0.67000000000000004,5,5,720,46,0.93427835051546393,0.5,0.098039215686274508,0.16393442622950818,0.0068965517241379309,10,0.012886597938144329,5,46,50,2305,2.9703608247422681,hypothetical; not empirically measured mine-specific costs
Random Forest,0.68000000000000005,5,5,720,46,0.93427835051546393,0.5,0.098039215686274508,0.16393442622950818,0.0068965517241379309,10,0.012886597938144329,5,46,50,2305,2.9703608247422681,hypothetical; not empirically measured mine-specific costs
Random Forest,0.68999999999999995,5,5,720,46,0.93427835051546393,0.5,0.098039215686274508,0.16393442622950818,0.0068965517241379309,10,0.012886597938144329,5,46,50,2305,2.9703608247422681,hypothetical; not empirically measured mine-specific costs
Random Forest,0.69999999999999996,4,4,721,47,0.93427835051546393,0.5,0.078431372549019607,0.13559322033898305,0.0055172413793103444,8,0.010309278350515464,4,47,50,2354,3.0335051546391751,hypothetical; not empirically measured mine-specific costs
Random Forest,0.70999999999999996,4,2,723,47,0.93685567010309279,0.66666666666666663,0.078431372549019607,0.14035087719298245,0.0027586206896551722,6,0.0077319587628865982,2,47,50,2352,3.0309278350515463,hypothetical; not empirically measured mine-specific costs
Random Forest,0.71999999999999997,4,2,723,47,0.93685567010309279,0.66666666666666663,0.078431372549019607,0.14035087719298245,0.0027586206896551722,6,0.0077319587628865982,2,47,50,2352,3.0309278350515463,hypothetical; not empirically measured mine-specific costs
Random Forest,0.72999999999999998,4,1,724,47,0.93814432989690721,0.80000000000000004,0.078431372549019607,0.14285714285714285,0.0013793103448275861,5,0.0064432989690721646,1,47,50,2351,3.0296391752577319,hypothetical; not empirically measured mine-specific costs
Random Forest,0.73999999999999999,4,1,724,47,0.93814432989690721,0.80000000000000004,0.078431372549019607,0.14285714285714285,0.0013793103448275861,5,0.0064432989690721646,1,47,50,2351,3.0296391752577319,hypothetical; not empirically measured mine-specific costs
Random Forest,0.75,4,1,724,47,0.93814432989690721,0.80000000000000004,0.078431372549019607,0.14285714285714285,0.0013793103448275861,5,0.0064432989690721646,1,47,50,2351,3.0296391752577319,hypothetical; not empirically measured mine-specific costs
Random Forest,0.76000000000000001,3,1,724,48,0.93685567010309279,0.75,0.058823529411764705,0.10909090909090909,0.0013793103448275861,4,0.0051546391752577319,1,48,50,2401,3.0940721649484537,hypothetical; not empirically measured mine-specific costs
Random Forest,0.77000000000000002,3,1,724,48,0.93685567010309279,0.75,0.058823529411764705,0.10909090909090909,0.0013793103448275861,4,0.0051546391752577319,1,48,50,2401,3.0940721649484537,hypothetical; not empirically measured mine-specific costs
Random Forest,0.78000000000000003,3,1,724,48,0.93685567010309279,0.75,0.058823529411764705,0.10909090909090909,0.0013793103448275861,4,0.0051546391752577319,1,48,50,2401,3.0940721649484537,hypothetical; not empirically measured mine-specific costs
Random Forest,0.79000000000000004,3,1,724,48,0.93685567010309279,0.75,0.058823529411764705,0.10909090909090909,0.0013793103448275861,4,0.0051546391752577319,1,48,50,2401,3.0940721649484537,hypothetical; not empirically measured mine-specific costs
Random Forest,0.80000000000000004,3,1,724,48,0.93685567010309279,0.75,0.058823529411764705,0.10909090909090909,0.0013793103448275861,4,0.0051546391752577319,1,48,50,2401,3.0940721649484537,hypothetical; not empirically measured mine-specific costs
Random Forest,0.81000000000000005,2,1,724,49,0.93556701030927836,0.66666666666666663,0.039215686274509803,0.07407407407407407,0.0013793103448275861,3,0.0038659793814432991,1,49,50,2451,3.1585051546391751,hypothetical; not empirically measured mine-specific costs
Random Forest,0.81999999999999995,2,1,724,49,0.93556701030927836,0.66666666666666663,0.039215686274509803,0.07407407407407407,0.0013793103448275861,3,0.0038659793814432991,1,49,50,2451,3.1585051546391751,hypothetical; not empirically measured mine-specific costs
Random Forest,0.82999999999999996,2,1,724,49,0.93556701030927836,0.66666666666666663,0.039215686274509803,0.07407407407407407,0.0013793103448275861,3,0.0038659793814432991,1,49,50,2451,3.1585051546391751,hypothetical; not empirically measured mine-specific costs
Random Forest,0.83999999999999997,2,1,724,49,0.93556701030927836,0.66666666666666663,0.039215686274509803,0.07407407407407407,0.0013793103448275861,3,0.0038659793814432991,1,49,50,2451,3.1585051546391751,hypothetical; not empirically measured mine-specific costs
Random Forest,0.84999999999999998,2,1,724,49,0.93556701030927836,0.66666666666666663,0.039215686274509803,0.07407407407407407,0.0013793103448275861,3,0.0038659793814432991,1,49,50,2451,3.1585051546391751,hypothetical; not empirically measured mine-specific costs
Random Forest,0.85999999999999999,1,0,725,50,0.93556701030927836,1,0.019607843137254902,0.038461538461538464,0,1,0.001288659793814433,0,50,50,2500,3.2216494845360826,hypothetical; not empirically measured mine-specific costs
Random Forest,0.87,1,0,725,50,0.93556701030927836,1,0.019607843137254902,0.038461538461538464,0,1,0.001288659793814433,0,50,50,2500,3.2216494845360826,hypothetical; not empirically measured mine-specific costs
Random Forest,0.88,1,0,725,50,0.93556701030927836,1,0.019607843137254902,0.038461538461538464,0,1,0.001288659793814433,0,50,50,2500,3.2216494845360826,hypothetical; not empirically measured mine-specific costs
Random Forest,0.89000000000000001,1,0,725,50,0.93556701030927836,1,0.019607843137254902,0.038461538461538464,0,1,0.001288659793814433,0,50,50,2500,3.2216494845360826,hypothetical; not empirically measured mine-specific costs
Random Forest,0.90000000000000002,1,0,725,50,0.93556701030927836,1,0.019607843137254902,0.038461538461538464,0,1,0.001288659793814433,0,50,50,2500,3.2216494845360826,hypothetical; not empirically measured mine-specific costs
Random Forest,0.91000000000000003,1,0,725,50,0.93556701030927836,1,0.019607843137254902,0.038461538461538464,0,1,0.001288659793814433,0,50,50,2500,3.2216494845360826,hypothetical; not empirically measured mine-specific costs
Random Forest,0.92000000000000004,1,0,725,50,0.93556701030927836,1,0.019607843137254902,0.038461538461538464,0,1,0.001288659793814433,0,50,50,2500,3.2216494845360826,hypothetical; not empirically measured mine-specific costs
Random Forest,0.93000000000000005,0,0,725,51,0.93427835051546393,0,0,0,0,0,0,0,51,50,2550,3.286082474226804,hypothetical; not empirically measured mine-specific costs
Random Forest,0.93999999999999995,0,0,725,51,0.93427835051546393,0,0,0,0,0,0,0,51,50,2550,3.286082474226804,hypothetical; not empirically measured mine-specific costs
Random Forest,0.94999999999999996,0,0,725,51,0.93427835051546393,0,0,0,0,0,0,0,51,50,2550,3.286082474226804,hypothetical; not empirically measured mine-specific costs
Random Forest,0.95999999999999996,0,0,725,51,0.93427835051546393,0,0,0,0,0,0,0,51,50,2550,3.286082474226804,hypothetical; not empirically measured mine-specific costs
Random Forest,0.96999999999999997,0,0,725,51,0.93427835051546393,0,0,0,0,0,0,0,51,50,2550,3.286082474226804,hypothetical; not empirically measured mine-specific costs
Random Forest,0.97999999999999998,0,0,725,51,0.93427835051546393,0,0,0,0,0,0,0,51,50,2550,3.286082474226804,hypothetical; not empirically measured mine-specific costs
Random Forest,0.98999999999999999,0,0,725,51,0.93427835051546393,0,0,0,0,0,0,0,51,50,2550,3.286082474226804,hypothetical; not empirically measured mine-specific costs
Gradient Boosting,0.01,51,725,0,0,0.065721649484536085,0.065721649484536085,1,0.12333736396614269,1,776,1,725,0,50,725,0.93427835051546393,hypothetical; not empirically measured mine-specific costs
Gradient Boosting,0.02,51,723,2,0,0.068298969072164942,0.06589147286821706,1,0.12363636363636364,0.99724137931034484,774,0.99742268041237114,723,0,50,723,0.93170103092783507,hypothetical; not empirically measured mine-specific costs
Gradient Boosting,0.029999999999999999,51,706,19,0,0.090206185567010308,0.067371202113606338,1,0.12623762376237624,0.97379310344827585,757,0.97551546391752575,706,0,50,706,0.90979381443298968,hypothetical; not empirically measured mine-specific costs
Gradient Boosting,0.040000000000000001,51,679,46,0,0.125,0.069863013698630141,1,0.13060179257362356,0.93655172413793109,730,0.94072164948453607,679,0,50,679,0.875,hypothetical; not empirically measured mine-specific costs
Gradient Boosting,0.050000000000000003,51,657,68,0,0.15335051546391754,0.072033898305084748,1,0.13438735177865613,0.90620689655172415,708,0.91237113402061853,657,0,50,657,0.84664948453608246,hypothetical; not empirically measured mine-specific costs
Gradient Boosting,0.059999999999999998,51,641,84,0,0.17396907216494845,0.073699421965317924,1,0.13728129205921938,0.88413793103448279,692,0.89175257731958768,641,0,50,641,0.8260309278350515,hypothetical; not empirically measured mine-specific costs
Gradient Boosting,0.070000000000000007,50,627,98,1,0.19072164948453607,0.073855243722304287,0.98039215686274506,0.13736263736263737,0.86482758620689659,677,0.87242268041237114,627,1,50,677,0.87242268041237114,hypothetical; not empirically measured mine-specific costs
Gradient Boosting,0.080000000000000002,50,617,108,1,0.20360824742268041,0.074962518740629688,0.98039215686274506,0.1392757660167131,0.8510344827586207,667,0.85953608247422686,617,1,50,667,0.85953608247422686,hypothetical; not empirically measured mine-specific costs
Gradient Boosting,0.089999999999999997,49,602,123,2,0.22164948453608246,0.075268817204301078,0.96078431372549022,0.1396011396011396,0.83034482758620687,651,0.83891752577319589,602,2,50,702,0.90463917525773196,hypothetical; not empirically measured mine-specific costs
Gradient Boosting,0.10000000000000001,47,569,156,4,0.26159793814432991,0.076298701298701296,0.92156862745098034,0.1409295352323838,0.78482758620689652,616,0.79381443298969068,569,4,50,769,0.990979381443299,hypothetical; not empirically measured mine-specific costs
Gradient Boosting,0.11,47,531,194,4,0.31056701030927836,0.081314878892733561,0.92156862745098034,0.1494435612082671,0.73241379310344823,578,0.74484536082474229,531,4,50,731,0.9420103092783505,hypothetical; not empirically measured mine-specific costs
Gradient Boosting,0.12,46,500,225,5,0.34922680412371132,0.084249084249084255,0.90196078431372551,0.1541038525963149,0.68965517241379315,546,0.70360824742268047,500,5,50,750,0.96649484536082475,hypothetical; not empirically measured mine-specific costs
Gradient Boosting,0.13,46,466,259,5,0.39304123711340205,0.08984375,0.90196078431372551,0.16341030195381884,0.64275862068965517,512,0.65979381443298968,466,5,50,716,0.92268041237113407,hypothetical; not empirically measured mine-specific costs
Gradient Boosting,0.14000000000000001,46,441,284,5,0.42525773195876287,0.094455852156057493,0.90196078431372551,0.17100371747211895,0.60827586206896556,487,0.62757731958762886,441,5,50,691,0.89046391752577314,hypothetical; not empirically measured mine-specific costs
Gradient Boosting,0.14999999999999999,45,413,312,6,0.46005154639175255,0.098253275109170299,0.88235294117647056,0.17681728880157171,0.56965517241379315,458,0.59020618556701032,413,6,50,713,0.91881443298969068,hypothetical; not empirically measured mine-specific costs
Gradient Boosting,0.16,43,390,335,8,0.48711340206185566,0.099307159353348731,0.84313725490196079,0.17768595041322313,0.53793103448275859,433,0.5579896907216495,390,8,50,790,1.018041237113402,hypothetical; not empirically measured mine-specific costs
Gradient Boosting,0.17000000000000001,41,367,358,10,0.51417525773195871,0.10049019607843138,0.80392156862745101,0.1786492374727669,0.50620689655172413,408,0.52577319587628868,367,10,50,867,1.1172680412371134,hypothetical; not empirically measured mine-specific costs
Gradient Boosting,0.17999999999999999,41,347,378,10,0.53994845360824739,0.1056701030927835,0.80392156862745101,0.18678815489749431,0.4786206896551724,388,0.5,347,10,50,847,1.0914948453608246,hypothetical; not empirically measured mine-specific costs
Gradient Boosting,0.19,39,331,394,12,0.5579896907216495,0.10540540540540541,0.76470588235294112,0.18527315914489312,0.45655172413793105,370,0.47680412371134023,331,12,50,931,1.1997422680412371,hypothetical; not empirically measured mine-specific costs
Gradient Boosting,0.20000000000000001,38,308,417,13,0.58634020618556704,0.10982658959537572,0.74509803921568629,0.19143576826196473,0.42482758620689653,346,0.44587628865979384,308,13,50,958,1.2345360824742269,hypothetical; not empirically measured mine-specific costs
Gradient Boosting,0.20999999999999999,38,291,434,13,0.60824742268041232,0.11550151975683891,0.74509803921568629,0.20000000000000001,0.4013793103448276,329,0.42396907216494845,291,13,50,941,1.2126288659793814,hypothetical; not empirically measured mine-specific costs
Gradient Boosting,0.22,38,274,451,13,0.63015463917525771,0.12179487179487179,0.74509803921568629,0.20936639118457301,0.37793103448275861,312,0.40206185567010311,274,13,50,924,1.1907216494845361,hypothetical; not empirically measured mine-specific costs
Gradient Boosting,0.23000000000000001,37,264,461,14,0.64175257731958768,0.12292358803986711,0.72549019607843135,0.21022727272727273,0.36413793103448278,301,0.38788659793814434,264,14,50,964,1.2422680412371134,hypothetical; not empirically measured mine-specific costs
Gradient Boosting,0.23999999999999999,37,251,474,14,0.65850515463917525,0.12847222222222221,0.72549019607843135,0.21828908554572271,0.34620689655172415,288,0.37113402061855671,251,14,50,951,1.2255154639175259,hypothetical; not empirically measured mine-specific costs
Gradient Boosting,0.25,37,240,485,14,0.67268041237113407,0.13357400722021662,0.72549019607843135,0.22560975609756098,0.33103448275862069,277,0.35695876288659795,240,14,50,940,1.2113402061855669,hypothetical; not empirically measured mine-specific costs
Gradient Boosting,0.26000000000000001,37,233,492,14,0.68170103092783507,0.13703703703703704,0.72549019607843135,0.23052959501557632,0.32137931034482758,270,0.34793814432989689,233,14,50,933,1.2023195876288659,hypothetical; not empirically measured mine-specific costs
Gradient Boosting,0.27000000000000002,36,223,502,15,0.69329896907216493,0.138996138996139,0.70588235294117652,0.23225806451612904,0.30758620689655175,259,0.33376288659793812,223,15,50,973,1.2538659793814433,hypothetical; not empirically measured mine-specific costs
Gradient Boosting,0.28000000000000003,35,212,513,16,0.70618556701030932,0.1417004048582996,0.68627450980392157,0.2348993288590604,0.29241379310344828,247,0.31829896907216493,212,16,50,1012,1.3041237113402062,hypothetical; not empirically measured mine-specific costs
Gradient Boosting,0.28999999999999998,35,200,525,16,0.72164948453608246,0.14893617021276595,0.68627450980392157,0.24475524475524477,0.27586206896551724,235,0.30283505154639173,200,16,50,1000,1.2886597938144331,hypothetical; not empirically measured mine-specific costs
Gradient Boosting,0.29999999999999999,34,194,531,17,0.72809278350515461,0.14912280701754385,0.66666666666666663,0.24372759856630824,0.26758620689655171,228,0.29381443298969073,194,17,50,1044,1.3453608247422681,hypothetical; not empirically measured mine-specific costs
Gradient Boosting,0.31,32,186,539,19,0.73582474226804129,0.14678899082568808,0.62745098039215685,0.23791821561338289,0.25655172413793104,218,0.28092783505154639,186,19,50,1136,1.4639175257731958,hypothetical; not empirically measured mine-specific costs
Gradient Boosting,0.32000000000000001,31,178,547,20,0.74484536082474229,0.14832535885167464,0.60784313725490191,0.23846153846153847,0.24551724137931036,209,0.26932989690721648,178,20,50,1178,1.518041237113402,hypothetical; not empirically measured mine-specific costs
Gradient Boosting,0.33000000000000002,30,171,554,21,0.75257731958762886,0.14925373134328357,0.58823529411764708,0.23809523809523808,0.23586206896551723,201,0.25902061855670105,171,21,50,1221,1.5734536082474226,hypothetical; not empirically measured mine-specific costs
Gradient Boosting,0.34000000000000002,30,161,564,21,0.76546391752577314,0.15706806282722513,0.58823529411764708,0.24793388429752067,0.22206896551724137,191,0.24613402061855671,161,21,50,1211,1.5605670103092784,hypothetical; not empirically measured mine-specific costs
Gradient Boosting,0.34999999999999998,29,158,567,22,0.76804123711340211,0.15508021390374332,0.56862745098039214,0.24369747899159663,0.21793103448275863,187,0.24097938144329897,158,22,50,1258,1.6211340206185567,hypothetical; not empirically measured mine-specific costs
Gradient Boosting,0.35999999999999999,29,146,579,22,0.78350515463917525,0.1657142857142857,0.56862745098039214,0.25663716814159293,0.20137931034482759,175,0.22551546391752578,146,22,50,1246,1.6056701030927836,hypothetical; not empirically measured mine-specific costs
Gradient Boosting,0.37,27,139,586,24,0.78994845360824739,0.16265060240963855,0.52941176470588236,0.24884792626728111,0.19172413793103449,166,0.21391752577319587,139,24,50,1339,1.7255154639175259,hypothetical; not empirically measured mine-specific costs
Gradient Boosting,0.38,27,132,593,24,0.7989690721649485,0.16981132075471697,0.52941176470588236,0.25714285714285712,0.18206896551724139,159,0.20489690721649484,132,24,50,1332,1.7164948453608246,hypothetical; not empirically measured mine-specific costs
Gradient Boosting,0.39000000000000001,27,126,599,24,0.80670103092783507,0.17647058823529413,0.52941176470588236,0.26470588235294118,0.17379310344827587,153,0.19716494845360824,126,24,50,1326,1.7087628865979381,hypothetical; not empirically measured mine-specific costs
Gradient Boosting,0.40000000000000002,26,118,607,25,0.81572164948453607,0.18055555555555555,0.50980392156862742,0.26666666666666666,0.16275862068965516,144,0.18556701030927836,118,25,50,1368,1.7628865979381443,hypothetical; not empirically measured mine-specific costs
Gradient Boosting,0.40999999999999998,24,113,612,27,0.81958762886597936,0.17518248175182483,0.47058823529411764,0.25531914893617019,0.15586206896551724,137,0.17654639175257733,113,27,50,1463,1.8853092783505154,hypothetical; not empirically measured mine-specific costs
Gradient Boosting,0.41999999999999998,24,108,617,27,0.8260309278350515,0.18181818181818182,0.47058823529411764,0.26229508196721313,0.1489655172413793,132,0.17010309278350516,108,27,50,1458,1.8788659793814433,hypothetical; not empirically measured mine-specific costs
Gradient Boosting,0.42999999999999999,24,106,619,27,0.82860824742268047,0.18461538461538463,0.47058823529411764,0.26519337016574585,0.14620689655172414,130,0.16752577319587628,106,27,50,1456,1.8762886597938144,hypothetical; not empirically measured mine-specific costs
Gradient Boosting,0.44,22,104,621,29,0.82860824742268047,0.17460317460317459,0.43137254901960786,0.24858757062146894,0.14344827586206896,126,0.16237113402061856,104,29,50,1554,2.0025773195876289,hypothetical; not empirically measured mine-specific costs
Gradient Boosting,0.45000000000000001,21,102,623,30,0.82989690721649489,0.17073170731707318,0.41176470588235292,0.2413793103448276,0.1406896551724138,123,0.15850515463917525,102,30,50,1602,2.0644329896907219,hypothetical; not empirically measured mine-specific costs
Gradient Boosting,0.46000000000000002,21,99,626,30,0.83376288659793818,0.17499999999999999,0.41176470588235292,0.24561403508771928,0.13655172413793104,120,0.15463917525773196,99,30,50,1599,2.0605670103092781,hypothetical; not empirically measured mine-specific costs
Gradient Boosting,0.46999999999999997,21,94,631,30,0.84020618556701032,0.18260869565217391,0.41176470588235292,0.25301204819277107,0.1296551724137931,115,0.14819587628865979,94,30,50,1594,2.054123711340206,hypothetical; not empirically measured mine-specific costs
Gradient Boosting,0.47999999999999998,21,87,638,30,0.84922680412371132,0.19444444444444445,0.41176470588235292,0.26415094339622641,0.12,108,0.13917525773195877,87,30,50,1587,2.045103092783505,hypothetical; not empirically measured mine-specific costs
Gradient Boosting,0.48999999999999999,21,84,641,30,0.85309278350515461,0.20000000000000001,0.41176470588235292,0.26923076923076922,0.11586206896551725,105,0.13530927835051546,84,30,50,1584,2.0412371134020617,hypothetical; not empirically measured mine-specific costs
Gradient Boosting,0.5,21,83,642,30,0.85438144329896903,0.20192307692307693,0.41176470588235292,0.2709677419354839,0.11448275862068966,104,0.13402061855670103,83,30,50,1583,2.0399484536082473,hypothetical; not empirically measured mine-specific costs
Gradient Boosting,0.51000000000000001,20,81,644,31,0.85567010309278346,0.19801980198019803,0.39215686274509803,0.26315789473684209,0.11172413793103449,101,0.13015463917525774,81,31,50,1631,2.1018041237113403,hypothetical; not empirically measured mine-specific costs
Gradient Boosting,0.52000000000000002,20,74,651,31,0.86469072164948457,0.21276595744680851,0.39215686274509803,0.27586206896551724,0.10206896551724139,94,0.1211340206185567,74,31,50,1624,2.0927835051546393,hypothetical; not empirically measured mine-specific costs
Gradient Boosting,0.53000000000000003,20,71,654,31,0.86855670103092786,0.21978021978021978,0.39215686274509803,0.28169014084507044,0.097931034482758625,91,0.1172680412371134,71,31,50,1621,2.088917525773196,hypothetical; not empirically measured mine-specific costs
Gradient Boosting,0.54000000000000004,19,68,657,32,0.87113402061855671,0.21839080459770116,0.37254901960784315,0.27536231884057971,0.093793103448275864,87,0.11211340206185567,68,32,50,1668,2.1494845360824741,hypothetical; not empirically measured mine-specific costs
Gradient Boosting,0.55000000000000004,19,65,660,32,0.875,0.22619047619047619,0.37254901960784315,0.2814814814814815,0.089655172413793102,84,0.10824742268041238,65,32,50,1665,2.1456185567010309,hypothetical; not empirically measured mine-specific costs
Gradient Boosting,0.56000000000000005,18,63,662,33,0.87628865979381443,0.22222222222222221,0.35294117647058826,0.27272727272727271,0.086896551724137933,81,0.10438144329896908,63,33,50,1713,2.2074742268041239,hypothetical; not empirically measured mine-specific costs
Gradient Boosting,0.56999999999999995,18,60,665,33,0.88015463917525771,0.23076923076923078,0.35294117647058826,0.27906976744186046,0.082758620689655171,78,0.10051546391752578,60,33,50,1710,2.2036082474226806,hypothetical; not empirically measured mine-specific costs
Gradient Boosting,0.57999999999999996,18,60,665,33,0.88015463917525771,0.23076923076923078,0.35294117647058826,0.27906976744186046,0.082758620689655171,78,0.10051546391752578,60,33,50,1710,2.2036082474226806,hypothetical; not empirically measured mine-specific costs
Gradient Boosting,0.58999999999999997,18,56,669,33,0.88530927835051543,0.24324324324324326,0.35294117647058826,0.28799999999999998,0.077241379310344832,74,0.095360824742268036,56,33,50,1706,2.1984536082474229,hypothetical; not empirically measured mine-specific costs
Gradient Boosting,0.59999999999999998,18,51,674,33,0.89175257731958768,0.2608695652173913,0.35294117647058826,0.29999999999999999,0.070344827586206901,69,0.08891752577319588,51,33,50,1701,2.1920103092783507,hypothetical; not empirically measured mine-specific costs
Gradient Boosting,0.60999999999999999,17,50,675,34,0.89175257731958768,0.2537313432835821,0.33333333333333331,0.28813559322033899,0.068965517241379309,67,0.086340206185567009,50,34,50,1750,2.2551546391752577,hypothetical; not empirically measured mine-specific costs
Gradient Boosting,0.62,17,48,677,34,0.89432989690721654,0.26153846153846155,0.33333333333333331,0.29310344827586204,0.06620689655172414,65,0.083762886597938138,48,34,50,1748,2.2525773195876289,hypothetical; not empirically measured mine-specific costs
Gradient Boosting,0.63,17,47,678,34,0.89561855670103097,0.265625,0.33333333333333331,0.29565217391304349,0.064827586206896548,64,0.08247422680412371,47,34,50,1747,2.2512886597938144,hypothetical; not empirically measured mine-specific costs
Gradient Boosting,0.64000000000000001,17,45,680,34,0.89819587628865982,0.27419354838709675,0.33333333333333331,0.30088495575221241,0.062068965517241378,62,0.079896907216494839,45,34,50,1745,2.2487113402061856,hypothetical; not empirically measured mine-specific costs
Gradient Boosting,0.65000000000000002,16,44,681,35,0.89819587628865982,0.26666666666666666,0.31372549019607843,0.28828828828828829,0.060689655172413794,60,0.077319587628865982,44,35,50,1794,2.3118556701030926,hypothetical; not empirically measured mine-specific costs
Gradient Boosting,0.66000000000000003,16,42,683,35,0.90077319587628868,0.27586206896551724,0.31372549019607843,0.29357798165137616,0.057931034482758624,58,0.074742268041237112,42,35,50,1792,2.3092783505154637,hypothetical; not empirically measured mine-specific costs
Gradient Boosting,0.67000000000000004,15,40,685,36,0.90206185567010311,0.27272727272727271,0.29411764705882354,0.28301886792452829,0.055172413793103448,55,0.070876288659793812,40,36,50,1840,2.3711340206185567,hypothetical; not empirically measured mine-specific costs
Gradient Boosting,0.68000000000000005,15,35,690,36,0.90850515463917525,0.29999999999999999,0.29411764705882354,0.29702970297029702,0.048275862068965517,50,0.064432989690721643,35,36,50,1835,2.3646907216494846,hypothetical; not empirically measured mine-specific costs
Gradient Boosting,0.68999999999999995,15,34,691,36,0.90979381443298968,0.30612244897959184,0.29411764705882354,0.29999999999999999,0.046896551724137932,49,0.063144329896907214,34,36,50,1834,2.3634020618556701,hypothetical; not empirically measured mine-specific costs
Gradient Boosting,0.69999999999999996,15,34,691,36,0.90979381443298968,0.30612244897959184,0.29411764705882354,0.29999999999999999,0.046896551724137932,49,0.063144329896907214,34,36,50,1834,2.3634020618556701,hypothetical; not empirically measured mine-specific costs
Gradient Boosting,0.70999999999999996,15,31,694,36,0.91365979381443296,0.32608695652173914,0.29411764705882354,0.30927835051546393,0.04275862068965517,46,0.059278350515463915,31,36,50,1831,2.3595360824742269,hypothetical; not empirically measured mine-specific costs
Gradient Boosting,0.71999999999999997,15,26,699,36,0.92010309278350511,0.36585365853658536,0.29411764705882354,0.32608695652173914,0.035862068965517239,41,0.052835051546391752,26,36,50,1826,2.3530927835051547,hypothetical; not empirically measured mine-specific costs
Gradient Boosting,0.72999999999999998,15,25,700,36,0.92139175257731953,0.375,0.29411764705882354,0.32967032967032966,0.034482758620689655,40,0.051546391752577317,25,36,50,1825,2.3518041237113403,hypothetical; not empirically measured mine-specific costs
Gradient Boosting,0.73999999999999999,15,23,702,36,0.9239690721649485,0.39473684210526316,0.29411764705882354,0.33707865168539325,0.031724137931034485,38,0.048969072164948453,23,36,50,1823,2.3492268041237114,hypothetical; not empirically measured mine-specific costs
Gradient Boosting,0.75,15,22,703,36,0.92525773195876293,0.40540540540540543,0.29411764705882354,0.34090909090909088,0.030344827586206897,37,0.047680412371134018,22,36,50,1822,2.347938144329897,hypothetical; not empirically measured mine-specific costs
Gradient Boosting,0.76000000000000001,12,19,706,39,0.92525773195876293,0.38709677419354838,0.23529411764705882,0.29268292682926828,0.026206896551724139,31,0.03994845360824742,19,39,50,1969,2.5373711340206184,hypothetical; not empirically measured mine-specific costs
Gradient Boosting,0.77000000000000002,12,16,709,39,0.92912371134020622,0.42857142857142855,0.23529411764705882,0.30379746835443039,0.022068965517241378,28,0.03608247422680412,16,39,50,1966,2.5335051546391751,hypothetical; not empirically measured mine-specific costs
Gradient Boosting,0.78000000000000003,11,14,711,40,0.93041237113402064,0.44,0.21568627450980393,0.28947368421052633,0.019310344827586208,25,0.032216494845360821,14,40,50,2014,2.5953608247422681,hypothetical; not empirically measured mine-specific costs
Gradient Boosting,0.79000000000000004,10,12,713,41,0.93170103092783507,0.45454545454545453,0.19607843137254902,0.27397260273972601,0.016551724137931035,22,0.028350515463917526,12,41,50,2062,2.6572164948453607,hypothetical; not empirically measured mine-specific costs
Gradient Boosting,0.80000000000000004,8,10,715,43,0.93170103092783507,0.44444444444444442,0.15686274509803921,0.2318840579710145,0.013793103448275862,18,0.023195876288659795,10,43,50,2160,2.7835051546391751,hypothetical; not empirically measured mine-specific costs
Gradient Boosting,0.81000000000000005,6,8,717,45,0.93170103092783507,0.42857142857142855,0.11764705882352941,0.18461538461538463,0.011034482758620689,14,0.01804123711340206,8,45,50,2258,2.9097938144329896,hypothetical; not empirically measured mine-specific costs
Gradient Boosting,0.81999999999999995,6,5,720,45,0.93556701030927836,0.54545454545454541,0.11764705882352941,0.19354838709677419,0.0068965517241379309,11,0.014175257731958763,5,45,50,2255,2.9059278350515463,hypothetical; not empirically measured mine-specific costs
Gradient Boosting,0.82999999999999996,5,5,720,46,0.93427835051546393,0.5,0.098039215686274508,0.16393442622950818,0.0068965517241379309,10,0.012886597938144329,5,46,50,2305,2.9703608247422681,hypothetical; not empirically measured mine-specific costs
Gradient Boosting,0.83999999999999997,5,4,721,46,0.93556701030927836,0.55555555555555558,0.098039215686274508,0.16666666666666666,0.0055172413793103444,9,0.011597938144329897,4,46,50,2304,2.9690721649484537,hypothetical; not empirically measured mine-specific costs
Gradient Boosting,0.84999999999999998,3,3,722,48,0.93427835051546393,0.5,0.058823529411764705,0.10526315789473684,0.0041379310344827587,6,0.0077319587628865982,3,48,50,2403,3.0966494845360826,hypothetical; not empirically measured mine-specific costs
Gradient Boosting,0.85999999999999999,2,3,722,49,0.9329896907216495,0.40000000000000002,0.039215686274509803,0.071428571428571425,0.0041379310344827587,5,0.0064432989690721646,3,49,50,2453,3.161082474226804,hypothetical; not empirically measured mine-specific costs
Gradient Boosting,0.87,2,2,723,49,0.93427835051546393,0.5,0.039215686274509803,0.072727272727272724,0.0027586206896551722,4,0.0051546391752577319,2,49,50,2452,3.1597938144329896,hypothetical; not empirically measured mine-specific costs
Gradient Boosting,0.88,2,1,724,49,0.93556701030927836,0.66666666666666663,0.039215686274509803,0.07407407407407407,0.0013793103448275861,3,0.0038659793814432991,1,49,50,2451,3.1585051546391751,hypothetical; not empirically measured mine-specific costs
Gradient Boosting,0.89000000000000001,1,1,724,50,0.93427835051546393,0.5,0.019607843137254902,0.037735849056603772,0.0013793103448275861,2,0.0025773195876288659,1,50,50,2501,3.222938144329897,hypothetical; not empirically measured mine-specific costs
Gradient Boosting,0.90000000000000002,0,0,725,51,0.93427835051546393,0,0,0,0,0,0,0,51,50,2550,3.286082474226804,hypothetical; not empirically measured mine-specific costs
Gradient Boosting,0.91000000000000003,0,0,725,51,0.93427835051546393,0,0,0,0,0,0,0,51,50,2550,3.286082474226804,hypothetical; not empirically measured mine-specific costs
Gradient Boosting,0.92000000000000004,0,0,725,51,0.93427835051546393,0,0,0,0,0,0,0,51,50,2550,3.286082474226804,hypothetical; not empirically measured mine-specific costs
Gradient Boosting,0.93000000000000005,0,0,725,51,0.93427835051546393,0,0,0,0,0,0,0,51,50,2550,3.286082474226804,hypothetical; not empirically measured mine-specific costs
Gradient Boosting,0.93999999999999995,0,0,725,51,0.93427835051546393,0,0,0,0,0,0,0,51,50,2550,3.286082474226804,hypothetical; not empirically measured mine-specific costs
Gradient Boosting,0.94999999999999996,0,0,725,51,0.93427835051546393,0,0,0,0,0,0,0,51,50,2550,3.286082474226804,hypothetical; not empirically measured mine-specific costs
Gradient Boosting,0.95999999999999996,0,0,725,51,0.93427835051546393,0,0,0,0,0,0,0,51,50,2550,3.286082474226804,hypothetical; not empirically measured mine-specific costs
Gradient Boosting,0.96999999999999997,0,0,725,51,0.93427835051546393,0,0,0,0,0,0,0,51,50,2550,3.286082474226804,hypothetical; not empirically measured mine-specific costs
Gradient Boosting,0.97999999999999998,0,0,725,51,0.93427835051546393,0,0,0,0,0,0,0,51,50,2550,3.286082474226804,hypothetical; not empirically measured mine-specific costs
Gradient Boosting,0.98999999999999999,0,0,725,51,0.93427835051546393,0,0,0,0,0,0,0,51,50,2550,3.286082474226804,hypothetical; not empirically measured mine-specific costs
SVM,0.01,51,725,0,0,0.065721649484536085,0.065721649484536085,1,0.12333736396614269,1,776,1,725,0,50,725,0.93427835051546393,hypothetical; not empirically measured mine-specific costs
SVM,0.02,51,724,1,0,0.067010309278350513,0.06580645161290323,1,0.12348668280871671,0.99862068965517237,775,0.99871134020618557,724,0,50,724,0.9329896907216495,hypothetical; not empirically measured mine-specific costs
SVM,0.029999999999999999,51,714,11,0,0.079896907216494839,0.066666666666666666,1,0.125,0.98482758620689659,765,0.98582474226804129,714,0,50,714,0.92010309278350511,hypothetical; not empirically measured mine-specific costs
SVM,0.040000000000000001,41,418,307,10,0.4484536082474227,0.089324618736383449,0.80392156862745101,0.16078431372549021,0.57655172413793099,459,0.59149484536082475,418,10,50,918,1.1829896907216495,hypothetical; not empirically measured mine-specific costs
SVM,0.050000000000000003,31,240,485,20,0.66494845360824739,0.11439114391143912,0.60784313725490191,0.19254658385093168,0.33103448275862069,271,0.34922680412371132,240,20,50,1240,1.597938144329897,hypothetical; not empirically measured mine-specific costs
SVM,0.059999999999999998,29,187,538,22,0.73067010309278346,0.13425925925925927,0.56862745098039214,0.21722846441947566,0.25793103448275861,216,0.27835051546391754,187,22,50,1287,1.6585051546391754,hypothetical; not empirically measured mine-specific costs
SVM,0.070000000000000007,25,148,577,26,0.77577319587628868,0.14450867052023122,0.49019607843137253,0.22321428571428573,0.20413793103448277,173,0.22293814432989692,148,26,50,1448,1.865979381443299,hypothetical; not empirically measured mine-specific costs
SVM,0.080000000000000002,20,125,600,31,0.7989690721649485,0.13793103448275862,0.39215686274509803,0.20408163265306123,0.17241379310344829,145,0.18685567010309279,125,31,50,1675,2.1585051546391751,hypothetical; not empirically measured mine-specific costs
SVM,0.089999999999999997,19,103,622,32,0.8260309278350515,0.15573770491803279,0.37254901960784315,0.21965317919075145,0.14206896551724138,122,0.15721649484536082,103,32,50,1703,2.1945876288659796,hypothetical; not empirically measured mine-specific costs
SVM,0.10000000000000001,18,80,645,33,0.85438144329896903,0.18367346938775511,0.35294117647058826,0.24161073825503357,0.1103448275862069,98,0.12628865979381443,80,33,50,1730,2.2293814432989691,hypothetical; not empirically measured mine-specific costs
SVM,0.11,17,73,652,34,0.86211340206185572,0.18888888888888888,0.33333333333333331,0.24113475177304963,0.10068965517241379,90,0.11597938144329897,73,34,50,1773,2.2847938144329896,hypothetical; not empirically measured mine-specific costs
SVM,0.12,17,62,663,34,0.87628865979381443,0.21518987341772153,0.33333333333333331,0.26153846153846155,0.085517241379310341,79,0.10180412371134021,62,34,50,1762,2.2706185567010309,hypothetical; not empirically measured mine-specific costs
SVM,0.13,16,58,667,35,0.88015463917525771,0.21621621621621623,0.31372549019607843,0.25600000000000001,0.080000000000000002,74,0.095360824742268036,58,35,50,1808,2.329896907216495,hypothetical; not empirically measured mine-specific costs
SVM,0.14000000000000001,16,53,672,35,0.88659793814432986,0.2318840579710145,0.31372549019607843,0.26666666666666666,0.073103448275862071,69,0.08891752577319588,53,35,50,1803,2.3234536082474229,hypothetical; not empirically measured mine-specific costs
SVM,0.14999999999999999,15,45,680,36,0.89561855670103097,0.25,0.29411764705882354,0.27027027027027029,0.062068965517241378,60,0.077319587628865982,45,36,50,1845,2.3775773195876289,hypothetical; not empirically measured mine-specific costs
SVM,0.16,12,38,687,39,0.90077319587628868,0.23999999999999999,0.23529411764705882,0.23762376237623761,0.052413793103448278,50,0.064432989690721643,38,39,50,1988,2.5618556701030926,hypothetical; not empirically measured mine-specific costs
SVM,0.17000000000000001,10,33,692,41,0.90463917525773196,0.23255813953488372,0.19607843137254902,0.21276595744680851,0.045517241379310347,43,0.055412371134020616,33,41,50,2083,2.6842783505154637,hypothetical; not empirically measured mine-specific costs
SVM,0.17999999999999999,10,26,699,41,0.91365979381443296,0.27777777777777779,0.19607843137254902,0.22988505747126436,0.035862068965517239,36,0.046391752577319589,26,41,50,2076,2.6752577319587627,hypothetical; not empirically measured mine-specific costs
SVM,0.19,8,21,704,43,0.91752577319587625,0.27586206896551724,0.15686274509803921,0.20000000000000001,0.028965517241379312,29,0.037371134020618556,21,43,50,2171,2.7976804123711339,hypothetical; not empirically measured mine-specific costs
SVM,0.20000000000000001,5,17,708,46,0.91881443298969068,0.22727272727272727,0.098039215686274508,0.13698630136986301,0.023448275862068966,22,0.028350515463917526,17,46,50,2317,2.9858247422680413,hypothetical; not empirically measured mine-specific costs
SVM,0.20999999999999999,4,13,712,47,0.92268041237113407,0.23529411764705882,0.078431372549019607,0.11764705882352941,0.01793103448275862,17,0.021907216494845359,13,47,50,2363,3.045103092783505,hypothetical; not empirically measured mine-specific costs
SVM,0.22,4,11,714,47,0.92525773195876293,0.26666666666666666,0.078431372549019607,0.12121212121212122,0.015172413793103448,15,0.019329896907216496,11,47,50,2361,3.0425257731958761,hypothetical; not empirically measured mine-specific costs
SVM,0.23000000000000001,3,6,719,48,0.93041237113402064,0.33333333333333331,0.058823529411764705,0.10000000000000001,0.0082758620689655175,9,0.011597938144329897,6,48,50,2406,3.1005154639175259,hypothetical; not empirically measured mine-specific costs
SVM,0.23999999999999999,1,4,721,50,0.93041237113402064,0.20000000000000001,0.019607843137254902,0.035714285714285712,0.0055172413793103444,5,0.0064432989690721646,4,50,50,2504,3.2268041237113403,hypothetical; not empirically measured mine-specific costs
SVM,0.25,1,3,722,50,0.93170103092783507,0.25,0.019607843137254902,0.036363636363636362,0.0041379310344827587,4,0.0051546391752577319,3,50,50,2503,3.2255154639175259,hypothetical; not empirically measured mine-specific costs
SVM,0.26000000000000001,1,2,723,50,0.9329896907216495,0.33333333333333331,0.019607843137254902,0.037037037037037035,0.0027586206896551722,3,0.0038659793814432991,2,50,50,2502,3.2242268041237114,hypothetical; not empirically measured mine-specific costs
SVM,0.27000000000000002,0,1,724,51,0.9329896907216495,0,0,0,0.0013793103448275861,1,0.001288659793814433,1,51,50,2551,3.2873711340206184,hypothetical; not empirically measured mine-specific costs
SVM,0.28000000000000003,0,0,725,51,0.93427835051546393,0,0,0,0,0,0,0,51,50,2550,3.286082474226804,hypothetical; not empirically measured mine-specific costs
SVM,0.28999999999999998,0,0,725,51,0.93427835051546393,0,0,0,0,0,0,0,51,50,2550,3.286082474226804,hypothetical; not empirically measured mine-specific costs
SVM,0.29999999999999999,0,0,725,51,0.93427835051546393,0,0,0,0,0,0,0,51,50,2550,3.286082474226804,hypothetical; not empirically measured mine-specific costs
SVM,0.31,0,0,725,51,0.93427835051546393,0,0,0,0,0,0,0,51,50,2550,3.286082474226804,hypothetical; not empirically measured mine-specific costs
SVM,0.32000000000000001,0,0,725,51,0.93427835051546393,0,0,0,0,0,0,0,51,50,2550,3.286082474226804,hypothetical; not empirically measured mine-specific costs
SVM,0.33000000000000002,0,0,725,51,0.93427835051546393,0,0,0,0,0,0,0,51,50,2550,3.286082474226804,hypothetical; not empirically measured mine-specific costs
SVM,0.34000000000000002,0,0,725,51,0.93427835051546393,0,0,0,0,0,0,0,51,50,2550,3.286082474226804,hypothetical; not empirically measured mine-specific costs
SVM,0.34999999999999998,0,0,725,51,0.93427835051546393,0,0,0,0,0,0,0,51,50,2550,3.286082474226804,hypothetical; not empirically measured mine-specific costs
SVM,0.35999999999999999,0,0,725,51,0.93427835051546393,0,0,0,0,0,0,0,51,50,2550,3.286082474226804,hypothetical; not empirically measured mine-specific costs
SVM,0.37,0,0,725,51,0.93427835051546393,0,0,0,0,0,0,0,51,50,2550,3.286082474226804,hypothetical; not empirically measured mine-specific costs
SVM,0.38,0,0,725,51,0.93427835051546393,0,0,0,0,0,0,0,51,50,2550,3.286082474226804,hypothetical; not empirically measured mine-specific costs
SVM,0.39000000000000001,0,0,725,51,0.93427835051546393,0,0,0,0,0,0,0,51,50,2550,3.286082474226804,hypothetical; not empirically measured mine-specific costs
SVM,0.40000000000000002,0,0,725,51,0.93427835051546393,0,0,0,0,0,0,0,51,50,2550,3.286082474226804,hypothetical; not empirically measured mine-specific costs
SVM,0.40999999999999998,0,0,725,51,0.93427835051546393,0,0,0,0,0,0,0,51,50,2550,3.286082474226804,hypothetical; not empirically measured mine-specific costs
SVM,0.41999999999999998,0,0,725,51,0.93427835051546393,0,0,0,0,0,0,0,51,50,2550,3.286082474226804,hypothetical; not empirically measured mine-specific costs
SVM,0.42999999999999999,0,0,725,51,0.93427835051546393,0,0,0,0,0,0,0,51,50,2550,3.286082474226804,hypothetical; not empirically measured mine-specific costs
SVM,0.44,0,0,725,51,0.93427835051546393,0,0,0,0,0,0,0,51,50,2550,3.286082474226804,hypothetical; not empirically measured mine-specific costs
SVM,0.45000000000000001,0,0,725,51,0.93427835051546393,0,0,0,0,0,0,0,51,50,2550,3.286082474226804,hypothetical; not empirically measured mine-specific costs
SVM,0.46000000000000002,0,0,725,51,0.93427835051546393,0,0,0,0,0,0,0,51,50,2550,3.286082474226804,hypothetical; not empirically measured mine-specific costs
SVM,0.46999999999999997,0,0,725,51,0.93427835051546393,0,0,0,0,0,0,0,51,50,2550,3.286082474226804,hypothetical; not empirically measured mine-specific costs
SVM,0.47999999999999998,0,0,725,51,0.93427835051546393,0,0,0,0,0,0,0,51,50,2550,3.286082474226804,hypothetical; not empirically measured mine-specific costs
SVM,0.48999999999999999,0,0,725,51,0.93427835051546393,0,0,0,0,0,0,0,51,50,2550,3.286082474226804,hypothetical; not empirically measured mine-specific costs
SVM,0.5,0,0,725,51,0.93427835051546393,0,0,0,0,0,0,0,51,50,2550,3.286082474226804,hypothetical; not empirically measured mine-specific costs
SVM,0.51000000000000001,0,0,725,51,0.93427835051546393,0,0,0,0,0,0,0,51,50,2550,3.286082474226804,hypothetical; not empirically measured mine-specific costs
SVM,0.52000000000000002,0,0,725,51,0.93427835051546393,0,0,0,0,0,0,0,51,50,2550,3.286082474226804,hypothetical; not empirically measured mine-specific costs
SVM,0.53000000000000003,0,0,725,51,0.93427835051546393,0,0,0,0,0,0,0,51,50,2550,3.286082474226804,hypothetical; not empirically measured mine-specific costs
SVM,0.54000000000000004,0,0,725,51,0.93427835051546393,0,0,0,0,0,0,0,51,50,2550,3.286082474226804,hypothetical; not empirically measured mine-specific costs
SVM,0.55000000000000004,0,0,725,51,0.93427835051546393,0,0,0,0,0,0,0,51,50,2550,3.286082474226804,hypothetical; not empirically measured mine-specific costs
SVM,0.56000000000000005,0,0,725,51,0.93427835051546393,0,0,0,0,0,0,0,51,50,2550,3.286082474226804,hypothetical; not empirically measured mine-specific costs
SVM,0.56999999999999995,0,0,725,51,0.93427835051546393,0,0,0,0,0,0,0,51,50,2550,3.286082474226804,hypothetical; not empirically measured mine-specific costs
SVM,0.57999999999999996,0,0,725,51,0.93427835051546393,0,0,0,0,0,0,0,51,50,2550,3.286082474226804,hypothetical; not empirically measured mine-specific costs
SVM,0.58999999999999997,0,0,725,51,0.93427835051546393,0,0,0,0,0,0,0,51,50,2550,3.286082474226804,hypothetical; not empirically measured mine-specific costs
SVM,0.59999999999999998,0,0,725,51,0.93427835051546393,0,0,0,0,0,0,0,51,50,2550,3.286082474226804,hypothetical; not empirically measured mine-specific costs
SVM,0.60999999999999999,0,0,725,51,0.93427835051546393,0,0,0,0,0,0,0,51,50,2550,3.286082474226804,hypothetical; not empirically measured mine-specific costs
SVM,0.62,0,0,725,51,0.93427835051546393,0,0,0,0,0,0,0,51,50,2550,3.286082474226804,hypothetical; not empirically measured mine-specific costs
SVM,0.63,0,0,725,51,0.93427835051546393,0,0,0,0,0,0,0,51,50,2550,3.286082474226804,hypothetical; not empirically measured mine-specific costs
SVM,0.64000000000000001,0,0,725,51,0.93427835051546393,0,0,0,0,0,0,0,51,50,2550,3.286082474226804,hypothetical; not empirically measured mine-specific costs
SVM,0.65000000000000002,0,0,725,51,0.93427835051546393,0,0,0,0,0,0,0,51,50,2550,3.286082474226804,hypothetical; not empirically measured mine-specific costs
SVM,0.66000000000000003,0,0,725,51,0.93427835051546393,0,0,0,0,0,0,0,51,50,2550,3.286082474226804,hypothetical; not empirically measured mine-specific costs
SVM,0.67000000000000004,0,0,725,51,0.93427835051546393,0,0,0,0,0,0,0,51,50,2550,3.286082474226804,hypothetical; not empirically measured mine-specific costs
SVM,0.68000000000000005,0,0,725,51,0.93427835051546393,0,0,0,0,0,0,0,51,50,2550,3.286082474226804,hypothetical; not empirically measured mine-specific costs
SVM,0.68999999999999995,0,0,725,51,0.93427835051546393,0,0,0,0,0,0,0,51,50,2550,3.286082474226804,hypothetical; not empirically measured mine-specific costs
SVM,0.69999999999999996,0,0,725,51,0.93427835051546393,0,0,0,0,0,0,0,51,50,2550,3.286082474226804,hypothetical; not empirically measured mine-specific costs
SVM,0.70999999999999996,0,0,725,51,0.93427835051546393,0,0,0,0,0,0,0,51,50,2550,3.286082474226804,hypothetical; not empirically measured mine-specific costs
SVM,0.71999999999999997,0,0,725,51,0.93427835051546393,0,0,0,0,0,0,0,51,50,2550,3.286082474226804,hypothetical; not empirically measured mine-specific costs
SVM,0.72999999999999998,0,0,725,51,0.93427835051546393,0,0,0,0,0,0,0,51,50,2550,3.286082474226804,hypothetical; not empirically measured mine-specific costs
SVM,0.73999999999999999,0,0,725,51,0.93427835051546393,0,0,0,0,0,0,0,51,50,2550,3.286082474226804,hypothetical; not empirically measured mine-specific costs
SVM,0.75,0,0,725,51,0.93427835051546393,0,0,0,0,0,0,0,51,50,2550,3.286082474226804,hypothetical; not empirically measured mine-specific costs
SVM,0.76000000000000001,0,0,725,51,0.93427835051546393,0,0,0,0,0,0,0,51,50,2550,3.286082474226804,hypothetical; not empirically measured mine-specific costs
SVM,0.77000000000000002,0,0,725,51,0.93427835051546393,0,0,0,0,0,0,0,51,50,2550,3.286082474226804,hypothetical; not empirically measured mine-specific costs
SVM,0.78000000000000003,0,0,725,51,0.93427835051546393,0,0,0,0,0,0,0,51,50,2550,3.286082474226804,hypothetical; not empirically measured mine-specific costs
SVM,0.79000000000000004,0,0,725,51,0.93427835051546393,0,0,0,0,0,0,0,51,50,2550,3.286082474226804,hypothetical; not empirically measured mine-specific costs
SVM,0.80000000000000004,0,0,725,51,0.93427835051546393,0,0,0,0,0,0,0,51,50,2550,3.286082474226804,hypothetical; not empirically measured mine-specific costs
SVM,0.81000000000000005,0,0,725,51,0.93427835051546393,0,0,0,0,0,0,0,51,50,2550,3.286082474226804,hypothetical; not empirically measured mine-specific costs
SVM,0.81999999999999995,0,0,725,51,0.93427835051546393,0,0,0,0,0,0,0,51,50,2550,3.286082474226804,hypothetical; not empirically measured mine-specific costs
SVM,0.82999999999999996,0,0,725,51,0.93427835051546393,0,0,0,0,0,0,0,51,50,2550,3.286082474226804,hypothetical; not empirically measured mine-specific costs
SVM,0.83999999999999997,0,0,725,51,0.93427835051546393,0,0,0,0,0,0,0,51,50,2550,3.286082474226804,hypothetical; not empirically measured mine-specific costs
SVM,0.84999999999999998,0,0,725,51,0.93427835051546393,0,0,0,0,0,0,0,51,50,2550,3.286082474226804,hypothetical; not empirically measured mine-specific costs
SVM,0.85999999999999999,0,0,725,51,0.93427835051546393,0,0,0,0,0,0,0,51,50,2550,3.286082474226804,hypothetical; not empirically measured mine-specific costs
SVM,0.87,0,0,725,51,0.93427835051546393,0,0,0,0,0,0,0,51,50,2550,3.286082474226804,hypothetical; not empirically measured mine-specific costs
SVM,0.88,0,0,725,51,0.93427835051546393,0,0,0,0,0,0,0,51,50,2550,3.286082474226804,hypothetical; not empirically measured mine-specific costs
SVM,0.89000000000000001,0,0,725,51,0.93427835051546393,0,0,0,0,0,0,0,51,50,2550,3.286082474226804,hypothetical; not empirically measured mine-specific costs
SVM,0.90000000000000002,0,0,725,51,0.93427835051546393,0,0,0,0,0,0,0,51,50,2550,3.286082474226804,hypothetical; not empirically measured mine-specific costs
SVM,0.91000000000000003,0,0,725,51,0.93427835051546393,0,0,0,0,0,0,0,51,50,2550,3.286082474226804,hypothetical; not empirically measured mine-specific costs
SVM,0.92000000000000004,0,0,725,51,0.93427835051546393,0,0,0,0,0,0,0,51,50,2550,3.286082474226804,hypothetical; not empirically measured mine-specific costs
SVM,0.93000000000000005,0,0,725,51,0.93427835051546393,0,0,0,0,0,0,0,51,50,2550,3.286082474226804,hypothetical; not empirically measured mine-specific costs
SVM,0.93999999999999995,0,0,725,51,0.93427835051546393,0,0,0,0,0,0,0,51,50,2550,3.286082474226804,hypothetical; not empirically measured mine-specific costs
SVM,0.94999999999999996,0,0,725,51,0.93427835051546393,0,0,0,0,0,0,0,51,50,2550,3.286082474226804,hypothetical; not empirically measured mine-specific costs
SVM,0.95999999999999996,0,0,725,51,0.93427835051546393,0,0,0,0,0,0,0,51,50,2550,3.286082474226804,hypothetical; not empirically measured mine-specific costs
SVM,0.96999999999999997,0,0,725,51,0.93427835051546393,0,0,0,0,0,0,0,51,50,2550,3.286082474226804,hypothetical; not empirically measured mine-specific costs
SVM,0.97999999999999998,0,0,725,51,0.93427835051546393,0,0,0,0,0,0,0,51,50,2550,3.286082474226804,hypothetical; not empirically measured mine-specific costs
SVM,0.98999999999999999,0,0,725,51,0.93427835051546393,0,0,0,0,0,0,0,51,50,2550,3.286082474226804,hypothetical; not empirically measured mine-specific costs
Logistic Regression,0.01,51,725,0,0,0.065721649484536085,0.065721649484536085,1,0.12333736396614269,1,776,1,725,0,100,725,0.93427835051546393,hypothetical; not empirically measured mine-specific costs
Logistic Regression,0.02,51,725,0,0,0.065721649484536085,0.065721649484536085,1,0.12333736396614269,1,776,1,725,0,100,725,0.93427835051546393,hypothetical; not empirically measured mine-specific costs
Logistic Regression,0.029999999999999999,51,725,0,0,0.065721649484536085,0.065721649484536085,1,0.12333736396614269,1,776,1,725,0,100,725,0.93427835051546393,hypothetical; not empirically measured mine-specific costs
Logistic Regression,0.040000000000000001,51,725,0,0,0.065721649484536085,0.065721649484536085,1,0.12333736396614269,1,776,1,725,0,100,725,0.93427835051546393,hypothetical; not empirically measured mine-specific costs
Logistic Regression,0.050000000000000003,51,725,0,0,0.065721649484536085,0.065721649484536085,1,0.12333736396614269,1,776,1,725,0,100,725,0.93427835051546393,hypothetical; not empirically measured mine-specific costs
Logistic Regression,0.059999999999999998,51,724,1,0,0.067010309278350513,0.06580645161290323,1,0.12348668280871671,0.99862068965517237,775,0.99871134020618557,724,0,100,724,0.9329896907216495,hypothetical; not empirically measured mine-specific costs
Logistic Regression,0.070000000000000007,51,724,1,0,0.067010309278350513,0.06580645161290323,1,0.12348668280871671,0.99862068965517237,775,0.99871134020618557,724,0,100,724,0.9329896907216495,hypothetical; not empirically measured mine-specific costs
Logistic Regression,0.080000000000000002,51,723,2,0,0.068298969072164942,0.06589147286821706,1,0.12363636363636364,0.99724137931034484,774,0.99742268041237114,723,0,100,723,0.93170103092783507,hypothetical; not empirically measured mine-specific costs
Logistic Regression,0.089999999999999997,51,723,2,0,0.068298969072164942,0.06589147286821706,1,0.12363636363636364,0.99724137931034484,774,0.99742268041237114,723,0,100,723,0.93170103092783507,hypothetical; not empirically measured mine-specific costs
Logistic Regression,0.10000000000000001,51,721,4,0,0.070876288659793812,0.066062176165803108,1,0.12393681652490887,0.99448275862068969,772,0.99484536082474229,721,0,100,721,0.92912371134020622,hypothetical; not empirically measured mine-specific costs
Logistic Regression,0.11,51,718,7,0,0.074742268041237112,0.066319895968790635,1,0.12439024390243902,0.9903448275862069,769,0.990979381443299,718,0,100,718,0.92525773195876293,hypothetical; not empirically measured mine-specific costs
Logistic Regression,0.12,51,717,8,0,0.07603092783505154,0.06640625,1,0.12454212454212454,0.98896551724137927,768,0.98969072164948457,717,0,100,717,0.9239690721649485,hypothetical; not empirically measured mine-specific costs
Logistic Regression,0.13,51,716,9,0,0.077319587628865982,0.066492829204693613,1,0.12469437652811736,0.98758620689655174,767,0.98840206185567014,716,0,100,716,0.92268041237113407,hypothetical; not empirically measured mine-specific costs
Logistic Regression,0.14000000000000001,51,716,9,0,0.077319587628865982,0.066492829204693613,1,0.12469437652811736,0.98758620689655174,767,0.98840206185567014,716,0,100,716,0.92268041237113407,hypothetical; not empirically measured mine-specific costs
Logistic Regression,0.14999999999999999,51,715,10,0,0.078608247422680411,0.066579634464751958,1,0.12484700122399021,0.98620689655172411,766,0.98711340206185572,715,0,100,715,0.92139175257731953,hypothetical; not empirically measured mine-specific costs
Logistic Regression,0.16,51,714,11,0,0.079896907216494839,0.066666666666666666,1,0.125,0.98482758620689659,765,0.98582474226804129,714,0,100,714,0.92010309278350511,hypothetical; not empirically measured mine-specific costs
Logistic Regression,0.17000000000000001,51,706,19,0,0.090206185567010308,0.067371202113606338,1,0.12623762376237624,0.97379310344827585,757,0.97551546391752575,706,0,100,706,0.90979381443298968,hypothetical; not empirically measured mine-specific costs
Logistic Regression,0.17999999999999999,51,671,54,0,0.13530927835051546,0.070637119113573413,1,0.13195342820181113,0.92551724137931035,722,0.93041237113402064,671,0,100,671,0.86469072164948457,hypothetical; not empirically measured mine-specific costs
Logistic Regression,0.19,51,628,97,0,0.19072164948453607,0.07511045655375552,1,0.13972602739726028,0.86620689655172411,679,0.875,628,0,100,628,0.80927835051546393,hypothetical; not empirically measured mine-specific costs
Logistic Regression,0.20000000000000001,51,592,133,0,0.23711340206185566,0.079315707620528766,1,0.14697406340057637,0.81655172413793109,643,0.82860824742268047,592,0,100,592,0.76288659793814428,hypothetical; not empirically measured mine-specific costs
Logistic Regression,0.20999999999999999,51,567,158,0,0.26932989690721648,0.082524271844660199,1,0.15246636771300448,0.78206896551724137,618,0.79639175257731953,567,0,100,567,0.73067010309278346,hypothetical; not empirically measured mine-specific costs
Logistic Regression,0.22,51,558,167,0,0.28092783505154639,0.083743842364532015,1,0.15454545454545454,0.76965517241379311,609,0.78479381443298968,558,0,100,558,0.71907216494845361,hypothetical; not empirically measured mine-specific costs
Logistic Regression,0.23000000000000001,51,543,182,0,0.30025773195876287,0.085858585858585856,1,0.15813953488372093,0.74896551724137927,594,0.76546391752577314,543,0,100,543,0.69974226804123707,hypothetical; not empirically measured mine-specific costs
Logistic Regression,0.23999999999999999,51,527,198,0,0.32087628865979384,0.088235294117647065,1,0.16216216216216217,0.72689655172413792,578,0.74484536082474229,527,0,100,527,0.67912371134020622,hypothetical; not empirically measured mine-specific costs
Logistic Regression,0.25,49,501,224,2,0.35180412371134023,0.089090909090909096,0.96078431372549022,0.16306156405990016,0.69103448275862067,550,0.70876288659793818,501,2,100,701,0.90335051546391754,hypothetical; not empirically measured mine-specific costs
Logistic Regression,0.26000000000000001,49,484,241,2,0.37371134020618557,0.09193245778611632,0.96078431372549022,0.1678082191780822,0.66758620689655168,533,0.68685567010309279,484,2,100,684,0.88144329896907214,hypothetical; not empirically measured mine-specific costs
Logistic Regression,0.27000000000000002,49,467,258,2,0.39561855670103091,0.094961240310077522,0.96078431372549022,0.1728395061728395,0.6441379310344828,516,0.66494845360824739,467,2,100,667,0.85953608247422686,hypothetical; not empirically measured mine-specific costs
Logistic Regression,0.28000000000000003,47,445,280,4,0.42139175257731959,0.095528455284552852,0.92156862745098034,0.17311233885819521,0.61379310344827587,492,0.634020618556701,445,4,100,845,1.0889175257731958,hypothetical; not empirically measured mine-specific costs
Logistic Regression,0.28999999999999998,46,414,311,5,0.46005154639175255,0.10000000000000001,0.90196078431372551,0.18003913894324852,0.57103448275862068,460,0.59278350515463918,414,5,100,914,1.1778350515463918,hypothetical; not empirically measured mine-specific costs
Logistic Regression,0.29999999999999999,45,394,331,6,0.4845360824742268,0.10250569476082004,0.88235294117647056,0.18367346938775511,0.54344827586206901,439,0.56572164948453607,394,6,100,994,1.2809278350515463,hypothetical; not empirically measured mine-specific costs
Logistic Regression,0.31,44,367,358,7,0.51804123711340211,0.1070559610705596,0.86274509803921573,0.19047619047619047,0.50620689655172413,411,0.52963917525773196,367,7,100,1067,1.375,hypothetical; not empirically measured mine-specific costs
Logistic Regression,0.32000000000000001,41,347,378,10,0.53994845360824739,0.1056701030927835,0.80392156862745101,0.18678815489749431,0.4786206896551724,388,0.5,347,10,100,1347,1.7358247422680413,hypothetical; not empirically measured mine-specific costs
Logistic Regression,0.33000000000000002,40,328,397,11,0.56314432989690721,0.10869565217391304,0.78431372549019607,0.1909307875894988,0.45241379310344826,368,0.47422680412371132,328,11,100,1428,1.8402061855670102,hypothetical; not empirically measured mine-specific costs
Logistic Regression,0.34000000000000002,39,312,413,12,0.58247422680412375,0.1111111111111111,0.76470588235294112,0.19402985074626866,0.4303448275862069,351,0.45231958762886598,312,12,100,1512,1.9484536082474226,hypothetical; not empirically measured mine-specific costs
Logistic Regression,0.34999999999999998,38,296,429,13,0.60180412371134018,0.11377245508982035,0.74509803921568629,0.19740259740259741,0.40827586206896554,334,0.43041237113402064,296,13,100,1596,2.0567010309278349,hypothetical; not empirically measured mine-specific costs
Logistic Regression,0.35999999999999999,37,280,445,14,0.62113402061855671,0.1167192429022082,0.72549019607843135,0.20108695652173914,0.38620689655172413,317,0.40850515463917525,280,14,100,1680,2.1649484536082473,hypothetical; not empirically measured mine-specific costs
Logistic Regression,0.37,37,262,463,14,0.64432989690721654,0.12374581939799331,0.72549019607843135,0.21142857142857144,0.36137931034482756,299,0.38530927835051548,262,14,100,1662,2.1417525773195876,hypothetical; not empirically measured mine-specific costs
Logistic Regression,0.38,36,243,482,15,0.66752577319587625,0.12903225806451613,0.70588235294117652,0.21818181818181817,0.33517241379310347,279,0.3595360824742268,243,15,100,1743,2.2461340206185567,hypothetical; not empirically measured mine-specific costs
Logistic Regression,0.39000000000000001,36,232,493,15,0.68170103092783507,0.13432835820895522,0.70588235294117652,0.22570532915360503,0.32000000000000001,268,0.34536082474226804,232,15,100,1732,2.231958762886598,hypothetical; not empirically measured mine-specific costs
Logistic Regression,0.40000000000000002,35,219,506,16,0.69716494845360821,0.13779527559055119,0.68627450980392157,0.22950819672131148,0.30206896551724138,254,0.32731958762886598,219,16,100,1819,2.3440721649484537,hypothetical; not empirically measured mine-specific costs
Logistic Regression,0.40999999999999998,33,208,517,18,0.70876288659793818,0.13692946058091288,0.6470588235294118,0.22602739726027396,0.28689655172413792,241,0.31056701030927836,208,18,100,2008,2.5876288659793816,hypothetical; not empirically measured mine-specific costs
Logistic Regression,0.41999999999999998,33,200,525,18,0.71907216494845361,0.14163090128755365,0.6470588235294118,0.23239436619718309,0.27586206896551724,233,0.30025773195876287,200,18,100,2000,2.5773195876288661,hypothetical; not empirically measured mine-specific costs
Logistic Regression,0.42999999999999999,33,186,539,18,0.73711340206185572,0.15068493150684931,0.6470588235294118,0.24444444444444444,0.25655172413793104,219,0.28221649484536082,186,18,100,1986,2.5592783505154637,hypothetical; not empirically measured mine-specific costs
Logistic Regression,0.44,33,182,543,18,0.74226804123711343,0.15348837209302327,0.6470588235294118,0.24812030075187969,0.25103448275862067,215,0.27706185567010311,182,18,100,1982,2.554123711340206,hypothetical; not empirically measured mine-specific costs
Logistic Regression,0.45000000000000001,33,173,552,18,0.75386597938144329,0.16019417475728157,0.6470588235294118,0.25680933852140075,0.23862068965517241,206,0.2654639175257732,173,18,100,1973,2.5425257731958761,hypothetical; not empirically measured mine-specific costs
Logistic Regression,0.46000000000000002,33,165,560,18,0.76417525773195871,0.16666666666666666,0.6470588235294118,0.26506024096385544,0.22758620689655173,198,0.25515463917525771,165,18,100,1965,2.5322164948453607,hypothetical; not empirically measured mine-specific costs
Logistic Regression,0.46999999999999997,33,158,567,18,0.77319587628865982,0.17277486910994763,0.6470588235294118,0.27272727272727271,0.21793103448275863,191,0.24613402061855671,158,18,100,1958,2.5231958762886597,hypothetical; not empirically measured mine-specific costs
Logistic Regression,0.47999999999999998,32,152,573,19,0.77963917525773196,0.17391304347826086,0.62745098039215685,0.2723404255319149,0.20965517241379311,184,0.23711340206185566,152,19,100,2052,2.6443298969072164,hypothetical; not empirically measured mine-specific costs
Logistic Regression,0.48999999999999999,32,142,583,19,0.79252577319587625,0.18390804597701149,0.62745098039215685,0.28444444444444444,0.19586206896551725,174,0.22422680412371135,142,19,100,2042,2.6314432989690721,hypothetical; not empirically measured mine-specific costs
Logistic Regression,0.5,32,134,591,19,0.80283505154639179,0.19277108433734941,0.62745098039215685,0.29493087557603687,0.18482758620689654,166,0.21391752577319587,134,19,100,2034,2.6211340206185567,hypothetical; not empirically measured mine-specific costs
Logistic Regression,0.51000000000000001,32,127,598,19,0.81185567010309279,0.20125786163522014,0.62745098039215685,0.30476190476190479,0.17517241379310344,159,0.20489690721649484,127,19,100,2027,2.6121134020618557,hypothetical; not empirically measured mine-specific costs
Logistic Regression,0.52000000000000002,32,120,605,19,0.82087628865979378,0.21052631578947367,0.62745098039215685,0.31527093596059114,0.16551724137931034,152,0.19587628865979381,120,19,100,2020,2.6030927835051547,hypothetical; not empirically measured mine-specific costs
Logistic Regression,0.53000000000000003,32,115,610,19,0.82731958762886593,0.21768707482993196,0.62745098039215685,0.32323232323232326,0.15862068965517243,147,0.18943298969072164,115,19,100,2015,2.5966494845360826,hypothetical; not empirically measured mine-specific costs
Logistic Regression,0.54000000000000004,32,107,618,19,0.83762886597938147,0.23021582733812951,0.62745098039215685,0.33684210526315789,0.14758620689655172,139,0.17912371134020619,107,19,100,2007,2.5863402061855671,hypothetical; not empirically measured mine-specific costs
Logistic Regression,0.55000000000000004,32,102,623,19,0.84407216494845361,0.23880597014925373,0.62745098039215685,0.34594594594594597,0.1406896551724138,134,0.17268041237113402,102,19,100,2002,2.579896907216495,hypothetical; not empirically measured mine-specific costs
Logistic Regression,0.56000000000000005,30,100,625,21,0.84407216494845361,0.23076923076923078,0.58823529411764708,0.33149171270718231,0.13793103448275862,130,0.16752577319587628,100,21,100,2200,2.8350515463917527,hypothetical; not empirically measured mine-specific costs
Logistic Regression,0.56999999999999995,30,96,629,21,0.84922680412371132,0.23809523809523808,0.58823529411764708,0.33898305084745761,0.13241379310344828,126,0.16237113402061856,96,21,100,2196,2.829896907216495,hypothetical; not empirically measured mine-specific costs
Logistic Regression,0.57999999999999996,29,94,631,22,0.85051546391752575,0.23577235772357724,0.56862745098039214,0.33333333333333331,0.1296551724137931,123,0.15850515463917525,94,22,100,2294,2.9561855670103094,hypothetical; not empirically measured mine-specific costs
Logistic Regression,0.58999999999999997,29,92,633,22,0.85309278350515461,0.23966942148760331,0.56862745098039214,0.33720930232558138,0.12689655172413794,121,0.15592783505154639,92,22,100,2292,2.9536082474226806,hypothetical; not empirically measured mine-specific costs
Logistic Regression,0.59999999999999998,27,87,638,24,0.85695876288659789,0.23684210526315788,0.52941176470588236,0.32727272727272727,0.12,114,0.14690721649484537,87,24,100,2487,3.204896907216495,hypothetical; not empirically measured mine-specific costs
Logistic Regression,0.60999999999999999,26,87,638,25,0.85567010309278346,0.23008849557522124,0.50980392156862742,0.31707317073170732,0.12,113,0.14561855670103094,87,25,100,2587,3.3337628865979383,hypothetical; not empirically measured mine-specific costs
Logistic Regression,0.62,26,83,642,25,0.86082474226804129,0.23853211009174313,0.50980392156862742,0.32500000000000001,0.11448275862068966,109,0.1404639175257732,83,25,100,2583,3.3286082474226806,hypothetical; not empirically measured mine-specific costs
Logistic Regression,0.63,24,79,646,27,0.86340206185567014,0.23300970873786409,0.47058823529411764,0.31168831168831168,0.10896551724137932,103,0.1327319587628866,79,27,100,2779,3.5811855670103094,hypothetical; not empirically measured mine-specific costs
Logistic Regression,0.64000000000000001,24,74,651,27,0.86984536082474229,0.24489795918367346,0.47058823529411764,0.32214765100671139,0.10206896551724139,98,0.12628865979381443,74,27,100,2774,3.5747422680412373,hypothetical; not empirically measured mine-specific costs
Logistic Regression,0.65000000000000002,22,70,655,29,0.87242268041237114,0.2391304347826087,0.43137254901960786,0.30769230769230771,0.096551724137931033,92,0.11855670103092783,70,29,100,2970,3.8273195876288661,hypothetical; not empirically measured mine-specific costs
Logistic Regression,0.66000000000000003,22,67,658,29,0.87628865979381443,0.24719101123595505,0.43137254901960786,0.31428571428571428,0.092413793103448272,89,0.11469072164948453,67,29,100,2967,3.8234536082474229,hypothetical; not empirically measured mine-specific costs
Logistic Regression,0.67000000000000004,22,66,659,29,0.87757731958762886,0.25,0.43137254901960786,0.31654676258992803,0.091034482758620694,88,0.1134020618556701,66,29,100,2966,3.8221649484536084,hypothetical; not empirically measured mine-specific costs
Logistic Regression,0.68000000000000005,21,63,662,30,0.88015463917525771,0.25,0.41176470588235292,0.31111111111111112,0.086896551724137933,84,0.10824742268041238,63,30,100,3063,3.9471649484536084,hypothetical; not empirically measured mine-specific costs
Logistic Regression,0.68999999999999995,20,63,662,31,0.87886597938144329,0.24096385542168675,0.39215686274509803,0.29850746268656714,0.086896551724137933,83,0.10695876288659793,63,31,100,3163,4.0760309278350517,hypothetical; not empirically measured mine-specific costs
Logistic Regression,0.69999999999999996,20,59,666,31,0.884020618556701,0.25316455696202533,0.39215686274509803,0.30769230769230771,0.08137931034482758,79,0.10180412371134021,59,31,100,3159,4.070876288659794,hypothetical; not empirically measured mine-specific costs
Logistic Regression,0.70999999999999996,20,54,671,31,0.89046391752577314,0.27027027027027029,0.39215686274509803,0.32000000000000001,0.074482758620689649,74,0.095360824742268036,54,31,100,3154,4.0644329896907214,hypothetical; not empirically measured mine-specific costs
Logistic Regression,0.71999999999999997,19,53,672,32,0.89046391752577314,0.2638888888888889,0.37254901960784315,0.30894308943089432,0.073103448275862071,72,0.092783505154639179,53,32,100,3253,4.1920103092783503,hypothetical; not empirically measured mine-specific costs
Logistic Regression,0.72999999999999998,19,50,675,32,0.89432989690721654,0.27536231884057971,0.37254901960784315,0.31666666666666665,0.068965517241379309,69,0.08891752577319588,50,32,100,3250,4.1881443298969074,hypothetical; not empirically measured mine-specific costs
Logistic Regression,0.73999999999999999,18,47,678,33,0.89690721649484539,0.27692307692307694,0.35294117647058826,0.31034482758620691,0.064827586206896548,65,0.083762886597938138,47,33,100,3347,4.3131443298969074,hypothetical; not empirically measured mine-specific costs
Logistic Regression,0.75,17,47,678,34,0.89561855670103097,0.265625,0.33333333333333331,0.29565217391304349,0.064827586206896548,64,0.08247422680412371,47,34,100,3447,4.4420103092783503,hypothetical; not empirically measured mine-specific costs
Logistic Regression,0.76000000000000001,16,45,680,35,0.89690721649484539,0.26229508196721313,0.31372549019607843,0.2857142857142857,0.062068965517241378,61,0.078608247422680411,45,35,100,3545,4.5682989690721651,hypothetical; not empirically measured mine-specific costs
Logistic Regression,0.77000000000000002,16,40,685,35,0.90335051546391754,0.2857142857142857,0.31372549019607843,0.29906542056074764,0.055172413793103448,56,0.072164948453608241,40,35,100,3540,4.5618556701030926,hypothetical; not empirically measured mine-specific costs
Logistic Regression,0.78000000000000003,15,37,688,36,0.90592783505154639,0.28846153846153844,0.29411764705882354,0.29126213592233008,0.051034482758620693,52,0.067010309278350513,37,36,100,3637,4.6868556701030926,hypothetical; not empirically measured mine-specific costs
Logistic Regression,0.79000000000000004,15,35,690,36,0.90850515463917525,0.29999999999999999,0.29411764705882354,0.29702970297029702,0.048275862068965517,50,0.064432989690721643,35,36,100,3635,4.6842783505154637,hypothetical; not empirically measured mine-specific costs
Logistic Regression,0.80000000000000004,15,34,691,36,0.90979381443298968,0.30612244897959184,0.29411764705882354,0.29999999999999999,0.046896551724137932,49,0.063144329896907214,34,36,100,3634,4.6829896907216497,hypothetical; not empirically measured mine-specific costs
Logistic Regression,0.81000000000000005,15,32,693,36,0.91237113402061853,0.31914893617021278,0.29411764705882354,0.30612244897959184,0.044137931034482755,47,0.06056701030927835,32,36,100,3632,4.6804123711340209,hypothetical; not empirically measured mine-specific costs
Logistic Regression,0.81999999999999995,15,30,695,36,0.91494845360824739,0.33333333333333331,0.29411764705882354,0.3125,0.041379310344827586,45,0.057989690721649487,30,36,100,3630,4.677835051546392,hypothetical; not empirically measured mine-specific costs
Logistic Regression,0.82999999999999996,15,29,696,36,0.91623711340206182,0.34090909090909088,0.29411764705882354,0.31578947368421051,0.040000000000000001,44,0.056701030927835051,29,36,100,3629,4.6765463917525771,hypothetical; not empirically measured mine-specific costs
Logistic Regression,0.83999999999999997,13,27,698,38,0.91623711340206182,0.32500000000000001,0.25490196078431371,0.2857142857142857,0.037241379310344824,40,0.051546391752577317,27,38,100,3827,4.9317010309278349,hypothetical; not empirically measured mine-specific costs
Logistic Regression,0.84999999999999998,13,24,701,38,0.92010309278350511,0.35135135135135137,0.25490196078431371,0.29545454545454547,0.03310344827586207,37,0.047680412371134018,24,38,100,3824,4.927835051546392,hypothetical; not empirically measured mine-specific costs
Logistic Regression,0.85999999999999999,12,23,702,39,0.92010309278350511,0.34285714285714286,0.23529411764705882,0.27906976744186046,0.031724137931034485,35,0.045103092783505154,23,39,100,3923,5.0554123711340209,hypothetical; not empirically measured mine-specific costs
Logistic Regression,0.87,10,23,702,41,0.91752577319587625,0.30303030303030304,0.19607843137254902,0.23809523809523808,0.031724137931034485,33,0.04252577319587629,23,41,100,4123,5.3131443298969074,hypothetical; not empirically measured mine-specific costs
Logistic Regression,0.88,8,20,705,43,0.91881443298969068,0.2857142857142857,0.15686274509803921,0.20253164556962025,0.027586206896551724,28,0.03608247422680412,20,43,100,4320,5.5670103092783503,hypothetical; not empirically measured mine-specific costs
Logistic Regression,0.89000000000000001,7,18,707,44,0.92010309278350511,0.28000000000000003,0.13725490196078433,0.18421052631578946,0.024827586206896551,25,0.032216494845360821,18,44,100,4418,5.6932989690721651,hypothetical; not empirically measured mine-specific costs
Logistic Regression,0.90000000000000002,5,15,710,46,0.92139175257731953,0.25,0.098039215686274508,0.14084507042253522,0.020689655172413793,20,0.025773195876288658,15,46,100,4615,5.947164948453608,hypothetical; not empirically measured mine-specific costs
Logistic Regression,0.91000000000000003,4,15,710,47,0.92010309278350511,0.21052631578947367,0.078431372549019607,0.11428571428571428,0.020689655172413793,19,0.024484536082474227,15,47,100,4715,6.0760309278350517,hypothetical; not empirically measured mine-specific costs
Logistic Regression,0.92000000000000004,3,13,712,48,0.92139175257731953,0.1875,0.058823529411764705,0.089552238805970144,0.01793103448275862,16,0.020618556701030927,13,48,100,4813,6.2023195876288657,hypothetical; not empirically measured mine-specific costs
Logistic Regression,0.93000000000000005,3,13,712,48,0.92139175257731953,0.1875,0.058823529411764705,0.089552238805970144,0.01793103448275862,16,0.020618556701030927,13,48,100,4813,6.2023195876288657,hypothetical; not empirically measured mine-specific costs
Logistic Regression,0.93999999999999995,3,13,712,48,0.92139175257731953,0.1875,0.058823529411764705,0.089552238805970144,0.01793103448275862,16,0.020618556701030927,13,48,100,4813,6.2023195876288657,hypothetical; not empirically measured mine-specific costs
Logistic Regression,0.94999999999999996,2,9,716,49,0.92525773195876293,0.18181818181818182,0.039215686274509803,0.064516129032258063,0.012413793103448275,11,0.014175257731958763,9,49,100,4909,6.3260309278350517,hypothetical; not empirically measured mine-specific costs
Logistic Regression,0.95999999999999996,1,6,719,50,0.92783505154639179,0.14285714285714285,0.019607843137254902,0.034482758620689655,0.0082758620689655175,7,0.0090206185567010301,6,50,100,5006,6.4510309278350517,hypothetical; not empirically measured mine-specific costs
Logistic Regression,0.96999999999999997,1,6,719,50,0.92783505154639179,0.14285714285714285,0.019607843137254902,0.034482758620689655,0.0082758620689655175,7,0.0090206185567010301,6,50,100,5006,6.4510309278350517,hypothetical; not empirically measured mine-specific costs
Logistic Regression,0.97999999999999998,1,3,722,50,0.93170103092783507,0.25,0.019607843137254902,0.036363636363636362,0.0041379310344827587,4,0.0051546391752577319,3,50,100,5003,6.447164948453608,hypothetical; not empirically measured mine-specific costs
Logistic Regression,0.98999999999999999,0,1,724,51,0.9329896907216495,0,0,0,0.0013793103448275861,1,0.001288659793814433,1,51,100,5101,6.5734536082474229,hypothetical; not empirically measured mine-specific costs
Random Forest,0.01,47,566,159,4,0.2654639175257732,0.076672104404567704,0.92156862745098034,0.14156626506024098,0.78068965517241384,613,0.78994845360824739,566,4,100,966,1.2448453608247423,hypothetical; not empirically measured mine-specific costs
Random Forest,0.02,45,493,232,6,0.35695876288659795,0.083643122676579931,0.88235294117647056,0.15280135823429541,0.68000000000000005,538,0.69329896907216493,493,6,100,1093,1.4085051546391754,hypothetical; not empirically measured mine-specific costs
Random Forest,0.029999999999999999,45,457,268,6,0.40335051546391754,0.089641434262948211,0.88235294117647056,0.16274864376130199,0.63034482758620691,502,0.64690721649484539,457,6,100,1057,1.3621134020618557,hypothetical; not empirically measured mine-specific costs
Random Forest,0.040000000000000001,45,402,323,6,0.47422680412371132,0.10067114093959731,0.88235294117647056,0.18072289156626506,0.55448275862068963,447,0.5760309278350515,402,6,100,1002,1.2912371134020619,hypothetical; not empirically measured mine-specific costs
Random Forest,0.050000000000000003,44,369,356,7,0.51546391752577314,0.10653753026634383,0.86274509803921573,0.18965517241379309,0.50896551724137928,413,0.53221649484536082,369,7,100,1069,1.3775773195876289,hypothetical; not empirically measured mine-specific costs
Random Forest,0.059999999999999998,43,335,390,8,0.5579896907216495,0.11375661375661375,0.84313725490196079,0.20046620046620048,0.46206896551724136,378,0.48711340206185566,335,8,100,1135,1.4626288659793814,hypothetical; not empirically measured mine-specific costs
Random Forest,0.070000000000000007,43,311,414,8,0.58891752577319589,0.12146892655367232,0.84313725490196079,0.21234567901234569,0.42896551724137932,354,0.45618556701030927,311,8,100,1111,1.4317010309278351,hypothetical; not empirically measured mine-specific costs
Random Forest,0.080000000000000002,42,295,430,9,0.60824742268041232,0.12462908011869436,0.82352941176470584,0.21649484536082475,0.40689655172413791,337,0.43427835051546393,295,9,100,1195,1.5399484536082475,hypothetical; not empirically measured mine-specific costs
Random Forest,0.089999999999999997,41,276,449,10,0.63144329896907214,0.12933753943217666,0.80392156862745101,0.22282608695652173,0.38068965517241377,317,0.40850515463917525,276,10,100,1276,1.6443298969072164,hypothetical; not empirically measured mine-specific costs
Random Forest,0.10000000000000001,40,258,467,11,0.65335051546391754,0.13422818791946309,0.78431372549019607,0.22922636103151864,0.35586206896551725,298,0.38402061855670105,258,11,100,1358,1.75,hypothetical; not empirically measured mine-specific costs
Random Forest,0.11,39,241,484,12,0.6739690721649485,0.13928571428571429,0.76470588235294112,0.23564954682779457,0.33241379310344826,280,0.36082474226804123,241,12,100,1441,1.856958762886598,hypothetical; not empirically measured mine-specific costs
Random Forest,0.12,37,223,502,14,0.69458762886597936,0.1423076923076923,0.72549019607843135,0.23794212218649519,0.30758620689655175,260,0.33505154639175255,223,14,100,1623,2.0914948453608249,hypothetical; not empirically measured mine-specific costs
Random Forest,0.13,36,209,516,15,0.71134020618556704,0.14693877551020409,0.70588235294117652,0.24324324324324326,0.28827586206896549,245,0.31572164948453607,209,15,100,1709,2.2023195876288661,hypothetical; not empirically measured mine-specific costs
Random Forest,0.14000000000000001,36,199,526,15,0.72422680412371132,0.15319148936170213,0.70588235294117652,0.25174825174825177,0.27448275862068966,235,0.30283505154639173,199,15,100,1699,2.1894329896907219,hypothetical; not empirically measured mine-specific costs
Random Forest,0.14999999999999999,35,185,540,16,0.740979381443299,0.15909090909090909,0.68627450980392157,0.25830258302583026,0.25517241379310346,220,0.28350515463917525,185,16,100,1785,2.3002577319587627,hypothetical; not empirically measured mine-specific costs
Random Forest,0.16,32,174,551,19,0.75128865979381443,0.1553398058252427,0.62745098039215685,0.24902723735408561,0.23999999999999999,206,0.2654639175257732,174,19,100,2074,2.6726804123711339,hypothetical; not empirically measured mine-specific costs
Random Forest,0.17000000000000001,30,153,572,21,0.77577319587628868,0.16393442622950818,0.58823529411764708,0.25641025641025639,0.21103448275862069,183,0.23582474226804123,153,21,100,2253,2.9033505154639174,hypothetical; not empirically measured mine-specific costs
Random Forest,0.17999999999999999,28,140,585,23,0.78994845360824739,0.16666666666666666,0.5490196078431373,0.25570776255707761,0.19310344827586207,168,0.21649484536082475,140,23,100,2440,3.1443298969072164,hypothetical; not empirically measured mine-specific costs
Random Forest,0.19,28,130,595,23,0.80283505154639179,0.17721518987341772,0.5490196078431373,0.26794258373205743,0.1793103448275862,158,0.20360824742268041,130,23,100,2430,3.1314432989690721,hypothetical; not empirically measured mine-specific costs
Random Forest,0.20000000000000001,28,119,606,23,0.8170103092783505,0.19047619047619047,0.5490196078431373,0.28282828282828282,0.16413793103448276,147,0.18943298969072164,119,23,100,2419,3.1172680412371134,hypothetical; not empirically measured mine-specific costs
Random Forest,0.20999999999999999,27,112,613,24,0.82474226804123707,0.19424460431654678,0.52941176470588236,0.28421052631578947,0.15448275862068966,139,0.17912371134020619,112,24,100,2512,3.2371134020618557,hypothetical; not empirically measured mine-specific costs
Random Forest,0.22,26,108,617,25,0.82860824742268047,0.19402985074626866,0.50980392156862742,0.2810810810810811,0.1489655172413793,134,0.17268041237113402,108,25,100,2608,3.3608247422680413,hypothetical; not empirically measured mine-specific costs
Random Forest,0.23000000000000001,25,102,623,26,0.83505154639175261,0.19685039370078741,0.49019607843137253,0.2808988764044944,0.1406896551724138,127,0.16365979381443299,102,26,100,2702,3.481958762886598,hypothetical; not empirically measured mine-specific costs
Random Forest,0.23999999999999999,25,93,632,26,0.84664948453608246,0.21186440677966101,0.49019607843137253,0.29585798816568049,0.12827586206896552,118,0.15206185567010308,93,26,100,2693,3.4703608247422681,hypothetical; not empirically measured mine-specific costs
Random Forest,0.25,24,86,639,27,0.85438144329896903,0.21818181818181817,0.47058823529411764,0.29813664596273293,0.11862068965517242,110,0.14175257731958762,86,27,100,2786,3.5902061855670104,hypothetical; not empirically measured mine-specific costs
Random Forest,0.26000000000000001,23,79,646,28,0.86211340206185572,0.22549019607843138,0.45098039215686275,0.30065359477124182,0.10896551724137932,102,0.13144329896907217,79,28,100,2879,3.7100515463917527,hypothetical; not empirically measured mine-specific costs
Random Forest,0.27000000000000002,21,74,651,30,0.865979381443299,0.22105263157894736,0.41176470588235292,0.28767123287671231,0.10206896551724139,95,0.12242268041237113,74,30,100,3074,3.9613402061855671,hypothetical; not empirically measured mine-specific costs
Random Forest,0.28000000000000003,20,71,654,31,0.86855670103092786,0.21978021978021978,0.39215686274509803,0.28169014084507044,0.097931034482758625,91,0.1172680412371134,71,31,100,3171,4.0863402061855671,hypothetical; not empirically measured mine-specific costs
Random Forest,0.28999999999999998,19,66,659,32,0.87371134020618557,0.22352941176470589,0.37254901960784315,0.27941176470588236,0.091034482758620694,85,0.1095360824742268,66,32,100,3266,4.2087628865979383,hypothetical; not empirically measured mine-specific costs
Random Forest,0.29999999999999999,18,62,663,33,0.87757731958762886,0.22500000000000001,0.35294117647058826,0.27480916030534353,0.085517241379310341,80,0.10309278350515463,62,33,100,3362,4.3324742268041234,hypothetical; not empirically measured mine-specific costs
Random Forest,0.31,17,57,668,34,0.88273195876288657,0.22972972972972974,0.33333333333333331,0.27200000000000002,0.07862068965517241,74,0.095360824742268036,57,34,100,3457,4.4548969072164946,hypothetical; not empirically measured mine-specific costs
Random Forest,0.32000000000000001,16,56,669,35,0.88273195876288657,0.22222222222222221,0.31372549019607843,0.26016260162601629,0.077241379310344832,72,0.092783505154639179,56,35,100,3556,4.5824742268041234,hypothetical; not empirically measured mine-specific costs
Random Forest,0.33000000000000002,16,53,672,35,0.88659793814432986,0.2318840579710145,0.31372549019607843,0.26666666666666666,0.073103448275862071,69,0.08891752577319588,53,35,100,3553,4.5786082474226806,hypothetical; not empirically measured mine-specific costs
Random Forest,0.34000000000000002,16,52,673,35,0.88788659793814428,0.23529411764705882,0.31372549019607843,0.26890756302521007,0.071724137931034479,68,0.087628865979381437,52,35,100,3552,4.5773195876288657,hypothetical; not empirically measured mine-specific costs
Random Forest,0.34999999999999998,14,47,678,37,0.89175257731958768,0.22950819672131148,0.27450980392156865,0.25,0.064827586206896548,61,0.078608247422680411,47,37,100,3747,4.8286082474226806,hypothetical; not empirically measured mine-specific costs
Random Forest,0.35999999999999999,13,40,685,38,0.89948453608247425,0.24528301886792453,0.25490196078431371,0.25,0.055172413793103448,53,0.068298969072164942,40,38,100,3840,4.9484536082474229,hypothetical; not empirically measured mine-specific costs
Random Forest,0.37,13,37,688,38,0.90335051546391754,0.26000000000000001,0.25490196078431371,0.25742574257425743,0.051034482758620693,50,0.064432989690721643,37,38,100,3837,4.9445876288659791,hypothetical; not empirically measured mine-specific costs
Random Forest,0.38,13,34,691,38,0.90721649484536082,0.27659574468085107,0.25490196078431371,0.26530612244897961,0.046896551724137932,47,0.06056701030927835,34,38,100,3834,4.9407216494845363,hypothetical; not empirically measured mine-specific costs
Random Forest,0.39000000000000001,12,29,696,39,0.91237113402061853,0.29268292682926828,0.23529411764705882,0.2608695652173913,0.040000000000000001,41,0.052835051546391752,29,39,100,3929,5.0631443298969074,hypothetical; not empirically measured mine-specific costs
Random Forest,0.40000000000000002,11,29,696,40,0.91108247422680411,0.27500000000000002,0.21568627450980393,0.24175824175824176,0.040000000000000001,40,0.051546391752577317,29,40,100,4029,5.1920103092783503,hypothetical; not empirically measured mine-specific costs
Random Forest,0.40999999999999998,11,29,696,40,0.91108247422680411,0.27500000000000002,0.21568627450980393,0.24175824175824176,0.040000000000000001,40,0.051546391752577317,29,40,100,4029,5.1920103092783503,hypothetical; not empirically measured mine-specific costs
Random Forest,0.41999999999999998,11,28,697,40,0.91237113402061853,0.28205128205128205,0.21568627450980393,0.24444444444444444,0.038620689655172416,39,0.050257731958762888,28,40,100,4028,5.1907216494845363,hypothetical; not empirically measured mine-specific costs
Random Forest,0.42999999999999999,11,28,697,40,0.91237113402061853,0.28205128205128205,0.21568627450980393,0.24444444444444444,0.038620689655172416,39,0.050257731958762888,28,40,100,4028,5.1907216494845363,hypothetical; not empirically measured mine-specific costs
Random Forest,0.44,11,25,700,40,0.91623711340206182,0.30555555555555558,0.21568627450980393,0.25287356321839083,0.034482758620689655,36,0.046391752577319589,25,40,100,4025,5.1868556701030926,hypothetical; not empirically measured mine-specific costs
Random Forest,0.45000000000000001,10,25,700,41,0.91494845360824739,0.2857142857142857,0.19607843137254902,0.23255813953488372,0.034482758620689655,35,0.045103092783505154,25,41,100,4125,5.3157216494845363,hypothetical; not empirically measured mine-specific costs
Random Forest,0.46000000000000002,9,25,700,42,0.91365979381443296,0.26470588235294118,0.17647058823529413,0.21176470588235294,0.034482758620689655,34,0.043814432989690719,25,42,100,4225,5.4445876288659791,hypothetical; not empirically measured mine-specific costs
Random Forest,0.46999999999999997,8,24,701,43,0.91365979381443296,0.25,0.15686274509803921,0.19277108433734941,0.03310344827586207,32,0.041237113402061855,24,43,100,4324,5.572164948453608,hypothetical; not empirically measured mine-specific costs
Random Forest,0.47999999999999998,8,21,704,43,0.91752577319587625,0.27586206896551724,0.15686274509803921,0.20000000000000001,0.028965517241379312,29,0.037371134020618556,21,43,100,4321,5.5682989690721651,hypothetical; not empirically measured mine-specific costs
Random Forest,0.48999999999999999,8,20,705,43,0.91881443298969068,0.2857142857142857,0.15686274509803921,0.20253164556962025,0.027586206896551724,28,0.03608247422680412,20,43,100,4320,5.5670103092783503,hypothetical; not empirically measured mine-specific costs
Random Forest,0.5,8,18,707,43,0.92139175257731953,0.30769230769230771,0.15686274509803921,0.20779220779220781,0.024827586206896551,26,0.033505154639175257,18,43,100,4318,5.5644329896907214,hypothetical; not empirically measured mine-specific costs
Random Forest,0.51000000000000001,8,18,707,43,0.92139175257731953,0.30769230769230771,0.15686274509803921,0.20779220779220781,0.024827586206896551,26,0.033505154639175257,18,43,100,4318,5.5644329896907214,hypothetical; not empirically measured mine-specific costs
Random Forest,0.52000000000000002,8,17,708,43,0.92268041237113407,0.32000000000000001,0.15686274509803921,0.21052631578947367,0.023448275862068966,25,0.032216494845360821,17,43,100,4317,5.5631443298969074,hypothetical; not empirically measured mine-specific costs
Random Forest,0.53000000000000003,8,15,710,43,0.92525773195876293,0.34782608695652173,0.15686274509803921,0.21621621621621623,0.020689655172413793,23,0.029639175257731958,15,43,100,4315,5.5605670103092786,hypothetical; not empirically measured mine-specific costs
Random Forest,0.54000000000000004,8,15,710,43,0.92525773195876293,0.34782608695652173,0.15686274509803921,0.21621621621621623,0.020689655172413793,23,0.029639175257731958,15,43,100,4315,5.5605670103092786,hypothetical; not empirically measured mine-specific costs
Random Forest,0.55000000000000004,8,14,711,43,0.92654639175257736,0.36363636363636365,0.15686274509803921,0.21917808219178081,0.019310344827586208,22,0.028350515463917526,14,43,100,4314,5.5592783505154637,hypothetical; not empirically measured mine-specific costs
Random Forest,0.56000000000000005,7,14,711,44,0.92525773195876293,0.33333333333333331,0.13725490196078433,0.19444444444444445,0.019310344827586208,21,0.027061855670103094,14,44,100,4414,5.6881443298969074,hypothetical; not empirically measured mine-specific costs
Random Forest,0.56999999999999995,7,13,712,44,0.92654639175257736,0.34999999999999998,0.13725490196078433,0.19718309859154928,0.01793103448275862,20,0.025773195876288658,13,44,100,4413,5.6868556701030926,hypothetical; not empirically measured mine-specific costs
Random Forest,0.57999999999999996,7,12,713,44,0.92783505154639179,0.36842105263157893,0.13725490196078433,0.20000000000000001,0.016551724137931035,19,0.024484536082474227,12,44,100,4412,5.6855670103092786,hypothetical; not empirically measured mine-specific costs
Random Forest,0.58999999999999997,7,11,714,44,0.92912371134020622,0.3888888888888889,0.13725490196078433,0.20289855072463769,0.015172413793103448,18,0.023195876288659795,11,44,100,4411,5.6842783505154637,hypothetical; not empirically measured mine-specific costs
Random Forest,0.59999999999999998,6,10,715,45,0.92912371134020622,0.375,0.11764705882352941,0.17910447761194029,0.013793103448275862,16,0.020618556701030927,10,45,100,4510,5.8118556701030926,hypothetical; not empirically measured mine-specific costs
Random Forest,0.60999999999999999,6,10,715,45,0.92912371134020622,0.375,0.11764705882352941,0.17910447761194029,0.013793103448275862,16,0.020618556701030927,10,45,100,4510,5.8118556701030926,hypothetical; not empirically measured mine-specific costs
Random Forest,0.62,6,9,716,45,0.93041237113402064,0.40000000000000002,0.11764705882352941,0.18181818181818182,0.012413793103448275,15,0.019329896907216496,9,45,100,4509,5.8105670103092786,hypothetical; not empirically measured mine-specific costs
Random Forest,0.63,6,8,717,45,0.93170103092783507,0.42857142857142855,0.11764705882352941,0.18461538461538463,0.011034482758620689,14,0.01804123711340206,8,45,100,4508,5.8092783505154637,hypothetical; not empirically measured mine-specific costs
Random Forest,0.64000000000000001,5,8,717,46,0.93041237113402064,0.38461538461538464,0.098039215686274508,0.15625,0.011034482758620689,13,0.016752577319587628,8,46,100,4608,5.9381443298969074,hypothetical; not empirically measured mine-specific costs
Random Forest,0.65000000000000002,5,7,718,46,0.93170103092783507,0.41666666666666669,0.098039215686274508,0.15873015873015872,0.009655172413793104,12,0.015463917525773196,7,46,100,4607,5.9368556701030926,hypothetical; not empirically measured mine-specific costs
Random Forest,0.66000000000000003,5,6,719,46,0.9329896907216495,0.45454545454545453,0.098039215686274508,0.16129032258064516,0.0082758620689655175,11,0.014175257731958763,6,46,100,4606,5.9355670103092786,hypothetical; not empirically measured mine-specific costs
Random Forest,0.67000000000000004,5,5,720,46,0.93427835051546393,0.5,0.098039215686274508,0.16393442622950818,0.0068965517241379309,10,0.012886597938144329,5,46,100,4605,5.9342783505154637,hypothetical; not empirically measured mine-specific costs
Random Forest,0.68000000000000005,5,5,720,46,0.93427835051546393,0.5,0.098039215686274508,0.16393442622950818,0.0068965517241379309,10,0.012886597938144329,5,46,100,4605,5.9342783505154637,hypothetical; not empirically measured mine-specific costs
Random Forest,0.68999999999999995,5,5,720,46,0.93427835051546393,0.5,0.098039215686274508,0.16393442622950818,0.0068965517241379309,10,0.012886597938144329,5,46,100,4605,5.9342783505154637,hypothetical; not empirically measured mine-specific costs
Random Forest,0.69999999999999996,4,4,721,47,0.93427835051546393,0.5,0.078431372549019607,0.13559322033898305,0.0055172413793103444,8,0.010309278350515464,4,47,100,4704,6.0618556701030926,hypothetical; not empirically measured mine-specific costs
Random Forest,0.70999999999999996,4,2,723,47,0.93685567010309279,0.66666666666666663,0.078431372549019607,0.14035087719298245,0.0027586206896551722,6,0.0077319587628865982,2,47,100,4702,6.0592783505154637,hypothetical; not empirically measured mine-specific costs
Random Forest,0.71999999999999997,4,2,723,47,0.93685567010309279,0.66666666666666663,0.078431372549019607,0.14035087719298245,0.0027586206896551722,6,0.0077319587628865982,2,47,100,4702,6.0592783505154637,hypothetical; not empirically measured mine-specific costs
Random Forest,0.72999999999999998,4,1,724,47,0.93814432989690721,0.80000000000000004,0.078431372549019607,0.14285714285714285,0.0013793103448275861,5,0.0064432989690721646,1,47,100,4701,6.0579896907216497,hypothetical; not empirically measured mine-specific costs
Random Forest,0.73999999999999999,4,1,724,47,0.93814432989690721,0.80000000000000004,0.078431372549019607,0.14285714285714285,0.0013793103448275861,5,0.0064432989690721646,1,47,100,4701,6.0579896907216497,hypothetical; not empirically measured mine-specific costs
Random Forest,0.75,4,1,724,47,0.93814432989690721,0.80000000000000004,0.078431372549019607,0.14285714285714285,0.0013793103448275861,5,0.0064432989690721646,1,47,100,4701,6.0579896907216497,hypothetical; not empirically measured mine-specific costs
Random Forest,0.76000000000000001,3,1,724,48,0.93685567010309279,0.75,0.058823529411764705,0.10909090909090909,0.0013793103448275861,4,0.0051546391752577319,1,48,100,4801,6.1868556701030926,hypothetical; not empirically measured mine-specific costs
Random Forest,0.77000000000000002,3,1,724,48,0.93685567010309279,0.75,0.058823529411764705,0.10909090909090909,0.0013793103448275861,4,0.0051546391752577319,1,48,100,4801,6.1868556701030926,hypothetical; not empirically measured mine-specific costs
Random Forest,0.78000000000000003,3,1,724,48,0.93685567010309279,0.75,0.058823529411764705,0.10909090909090909,0.0013793103448275861,4,0.0051546391752577319,1,48,100,4801,6.1868556701030926,hypothetical; not empirically measured mine-specific costs
Random Forest,0.79000000000000004,3,1,724,48,0.93685567010309279,0.75,0.058823529411764705,0.10909090909090909,0.0013793103448275861,4,0.0051546391752577319,1,48,100,4801,6.1868556701030926,hypothetical; not empirically measured mine-specific costs
Random Forest,0.80000000000000004,3,1,724,48,0.93685567010309279,0.75,0.058823529411764705,0.10909090909090909,0.0013793103448275861,4,0.0051546391752577319,1,48,100,4801,6.1868556701030926,hypothetical; not empirically measured mine-specific costs
Random Forest,0.81000000000000005,2,1,724,49,0.93556701030927836,0.66666666666666663,0.039215686274509803,0.07407407407407407,0.0013793103448275861,3,0.0038659793814432991,1,49,100,4901,6.3157216494845363,hypothetical; not empirically measured mine-specific costs
Random Forest,0.81999999999999995,2,1,724,49,0.93556701030927836,0.66666666666666663,0.039215686274509803,0.07407407407407407,0.0013793103448275861,3,0.0038659793814432991,1,49,100,4901,6.3157216494845363,hypothetical; not empirically measured mine-specific costs
Random Forest,0.82999999999999996,2,1,724,49,0.93556701030927836,0.66666666666666663,0.039215686274509803,0.07407407407407407,0.0013793103448275861,3,0.0038659793814432991,1,49,100,4901,6.3157216494845363,hypothetical; not empirically measured mine-specific costs
Random Forest,0.83999999999999997,2,1,724,49,0.93556701030927836,0.66666666666666663,0.039215686274509803,0.07407407407407407,0.0013793103448275861,3,0.0038659793814432991,1,49,100,4901,6.3157216494845363,hypothetical; not empirically measured mine-specific costs
Random Forest,0.84999999999999998,2,1,724,49,0.93556701030927836,0.66666666666666663,0.039215686274509803,0.07407407407407407,0.0013793103448275861,3,0.0038659793814432991,1,49,100,4901,6.3157216494845363,hypothetical; not empirically measured mine-specific costs
Random Forest,0.85999999999999999,1,0,725,50,0.93556701030927836,1,0.019607843137254902,0.038461538461538464,0,1,0.001288659793814433,0,50,100,5000,6.4432989690721651,hypothetical; not empirically measured mine-specific costs
Random Forest,0.87,1,0,725,50,0.93556701030927836,1,0.019607843137254902,0.038461538461538464,0,1,0.001288659793814433,0,50,100,5000,6.4432989690721651,hypothetical; not empirically measured mine-specific costs
Random Forest,0.88,1,0,725,50,0.93556701030927836,1,0.019607843137254902,0.038461538461538464,0,1,0.001288659793814433,0,50,100,5000,6.4432989690721651,hypothetical; not empirically measured mine-specific costs
Random Forest,0.89000000000000001,1,0,725,50,0.93556701030927836,1,0.019607843137254902,0.038461538461538464,0,1,0.001288659793814433,0,50,100,5000,6.4432989690721651,hypothetical; not empirically measured mine-specific costs
Random Forest,0.90000000000000002,1,0,725,50,0.93556701030927836,1,0.019607843137254902,0.038461538461538464,0,1,0.001288659793814433,0,50,100,5000,6.4432989690721651,hypothetical; not empirically measured mine-specific costs
Random Forest,0.91000000000000003,1,0,725,50,0.93556701030927836,1,0.019607843137254902,0.038461538461538464,0,1,0.001288659793814433,0,50,100,5000,6.4432989690721651,hypothetical; not empirically measured mine-specific costs
Random Forest,0.92000000000000004,1,0,725,50,0.93556701030927836,1,0.019607843137254902,0.038461538461538464,0,1,0.001288659793814433,0,50,100,5000,6.4432989690721651,hypothetical; not empirically measured mine-specific costs
Random Forest,0.93000000000000005,0,0,725,51,0.93427835051546393,0,0,0,0,0,0,0,51,100,5100,6.572164948453608,hypothetical; not empirically measured mine-specific costs
Random Forest,0.93999999999999995,0,0,725,51,0.93427835051546393,0,0,0,0,0,0,0,51,100,5100,6.572164948453608,hypothetical; not empirically measured mine-specific costs
Random Forest,0.94999999999999996,0,0,725,51,0.93427835051546393,0,0,0,0,0,0,0,51,100,5100,6.572164948453608,hypothetical; not empirically measured mine-specific costs
Random Forest,0.95999999999999996,0,0,725,51,0.93427835051546393,0,0,0,0,0,0,0,51,100,5100,6.572164948453608,hypothetical; not empirically measured mine-specific costs
Random Forest,0.96999999999999997,0,0,725,51,0.93427835051546393,0,0,0,0,0,0,0,51,100,5100,6.572164948453608,hypothetical; not empirically measured mine-specific costs
Random Forest,0.97999999999999998,0,0,725,51,0.93427835051546393,0,0,0,0,0,0,0,51,100,5100,6.572164948453608,hypothetical; not empirically measured mine-specific costs
Random Forest,0.98999999999999999,0,0,725,51,0.93427835051546393,0,0,0,0,0,0,0,51,100,5100,6.572164948453608,hypothetical; not empirically measured mine-specific costs
Gradient Boosting,0.01,51,725,0,0,0.065721649484536085,0.065721649484536085,1,0.12333736396614269,1,776,1,725,0,100,725,0.93427835051546393,hypothetical; not empirically measured mine-specific costs
Gradient Boosting,0.02,51,723,2,0,0.068298969072164942,0.06589147286821706,1,0.12363636363636364,0.99724137931034484,774,0.99742268041237114,723,0,100,723,0.93170103092783507,hypothetical; not empirically measured mine-specific costs
Gradient Boosting,0.029999999999999999,51,706,19,0,0.090206185567010308,0.067371202113606338,1,0.12623762376237624,0.97379310344827585,757,0.97551546391752575,706,0,100,706,0.90979381443298968,hypothetical; not empirically measured mine-specific costs
Gradient Boosting,0.040000000000000001,51,679,46,0,0.125,0.069863013698630141,1,0.13060179257362356,0.93655172413793109,730,0.94072164948453607,679,0,100,679,0.875,hypothetical; not empirically measured mine-specific costs
Gradient Boosting,0.050000000000000003,51,657,68,0,0.15335051546391754,0.072033898305084748,1,0.13438735177865613,0.90620689655172415,708,0.91237113402061853,657,0,100,657,0.84664948453608246,hypothetical; not empirically measured mine-specific costs
Gradient Boosting,0.059999999999999998,51,641,84,0,0.17396907216494845,0.073699421965317924,1,0.13728129205921938,0.88413793103448279,692,0.89175257731958768,641,0,100,641,0.8260309278350515,hypothetical; not empirically measured mine-specific costs
Gradient Boosting,0.070000000000000007,50,627,98,1,0.19072164948453607,0.073855243722304287,0.98039215686274506,0.13736263736263737,0.86482758620689659,677,0.87242268041237114,627,1,100,727,0.93685567010309279,hypothetical; not empirically measured mine-specific costs
Gradient Boosting,0.080000000000000002,50,617,108,1,0.20360824742268041,0.074962518740629688,0.98039215686274506,0.1392757660167131,0.8510344827586207,667,0.85953608247422686,617,1,100,717,0.9239690721649485,hypothetical; not empirically measured mine-specific costs
Gradient Boosting,0.089999999999999997,49,602,123,2,0.22164948453608246,0.075268817204301078,0.96078431372549022,0.1396011396011396,0.83034482758620687,651,0.83891752577319589,602,2,100,802,1.0335051546391754,hypothetical; not empirically measured mine-specific costs
Gradient Boosting,0.10000000000000001,47,569,156,4,0.26159793814432991,0.076298701298701296,0.92156862745098034,0.1409295352323838,0.78482758620689652,616,0.79381443298969068,569,4,100,969,1.2487113402061856,hypothetical; not empirically measured mine-specific costs
Gradient Boosting,0.11,47,531,194,4,0.31056701030927836,0.081314878892733561,0.92156862745098034,0.1494435612082671,0.73241379310344823,578,0.74484536082474229,531,4,100,931,1.1997422680412371,hypothetical; not empirically measured mine-specific costs
Gradient Boosting,0.12,46,500,225,5,0.34922680412371132,0.084249084249084255,0.90196078431372551,0.1541038525963149,0.68965517241379315,546,0.70360824742268047,500,5,100,1000,1.2886597938144331,hypothetical; not empirically measured mine-specific costs
Gradient Boosting,0.13,46,466,259,5,0.39304123711340205,0.08984375,0.90196078431372551,0.16341030195381884,0.64275862068965517,512,0.65979381443298968,466,5,100,966,1.2448453608247423,hypothetical; not empirically measured mine-specific costs
Gradient Boosting,0.14000000000000001,46,441,284,5,0.42525773195876287,0.094455852156057493,0.90196078431372551,0.17100371747211895,0.60827586206896556,487,0.62757731958762886,441,5,100,941,1.2126288659793814,hypothetical; not empirically measured mine-specific costs
Gradient Boosting,0.14999999999999999,45,413,312,6,0.46005154639175255,0.098253275109170299,0.88235294117647056,0.17681728880157171,0.56965517241379315,458,0.59020618556701032,413,6,100,1013,1.3054123711340206,hypothetical; not empirically measured mine-specific costs
Gradient Boosting,0.16,43,390,335,8,0.48711340206185566,0.099307159353348731,0.84313725490196079,0.17768595041322313,0.53793103448275859,433,0.5579896907216495,390,8,100,1190,1.5335051546391754,hypothetical; not empirically measured mine-specific costs
Gradient Boosting,0.17000000000000001,41,367,358,10,0.51417525773195871,0.10049019607843138,0.80392156862745101,0.1786492374727669,0.50620689655172413,408,0.52577319587628868,367,10,100,1367,1.7615979381443299,hypothetical; not empirically measured mine-specific costs
Gradient Boosting,0.17999999999999999,41,347,378,10,0.53994845360824739,0.1056701030927835,0.80392156862745101,0.18678815489749431,0.4786206896551724,388,0.5,347,10,100,1347,1.7358247422680413,hypothetical; not empirically measured mine-specific costs
Gradient Boosting,0.19,39,331,394,12,0.5579896907216495,0.10540540540540541,0.76470588235294112,0.18527315914489312,0.45655172413793105,370,0.47680412371134023,331,12,100,1531,1.972938144329897,hypothetical; not empirically measured mine-specific costs
Gradient Boosting,0.20000000000000001,38,308,417,13,0.58634020618556704,0.10982658959537572,0.74509803921568629,0.19143576826196473,0.42482758620689653,346,0.44587628865979384,308,13,100,1608,2.0721649484536084,hypothetical; not empirically measured mine-specific costs
Gradient Boosting,0.20999999999999999,38,291,434,13,0.60824742268041232,0.11550151975683891,0.74509803921568629,0.20000000000000001,0.4013793103448276,329,0.42396907216494845,291,13,100,1591,2.0502577319587627,hypothetical; not empirically measured mine-specific costs
Gradient Boosting,0.22,38,274,451,13,0.63015463917525771,0.12179487179487179,0.74509803921568629,0.20936639118457301,0.37793103448275861,312,0.40206185567010311,274,13,100,1574,2.0283505154639174,hypothetical; not empirically measured mine-specific costs
Gradient Boosting,0.23000000000000001,37,264,461,14,0.64175257731958768,0.12292358803986711,0.72549019607843135,0.21022727272727273,0.36413793103448278,301,0.38788659793814434,264,14,100,1664,2.1443298969072164,hypothetical; not empirically measured mine-specific costs
Gradient Boosting,0.23999999999999999,37,251,474,14,0.65850515463917525,0.12847222222222221,0.72549019607843135,0.21828908554572271,0.34620689655172415,288,0.37113402061855671,251,14,100,1651,2.1275773195876289,hypothetical; not empirically measured mine-specific costs
Gradient Boosting,0.25,37,240,485,14,0.67268041237113407,0.13357400722021662,0.72549019607843135,0.22560975609756098,0.33103448275862069,277,0.35695876288659795,240,14,100,1640,2.1134020618556701,hypothetical; not empirically measured mine-specific costs
Gradient Boosting,0.26000000000000001,37,233,492,14,0.68170103092783507,0.13703703703703704,0.72549019607843135,0.23052959501557632,0.32137931034482758,270,0.34793814432989689,233,14,100,1633,2.1043814432989691,hypothetical; not empirically measured mine-specific costs
Gradient Boosting,0.27000000000000002,36,223,502,15,0.69329896907216493,0.138996138996139,0.70588235294117652,0.23225806451612904,0.30758620689655175,259,0.33376288659793812,223,15,100,1723,2.2203608247422681,hypothetical; not empirically measured mine-specific costs
Gradient Boosting,0.28000000000000003,35,212,513,16,0.70618556701030932,0.1417004048582996,0.68627450980392157,0.2348993288590604,0.29241379310344828,247,0.31829896907216493,212,16,100,1812,2.3350515463917527,hypothetical; not empirically measured mine-specific costs
Gradient Boosting,0.28999999999999998,35,200,525,16,0.72164948453608246,0.14893617021276595,0.68627450980392157,0.24475524475524477,0.27586206896551724,235,0.30283505154639173,200,16,100,1800,2.3195876288659796,hypothetical; not empirically measured mine-specific costs
Gradient Boosting,0.29999999999999999,34,194,531,17,0.72809278350515461,0.14912280701754385,0.66666666666666663,0.24372759856630824,0.26758620689655171,228,0.29381443298969073,194,17,100,1894,2.4407216494845363,hypothetical; not empirically measured mine-specific costs
Gradient Boosting,0.31,32,186,539,19,0.73582474226804129,0.14678899082568808,0.62745098039215685,0.23791821561338289,0.25655172413793104,218,0.28092783505154639,186,19,100,2086,2.6881443298969074,hypothetical; not empirically measured mine-specific costs
Gradient Boosting,0.32000000000000001,31,178,547,20,0.74484536082474229,0.14832535885167464,0.60784313725490191,0.23846153846153847,0.24551724137931036,209,0.26932989690721648,178,20,100,2178,2.8067010309278349,hypothetical; not empirically measured mine-specific costs
Gradient Boosting,0.33000000000000002,30,171,554,21,0.75257731958762886,0.14925373134328357,0.58823529411764708,0.23809523809523808,0.23586206896551723,201,0.25902061855670105,171,21,100,2271,2.9265463917525771,hypothetical; not empirically measured mine-specific costs
Gradient Boosting,0.34000000000000002,30,161,564,21,0.76546391752577314,0.15706806282722513,0.58823529411764708,0.24793388429752067,0.22206896551724137,191,0.24613402061855671,161,21,100,2261,2.9136597938144329,hypothetical; not empirically measured mine-specific costs
Gradient Boosting,0.34999999999999998,29,158,567,22,0.76804123711340211,0.15508021390374332,0.56862745098039214,0.24369747899159663,0.21793103448275863,187,0.24097938144329897,158,22,100,2358,3.0386597938144329,hypothetical; not empirically measured mine-specific costs
Gradient Boosting,0.35999999999999999,29,146,579,22,0.78350515463917525,0.1657142857142857,0.56862745098039214,0.25663716814159293,0.20137931034482759,175,0.22551546391752578,146,22,100,2346,3.0231958762886597,hypothetical; not empirically measured mine-specific costs
Gradient Boosting,0.37,27,139,586,24,0.78994845360824739,0.16265060240963855,0.52941176470588236,0.24884792626728111,0.19172413793103449,166,0.21391752577319587,139,24,100,2539,3.2719072164948453,hypothetical; not empirically measured mine-specific costs
Gradient Boosting,0.38,27,132,593,24,0.7989690721649485,0.16981132075471697,0.52941176470588236,0.25714285714285712,0.18206896551724139,159,0.20489690721649484,132,24,100,2532,3.2628865979381443,hypothetical; not empirically measured mine-specific costs
Gradient Boosting,0.39000000000000001,27,126,599,24,0.80670103092783507,0.17647058823529413,0.52941176470588236,0.26470588235294118,0.17379310344827587,153,0.19716494845360824,126,24,100,2526,3.2551546391752577,hypothetical; not empirically measured mine-specific costs
Gradient Boosting,0.40000000000000002,26,118,607,25,0.81572164948453607,0.18055555555555555,0.50980392156862742,0.26666666666666666,0.16275862068965516,144,0.18556701030927836,118,25,100,2618,3.3737113402061856,hypothetical; not empirically measured mine-specific costs
Gradient Boosting,0.40999999999999998,24,113,612,27,0.81958762886597936,0.17518248175182483,0.47058823529411764,0.25531914893617019,0.15586206896551724,137,0.17654639175257733,113,27,100,2813,3.625,hypothetical; not empirically measured mine-specific costs
Gradient Boosting,0.41999999999999998,24,108,617,27,0.8260309278350515,0.18181818181818182,0.47058823529411764,0.26229508196721313,0.1489655172413793,132,0.17010309278350516,108,27,100,2808,3.6185567010309279,hypothetical; not empirically measured mine-specific costs
Gradient Boosting,0.42999999999999999,24,106,619,27,0.82860824742268047,0.18461538461538463,0.47058823529411764,0.26519337016574585,0.14620689655172414,130,0.16752577319587628,106,27,100,2806,3.615979381443299,hypothetical; not empirically measured mine-specific costs
Gradient Boosting,0.44,22,104,621,29,0.82860824742268047,0.17460317460317459,0.43137254901960786,0.24858757062146894,0.14344827586206896,126,0.16237113402061856,104,29,100,3004,3.8711340206185567,hypothetical; not empirically measured mine-specific costs
Gradient Boosting,0.45000000000000001,21,102,623,30,0.82989690721649489,0.17073170731707318,0.41176470588235292,0.2413793103448276,0.1406896551724138,123,0.15850515463917525,102,30,100,3102,3.9974226804123711,hypothetical; not empirically measured mine-specific costs
Gradient Boosting,0.46000000000000002,21,99,626,30,0.83376288659793818,0.17499999999999999,0.41176470588235292,0.24561403508771928,0.13655172413793104,120,0.15463917525773196,99,30,100,3099,3.9935567010309279,hypothetical; not empirically measured mine-specific costs
Gradient Boosting,0.46999999999999997,21,94,631,30,0.84020618556701032,0.18260869565217391,0.41176470588235292,0.25301204819277107,0.1296551724137931,115,0.14819587628865979,94,30,100,3094,3.9871134020618557,hypothetical; not empirically measured mine-specific costs
Gradient Boosting,0.47999999999999998,21,87,638,30,0.84922680412371132,0.19444444444444445,0.41176470588235292,0.26415094339622641,0.12,108,0.13917525773195877,87,30,100,3087,3.9780927835051547,hypothetical; not empirically measured mine-specific costs
Gradient Boosting,0.48999999999999999,21,84,641,30,0.85309278350515461,0.20000000000000001,0.41176470588235292,0.26923076923076922,0.11586206896551725,105,0.13530927835051546,84,30,100,3084,3.9742268041237114,hypothetical; not empirically measured mine-specific costs
Gradient Boosting,0.5,21,83,642,30,0.85438144329896903,0.20192307692307693,0.41176470588235292,0.2709677419354839,0.11448275862068966,104,0.13402061855670103,83,30,100,3083,3.972938144329897,hypothetical; not empirically measured mine-specific costs
Gradient Boosting,0.51000000000000001,20,81,644,31,0.85567010309278346,0.19801980198019803,0.39215686274509803,0.26315789473684209,0.11172413793103449,101,0.13015463917525774,81,31,100,3181,4.0992268041237114,hypothetical; not empirically measured mine-specific costs
Gradient Boosting,0.52000000000000002,20,74,651,31,0.86469072164948457,0.21276595744680851,0.39215686274509803,0.27586206896551724,0.10206896551724139,94,0.1211340206185567,74,31,100,3174,4.09020618556701,hypothetical; not empirically measured mine-specific costs
Gradient Boosting,0.53000000000000003,20,71,654,31,0.86855670103092786,0.21978021978021978,0.39215686274509803,0.28169014084507044,0.097931034482758625,91,0.1172680412371134,71,31,100,3171,4.0863402061855671,hypothetical; not empirically measured mine-specific costs
Gradient Boosting,0.54000000000000004,19,68,657,32,0.87113402061855671,0.21839080459770116,0.37254901960784315,0.27536231884057971,0.093793103448275864,87,0.11211340206185567,68,32,100,3268,4.2113402061855671,hypothetical; not empirically measured mine-specific costs
Gradient Boosting,0.55000000000000004,19,65,660,32,0.875,0.22619047619047619,0.37254901960784315,0.2814814814814815,0.089655172413793102,84,0.10824742268041238,65,32,100,3265,4.2074742268041234,hypothetical; not empirically measured mine-specific costs
Gradient Boosting,0.56000000000000005,18,63,662,33,0.87628865979381443,0.22222222222222221,0.35294117647058826,0.27272727272727271,0.086896551724137933,81,0.10438144329896908,63,33,100,3363,4.3337628865979383,hypothetical; not empirically measured mine-specific costs
Gradient Boosting,0.56999999999999995,18,60,665,33,0.88015463917525771,0.23076923076923078,0.35294117647058826,0.27906976744186046,0.082758620689655171,78,0.10051546391752578,60,33,100,3360,4.3298969072164946,hypothetical; not empirically measured mine-specific costs
Gradient Boosting,0.57999999999999996,18,60,665,33,0.88015463917525771,0.23076923076923078,0.35294117647058826,0.27906976744186046,0.082758620689655171,78,0.10051546391752578,60,33,100,3360,4.3298969072164946,hypothetical; not empirically measured mine-specific costs
Gradient Boosting,0.58999999999999997,18,56,669,33,0.88530927835051543,0.24324324324324326,0.35294117647058826,0.28799999999999998,0.077241379310344832,74,0.095360824742268036,56,33,100,3356,4.3247422680412368,hypothetical; not empirically measured mine-specific costs
Gradient Boosting,0.59999999999999998,18,51,674,33,0.89175257731958768,0.2608695652173913,0.35294117647058826,0.29999999999999999,0.070344827586206901,69,0.08891752577319588,51,33,100,3351,4.3182989690721651,hypothetical; not empirically measured mine-specific costs
Gradient Boosting,0.60999999999999999,17,50,675,34,0.89175257731958768,0.2537313432835821,0.33333333333333331,0.28813559322033899,0.068965517241379309,67,0.086340206185567009,50,34,100,3450,4.445876288659794,hypothetical; not empirically measured mine-specific costs
Gradient Boosting,0.62,17,48,677,34,0.89432989690721654,0.26153846153846155,0.33333333333333331,0.29310344827586204,0.06620689655172414,65,0.083762886597938138,48,34,100,3448,4.4432989690721651,hypothetical; not empirically measured mine-specific costs
Gradient Boosting,0.63,17,47,678,34,0.89561855670103097,0.265625,0.33333333333333331,0.29565217391304349,0.064827586206896548,64,0.08247422680412371,47,34,100,3447,4.4420103092783503,hypothetical; not empirically measured mine-specific costs
Gradient Boosting,0.64000000000000001,17,45,680,34,0.89819587628865982,0.27419354838709675,0.33333333333333331,0.30088495575221241,0.062068965517241378,62,0.079896907216494839,45,34,100,3445,4.4394329896907214,hypothetical; not empirically measured mine-specific costs
Gradient Boosting,0.65000000000000002,16,44,681,35,0.89819587628865982,0.26666666666666666,0.31372549019607843,0.28828828828828829,0.060689655172413794,60,0.077319587628865982,44,35,100,3544,4.5670103092783503,hypothetical; not empirically measured mine-specific costs
Gradient Boosting,0.66000000000000003,16,42,683,35,0.90077319587628868,0.27586206896551724,0.31372549019607843,0.29357798165137616,0.057931034482758624,58,0.074742268041237112,42,35,100,3542,4.5644329896907214,hypothetical; not empirically measured mine-specific costs
Gradient Boosting,0.67000000000000004,15,40,685,36,0.90206185567010311,0.27272727272727271,0.29411764705882354,0.28301886792452829,0.055172413793103448,55,0.070876288659793812,40,36,100,3640,4.6907216494845363,hypothetical; not empirically measured mine-specific costs
Gradient Boosting,0.68000000000000005,15,35,690,36,0.90850515463917525,0.29999999999999999,0.29411764705882354,0.29702970297029702,0.048275862068965517,50,0.064432989690721643,35,36,100,3635,4.6842783505154637,hypothetical; not empirically measured mine-specific costs
Gradient Boosting,0.68999999999999995,15,34,691,36,0.90979381443298968,0.30612244897959184,0.29411764705882354,0.29999999999999999,0.046896551724137932,49,0.063144329896907214,34,36,100,3634,4.6829896907216497,hypothetical; not empirically measured mine-specific costs
Gradient Boosting,0.69999999999999996,15,34,691,36,0.90979381443298968,0.30612244897959184,0.29411764705882354,0.29999999999999999,0.046896551724137932,49,0.063144329896907214,34,36,100,3634,4.6829896907216497,hypothetical; not empirically measured mine-specific costs
Gradient Boosting,0.70999999999999996,15,31,694,36,0.91365979381443296,0.32608695652173914,0.29411764705882354,0.30927835051546393,0.04275862068965517,46,0.059278350515463915,31,36,100,3631,4.679123711340206,hypothetical; not empirically measured mine-specific costs
Gradient Boosting,0.71999999999999997,15,26,699,36,0.92010309278350511,0.36585365853658536,0.29411764705882354,0.32608695652173914,0.035862068965517239,41,0.052835051546391752,26,36,100,3626,4.6726804123711343,hypothetical; not empirically measured mine-specific costs
Gradient Boosting,0.72999999999999998,15,25,700,36,0.92139175257731953,0.375,0.29411764705882354,0.32967032967032966,0.034482758620689655,40,0.051546391752577317,25,36,100,3625,4.6713917525773194,hypothetical; not empirically measured mine-specific costs
Gradient Boosting,0.73999999999999999,15,23,702,36,0.9239690721649485,0.39473684210526316,0.29411764705882354,0.33707865168539325,0.031724137931034485,38,0.048969072164948453,23,36,100,3623,4.6688144329896906,hypothetical; not empirically measured mine-specific costs
Gradient Boosting,0.75,15,22,703,36,0.92525773195876293,0.40540540540540543,0.29411764705882354,0.34090909090909088,0.030344827586206897,37,0.047680412371134018,22,36,100,3622,4.6675257731958766,hypothetical; not empirically measured mine-specific costs
Gradient Boosting,0.76000000000000001,12,19,706,39,0.92525773195876293,0.38709677419354838,0.23529411764705882,0.29268292682926828,0.026206896551724139,31,0.03994845360824742,19,39,100,3919,5.0502577319587632,hypothetical; not empirically measured mine-specific costs
Gradient Boosting,0.77000000000000002,12,16,709,39,0.92912371134020622,0.42857142857142855,0.23529411764705882,0.30379746835443039,0.022068965517241378,28,0.03608247422680412,16,39,100,3916,5.0463917525773194,hypothetical; not empirically measured mine-specific costs
Gradient Boosting,0.78000000000000003,11,14,711,40,0.93041237113402064,0.44,0.21568627450980393,0.28947368421052633,0.019310344827586208,25,0.032216494845360821,14,40,100,4014,5.1726804123711343,hypothetical; not empirically measured mine-specific costs
Gradient Boosting,0.79000000000000004,10,12,713,41,0.93170103092783507,0.45454545454545453,0.19607843137254902,0.27397260273972601,0.016551724137931035,22,0.028350515463917526,12,41,100,4112,5.2989690721649483,hypothetical; not empirically measured mine-specific costs
Gradient Boosting,0.80000000000000004,8,10,715,43,0.93170103092783507,0.44444444444444442,0.15686274509803921,0.2318840579710145,0.013793103448275862,18,0.023195876288659795,10,43,100,4310,5.554123711340206,hypothetical; not empirically measured mine-specific costs
Gradient Boosting,0.81000000000000005,6,8,717,45,0.93170103092783507,0.42857142857142855,0.11764705882352941,0.18461538461538463,0.011034482758620689,14,0.01804123711340206,8,45,100,4508,5.8092783505154637,hypothetical; not empirically measured mine-specific costs
Gradient Boosting,0.81999999999999995,6,5,720,45,0.93556701030927836,0.54545454545454541,0.11764705882352941,0.19354838709677419,0.0068965517241379309,11,0.014175257731958763,5,45,100,4505,5.8054123711340209,hypothetical; not empirically measured mine-specific costs
Gradient Boosting,0.82999999999999996,5,5,720,46,0.93427835051546393,0.5,0.098039215686274508,0.16393442622950818,0.0068965517241379309,10,0.012886597938144329,5,46,100,4605,5.9342783505154637,hypothetical; not empirically measured mine-specific costs
Gradient Boosting,0.83999999999999997,5,4,721,46,0.93556701030927836,0.55555555555555558,0.098039215686274508,0.16666666666666666,0.0055172413793103444,9,0.011597938144329897,4,46,100,4604,5.9329896907216497,hypothetical; not empirically measured mine-specific costs
Gradient Boosting,0.84999999999999998,3,3,722,48,0.93427835051546393,0.5,0.058823529411764705,0.10526315789473684,0.0041379310344827587,6,0.0077319587628865982,3,48,100,4803,6.1894329896907214,hypothetical; not empirically measured mine-specific costs
Gradient Boosting,0.85999999999999999,2,3,722,49,0.9329896907216495,0.40000000000000002,0.039215686274509803,0.071428571428571425,0.0041379310344827587,5,0.0064432989690721646,3,49,100,4903,6.3182989690721651,hypothetical; not empirically measured mine-specific costs
Gradient Boosting,0.87,2,2,723,49,0.93427835051546393,0.5,0.039215686274509803,0.072727272727272724,0.0027586206896551722,4,0.0051546391752577319,2,49,100,4902,6.3170103092783503,hypothetical; not empirically measured mine-specific costs
Gradient Boosting,0.88,2,1,724,49,0.93556701030927836,0.66666666666666663,0.039215686274509803,0.07407407407407407,0.0013793103448275861,3,0.0038659793814432991,1,49,100,4901,6.3157216494845363,hypothetical; not empirically measured mine-specific costs
Gradient Boosting,0.89000000000000001,1,1,724,50,0.93427835051546393,0.5,0.019607843137254902,0.037735849056603772,0.0013793103448275861,2,0.0025773195876288659,1,50,100,5001,6.4445876288659791,hypothetical; not empirically measured mine-specific costs
Gradient Boosting,0.90000000000000002,0,0,725,51,0.93427835051546393,0,0,0,0,0,0,0,51,100,5100,6.572164948453608,hypothetical; not empirically measured mine-specific costs
Gradient Boosting,0.91000000000000003,0,0,725,51,0.93427835051546393,0,0,0,0,0,0,0,51,100,5100,6.572164948453608,hypothetical; not empirically measured mine-specific costs
Gradient Boosting,0.92000000000000004,0,0,725,51,0.93427835051546393,0,0,0,0,0,0,0,51,100,5100,6.572164948453608,hypothetical; not empirically measured mine-specific costs
Gradient Boosting,0.93000000000000005,0,0,725,51,0.93427835051546393,0,0,0,0,0,0,0,51,100,5100,6.572164948453608,hypothetical; not empirically measured mine-specific costs
Gradient Boosting,0.93999999999999995,0,0,725,51,0.93427835051546393,0,0,0,0,0,0,0,51,100,5100,6.572164948453608,hypothetical; not empirically measured mine-specific costs
Gradient Boosting,0.94999999999999996,0,0,725,51,0.93427835051546393,0,0,0,0,0,0,0,51,100,5100,6.572164948453608,hypothetical; not empirically measured mine-specific costs
Gradient Boosting,0.95999999999999996,0,0,725,51,0.93427835051546393,0,0,0,0,0,0,0,51,100,5100,6.572164948453608,hypothetical; not empirically measured mine-specific costs
Gradient Boosting,0.96999999999999997,0,0,725,51,0.93427835051546393,0,0,0,0,0,0,0,51,100,5100,6.572164948453608,hypothetical; not empirically measured mine-specific costs
Gradient Boosting,0.97999999999999998,0,0,725,51,0.93427835051546393,0,0,0,0,0,0,0,51,100,5100,6.572164948453608,hypothetical; not empirically measured mine-specific costs
Gradient Boosting,0.98999999999999999,0,0,725,51,0.93427835051546393,0,0,0,0,0,0,0,51,100,5100,6.572164948453608,hypothetical; not empirically measured mine-specific costs
SVM,0.01,51,725,0,0,0.065721649484536085,0.065721649484536085,1,0.12333736396614269,1,776,1,725,0,100,725,0.93427835051546393,hypothetical; not empirically measured mine-specific costs
SVM,0.02,51,724,1,0,0.067010309278350513,0.06580645161290323,1,0.12348668280871671,0.99862068965517237,775,0.99871134020618557,724,0,100,724,0.9329896907216495,hypothetical; not empirically measured mine-specific costs
SVM,0.029999999999999999,51,714,11,0,0.079896907216494839,0.066666666666666666,1,0.125,0.98482758620689659,765,0.98582474226804129,714,0,100,714,0.92010309278350511,hypothetical; not empirically measured mine-specific costs
SVM,0.040000000000000001,41,418,307,10,0.4484536082474227,0.089324618736383449,0.80392156862745101,0.16078431372549021,0.57655172413793099,459,0.59149484536082475,418,10,100,1418,1.8273195876288659,hypothetical; not empirically measured mine-specific costs
SVM,0.050000000000000003,31,240,485,20,0.66494845360824739,0.11439114391143912,0.60784313725490191,0.19254658385093168,0.33103448275862069,271,0.34922680412371132,240,20,100,2240,2.8865979381443299,hypothetical; not empirically measured mine-specific costs
SVM,0.059999999999999998,29,187,538,22,0.73067010309278346,0.13425925925925927,0.56862745098039214,0.21722846441947566,0.25793103448275861,216,0.27835051546391754,187,22,100,2387,3.0760309278350517,hypothetical; not empirically measured mine-specific costs
SVM,0.070000000000000007,25,148,577,26,0.77577319587628868,0.14450867052023122,0.49019607843137253,0.22321428571428573,0.20413793103448277,173,0.22293814432989692,148,26,100,2748,3.5412371134020617,hypothetical; not empirically measured mine-specific costs
SVM,0.080000000000000002,20,125,600,31,0.7989690721649485,0.13793103448275862,0.39215686274509803,0.20408163265306123,0.17241379310344829,145,0.18685567010309279,125,31,100,3225,4.1559278350515463,hypothetical; not empirically measured mine-specific costs
SVM,0.089999999999999997,19,103,622,32,0.8260309278350515,0.15573770491803279,0.37254901960784315,0.21965317919075145,0.14206896551724138,122,0.15721649484536082,103,32,100,3303,4.2564432989690726,hypothetical; not empirically measured mine-specific costs
SVM,0.10000000000000001,18,80,645,33,0.85438144329896903,0.18367346938775511,0.35294117647058826,0.24161073825503357,0.1103448275862069,98,0.12628865979381443,80,33,100,3380,4.3556701030927831,hypothetical; not empirically measured mine-specific costs
SVM,0.11,17,73,652,34,0.86211340206185572,0.18888888888888888,0.33333333333333331,0.24113475177304963,0.10068965517241379,90,0.11597938144329897,73,34,100,3473,4.4755154639175254,hypothetical; not empirically measured mine-specific costs
SVM,0.12,17,62,663,34,0.87628865979381443,0.21518987341772153,0.33333333333333331,0.26153846153846155,0.085517241379310341,79,0.10180412371134021,62,34,100,3462,4.4613402061855671,hypothetical; not empirically measured mine-specific costs
SVM,0.13,16,58,667,35,0.88015463917525771,0.21621621621621623,0.31372549019607843,0.25600000000000001,0.080000000000000002,74,0.095360824742268036,58,35,100,3558,4.5850515463917523,hypothetical; not empirically measured mine-specific costs
SVM,0.14000000000000001,16,53,672,35,0.88659793814432986,0.2318840579710145,0.31372549019607843,0.26666666666666666,0.073103448275862071,69,0.08891752577319588,53,35,100,3553,4.5786082474226806,hypothetical; not empirically measured mine-specific costs
SVM,0.14999999999999999,15,45,680,36,0.89561855670103097,0.25,0.29411764705882354,0.27027027027027029,0.062068965517241378,60,0.077319587628865982,45,36,100,3645,4.697164948453608,hypothetical; not empirically measured mine-specific costs
SVM,0.16,12,38,687,39,0.90077319587628868,0.23999999999999999,0.23529411764705882,0.23762376237623761,0.052413793103448278,50,0.064432989690721643,38,39,100,3938,5.0747422680412368,hypothetical; not empirically measured mine-specific costs
SVM,0.17000000000000001,10,33,692,41,0.90463917525773196,0.23255813953488372,0.19607843137254902,0.21276595744680851,0.045517241379310347,43,0.055412371134020616,33,41,100,4133,5.3260309278350517,hypothetical; not empirically measured mine-specific costs
SVM,0.17999999999999999,10,26,699,41,0.91365979381443296,0.27777777777777779,0.19607843137254902,0.22988505747126436,0.035862068965517239,36,0.046391752577319589,26,41,100,4126,5.3170103092783503,hypothetical; not empirically measured mine-specific costs
SVM,0.19,8,21,704,43,0.91752577319587625,0.27586206896551724,0.15686274509803921,0.20000000000000001,0.028965517241379312,29,0.037371134020618556,21,43,100,4321,5.5682989690721651,hypothetical; not empirically measured mine-specific costs
SVM,0.20000000000000001,5,17,708,46,0.91881443298969068,0.22727272727272727,0.098039215686274508,0.13698630136986301,0.023448275862068966,22,0.028350515463917526,17,46,100,4617,5.9497422680412368,hypothetical; not empirically measured mine-specific costs
SVM,0.20999999999999999,4,13,712,47,0.92268041237113407,0.23529411764705882,0.078431372549019607,0.11764705882352941,0.01793103448275862,17,0.021907216494845359,13,47,100,4713,6.0734536082474229,hypothetical; not empirically measured mine-specific costs
SVM,0.22,4,11,714,47,0.92525773195876293,0.26666666666666666,0.078431372549019607,0.12121212121212122,0.015172413793103448,15,0.019329896907216496,11,47,100,4711,6.070876288659794,hypothetical; not empirically measured mine-specific costs
SVM,0.23000000000000001,3,6,719,48,0.93041237113402064,0.33333333333333331,0.058823529411764705,0.10000000000000001,0.0082758620689655175,9,0.011597938144329897,6,48,100,4806,6.1932989690721651,hypothetical; not empirically measured mine-specific costs
SVM,0.23999999999999999,1,4,721,50,0.93041237113402064,0.20000000000000001,0.019607843137254902,0.035714285714285712,0.0055172413793103444,5,0.0064432989690721646,4,50,100,5004,6.4484536082474229,hypothetical; not empirically measured mine-specific costs
SVM,0.25,1,3,722,50,0.93170103092783507,0.25,0.019607843137254902,0.036363636363636362,0.0041379310344827587,4,0.0051546391752577319,3,50,100,5003,6.447164948453608,hypothetical; not empirically measured mine-specific costs
SVM,0.26000000000000001,1,2,723,50,0.9329896907216495,0.33333333333333331,0.019607843137254902,0.037037037037037035,0.0027586206896551722,3,0.0038659793814432991,2,50,100,5002,6.445876288659794,hypothetical; not empirically measured mine-specific costs
SVM,0.27000000000000002,0,1,724,51,0.9329896907216495,0,0,0,0.0013793103448275861,1,0.001288659793814433,1,51,100,5101,6.5734536082474229,hypothetical; not empirically measured mine-specific costs
SVM,0.28000000000000003,0,0,725,51,0.93427835051546393,0,0,0,0,0,0,0,51,100,5100,6.572164948453608,hypothetical; not empirically measured mine-specific costs
SVM,0.28999999999999998,0,0,725,51,0.93427835051546393,0,0,0,0,0,0,0,51,100,5100,6.572164948453608,hypothetical; not empirically measured mine-specific costs
SVM,0.29999999999999999,0,0,725,51,0.93427835051546393,0,0,0,0,0,0,0,51,100,5100,6.572164948453608,hypothetical; not empirically measured mine-specific costs
SVM,0.31,0,0,725,51,0.93427835051546393,0,0,0,0,0,0,0,51,100,5100,6.572164948453608,hypothetical; not empirically measured mine-specific costs
SVM,0.32000000000000001,0,0,725,51,0.93427835051546393,0,0,0,0,0,0,0,51,100,5100,6.572164948453608,hypothetical; not empirically measured mine-specific costs
SVM,0.33000000000000002,0,0,725,51,0.93427835051546393,0,0,0,0,0,0,0,51,100,5100,6.572164948453608,hypothetical; not empirically measured mine-specific costs
SVM,0.34000000000000002,0,0,725,51,0.93427835051546393,0,0,0,0,0,0,0,51,100,5100,6.572164948453608,hypothetical; not empirically measured mine-specific costs
SVM,0.34999999999999998,0,0,725,51,0.93427835051546393,0,0,0,0,0,0,0,51,100,5100,6.572164948453608,hypothetical; not empirically measured mine-specific costs
SVM,0.35999999999999999,0,0,725,51,0.93427835051546393,0,0,0,0,0,0,0,51,100,5100,6.572164948453608,hypothetical; not empirically measured mine-specific costs
SVM,0.37,0,0,725,51,0.93427835051546393,0,0,0,0,0,0,0,51,100,5100,6.572164948453608,hypothetical; not empirically measured mine-specific costs
SVM,0.38,0,0,725,51,0.93427835051546393,0,0,0,0,0,0,0,51,100,5100,6.572164948453608,hypothetical; not empirically measured mine-specific costs
SVM,0.39000000000000001,0,0,725,51,0.93427835051546393,0,0,0,0,0,0,0,51,100,5100,6.572164948453608,hypothetical; not empirically measured mine-specific costs
SVM,0.40000000000000002,0,0,725,51,0.93427835051546393,0,0,0,0,0,0,0,51,100,5100,6.572164948453608,hypothetical; not empirically measured mine-specific costs
SVM,0.40999999999999998,0,0,725,51,0.93427835051546393,0,0,0,0,0,0,0,51,100,5100,6.572164948453608,hypothetical; not empirically measured mine-specific costs
SVM,0.41999999999999998,0,0,725,51,0.93427835051546393,0,0,0,0,0,0,0,51,100,5100,6.572164948453608,hypothetical; not empirically measured mine-specific costs
SVM,0.42999999999999999,0,0,725,51,0.93427835051546393,0,0,0,0,0,0,0,51,100,5100,6.572164948453608,hypothetical; not empirically measured mine-specific costs
SVM,0.44,0,0,725,51,0.93427835051546393,0,0,0,0,0,0,0,51,100,5100,6.572164948453608,hypothetical; not empirically measured mine-specific costs
SVM,0.45000000000000001,0,0,725,51,0.93427835051546393,0,0,0,0,0,0,0,51,100,5100,6.572164948453608,hypothetical; not empirically measured mine-specific costs
SVM,0.46000000000000002,0,0,725,51,0.93427835051546393,0,0,0,0,0,0,0,51,100,5100,6.572164948453608,hypothetical; not empirically measured mine-specific costs
SVM,0.46999999999999997,0,0,725,51,0.93427835051546393,0,0,0,0,0,0,0,51,100,5100,6.572164948453608,hypothetical; not empirically measured mine-specific costs
SVM,0.47999999999999998,0,0,725,51,0.93427835051546393,0,0,0,0,0,0,0,51,100,5100,6.572164948453608,hypothetical; not empirically measured mine-specific costs
SVM,0.48999999999999999,0,0,725,51,0.93427835051546393,0,0,0,0,0,0,0,51,100,5100,6.572164948453608,hypothetical; not empirically measured mine-specific costs
SVM,0.5,0,0,725,51,0.93427835051546393,0,0,0,0,0,0,0,51,100,5100,6.572164948453608,hypothetical; not empirically measured mine-specific costs
SVM,0.51000000000000001,0,0,725,51,0.93427835051546393,0,0,0,0,0,0,0,51,100,5100,6.572164948453608,hypothetical; not empirically measured mine-specific costs
SVM,0.52000000000000002,0,0,725,51,0.93427835051546393,0,0,0,0,0,0,0,51,100,5100,6.572164948453608,hypothetical; not empirically measured mine-specific costs
SVM,0.53000000000000003,0,0,725,51,0.93427835051546393,0,0,0,0,0,0,0,51,100,5100,6.572164948453608,hypothetical; not empirically measured mine-specific costs
SVM,0.54000000000000004,0,0,725,51,0.93427835051546393,0,0,0,0,0,0,0,51,100,5100,6.572164948453608,hypothetical; not empirically measured mine-specific costs
SVM,0.55000000000000004,0,0,725,51,0.93427835051546393,0,0,0,0,0,0,0,51,100,5100,6.572164948453608,hypothetical; not empirically measured mine-specific costs
SVM,0.56000000000000005,0,0,725,51,0.93427835051546393,0,0,0,0,0,0,0,51,100,5100,6.572164948453608,hypothetical; not empirically measured mine-specific costs
SVM,0.56999999999999995,0,0,725,51,0.93427835051546393,0,0,0,0,0,0,0,51,100,5100,6.572164948453608,hypothetical; not empirically measured mine-specific costs
SVM,0.57999999999999996,0,0,725,51,0.93427835051546393,0,0,0,0,0,0,0,51,100,5100,6.572164948453608,hypothetical; not empirically measured mine-specific costs
SVM,0.58999999999999997,0,0,725,51,0.93427835051546393,0,0,0,0,0,0,0,51,100,5100,6.572164948453608,hypothetical; not empirically measured mine-specific costs
SVM,0.59999999999999998,0,0,725,51,0.93427835051546393,0,0,0,0,0,0,0,51,100,5100,6.572164948453608,hypothetical; not empirically measured mine-specific costs
SVM,0.60999999999999999,0,0,725,51,0.93427835051546393,0,0,0,0,0,0,0,51,100,5100,6.572164948453608,hypothetical; not empirically measured mine-specific costs
SVM,0.62,0,0,725,51,0.93427835051546393,0,0,0,0,0,0,0,51,100,5100,6.572164948453608,hypothetical; not empirically measured mine-specific costs
SVM,0.63,0,0,725,51,0.93427835051546393,0,0,0,0,0,0,0,51,100,5100,6.572164948453608,hypothetical; not empirically measured mine-specific costs
SVM,0.64000000000000001,0,0,725,51,0.93427835051546393,0,0,0,0,0,0,0,51,100,5100,6.572164948453608,hypothetical; not empirically measured mine-specific costs
SVM,0.65000000000000002,0,0,725,51,0.93427835051546393,0,0,0,0,0,0,0,51,100,5100,6.572164948453608,hypothetical; not empirically measured mine-specific costs
SVM,0.66000000000000003,0,0,725,51,0.93427835051546393,0,0,0,0,0,0,0,51,100,5100,6.572164948453608,hypothetical; not empirically measured mine-specific costs
SVM,0.67000000000000004,0,0,725,51,0.93427835051546393,0,0,0,0,0,0,0,51,100,5100,6.572164948453608,hypothetical; not empirically measured mine-specific costs
SVM,0.68000000000000005,0,0,725,51,0.93427835051546393,0,0,0,0,0,0,0,51,100,5100,6.572164948453608,hypothetical; not empirically measured mine-specific costs
SVM,0.68999999999999995,0,0,725,51,0.93427835051546393,0,0,0,0,0,0,0,51,100,5100,6.572164948453608,hypothetical; not empirically measured mine-specific costs
SVM,0.69999999999999996,0,0,725,51,0.93427835051546393,0,0,0,0,0,0,0,51,100,5100,6.572164948453608,hypothetical; not empirically measured mine-specific costs
SVM,0.70999999999999996,0,0,725,51,0.93427835051546393,0,0,0,0,0,0,0,51,100,5100,6.572164948453608,hypothetical; not empirically measured mine-specific costs
SVM,0.71999999999999997,0,0,725,51,0.93427835051546393,0,0,0,0,0,0,0,51,100,5100,6.572164948453608,hypothetical; not empirically measured mine-specific costs
SVM,0.72999999999999998,0,0,725,51,0.93427835051546393,0,0,0,0,0,0,0,51,100,5100,6.572164948453608,hypothetical; not empirically measured mine-specific costs
SVM,0.73999999999999999,0,0,725,51,0.93427835051546393,0,0,0,0,0,0,0,51,100,5100,6.572164948453608,hypothetical; not empirically measured mine-specific costs
SVM,0.75,0,0,725,51,0.93427835051546393,0,0,0,0,0,0,0,51,100,5100,6.572164948453608,hypothetical; not empirically measured mine-specific costs
SVM,0.76000000000000001,0,0,725,51,0.93427835051546393,0,0,0,0,0,0,0,51,100,5100,6.572164948453608,hypothetical; not empirically measured mine-specific costs
SVM,0.77000000000000002,0,0,725,51,0.93427835051546393,0,0,0,0,0,0,0,51,100,5100,6.572164948453608,hypothetical; not empirically measured mine-specific costs
SVM,0.78000000000000003,0,0,725,51,0.93427835051546393,0,0,0,0,0,0,0,51,100,5100,6.572164948453608,hypothetical; not empirically measured mine-specific costs
SVM,0.79000000000000004,0,0,725,51,0.93427835051546393,0,0,0,0,0,0,0,51,100,5100,6.572164948453608,hypothetical; not empirically measured mine-specific costs
SVM,0.80000000000000004,0,0,725,51,0.93427835051546393,0,0,0,0,0,0,0,51,100,5100,6.572164948453608,hypothetical; not empirically measured mine-specific costs
SVM,0.81000000000000005,0,0,725,51,0.93427835051546393,0,0,0,0,0,0,0,51,100,5100,6.572164948453608,hypothetical; not empirically measured mine-specific costs
SVM,0.81999999999999995,0,0,725,51,0.93427835051546393,0,0,0,0,0,0,0,51,100,5100,6.572164948453608,hypothetical; not empirically measured mine-specific costs
SVM,0.82999999999999996,0,0,725,51,0.93427835051546393,0,0,0,0,0,0,0,51,100,5100,6.572164948453608,hypothetical; not empirically measured mine-specific costs
SVM,0.83999999999999997,0,0,725,51,0.93427835051546393,0,0,0,0,0,0,0,51,100,5100,6.572164948453608,hypothetical; not empirically measured mine-specific costs
SVM,0.84999999999999998,0,0,725,51,0.93427835051546393,0,0,0,0,0,0,0,51,100,5100,6.572164948453608,hypothetical; not empirically measured mine-specific costs
SVM,0.85999999999999999,0,0,725,51,0.93427835051546393,0,0,0,0,0,0,0,51,100,5100,6.572164948453608,hypothetical; not empirically measured mine-specific costs
SVM,0.87,0,0,725,51,0.93427835051546393,0,0,0,0,0,0,0,51,100,5100,6.572164948453608,hypothetical; not empirically measured mine-specific costs
SVM,0.88,0,0,725,51,0.93427835051546393,0,0,0,0,0,0,0,51,100,5100,6.572164948453608,hypothetical; not empirically measured mine-specific costs
SVM,0.89000000000000001,0,0,725,51,0.93427835051546393,0,0,0,0,0,0,0,51,100,5100,6.572164948453608,hypothetical; not empirically measured mine-specific costs
SVM,0.90000000000000002,0,0,725,51,0.93427835051546393,0,0,0,0,0,0,0,51,100,5100,6.572164948453608,hypothetical; not empirically measured mine-specific costs
SVM,0.91000000000000003,0,0,725,51,0.93427835051546393,0,0,0,0,0,0,0,51,100,5100,6.572164948453608,hypothetical; not empirically measured mine-specific costs
SVM,0.92000000000000004,0,0,725,51,0.93427835051546393,0,0,0,0,0,0,0,51,100,5100,6.572164948453608,hypothetical; not empirically measured mine-specific costs
SVM,0.93000000000000005,0,0,725,51,0.93427835051546393,0,0,0,0,0,0,0,51,100,5100,6.572164948453608,hypothetical; not empirically measured mine-specific costs
SVM,0.93999999999999995,0,0,725,51,0.93427835051546393,0,0,0,0,0,0,0,51,100,5100,6.572164948453608,hypothetical; not empirically measured mine-specific costs
SVM,0.94999999999999996,0,0,725,51,0.93427835051546393,0,0,0,0,0,0,0,51,100,5100,6.572164948453608,hypothetical; not empirically measured mine-specific costs
SVM,0.95999999999999996,0,0,725,51,0.93427835051546393,0,0,0,0,0,0,0,51,100,5100,6.572164948453608,hypothetical; not empirically measured mine-specific costs
SVM,0.96999999999999997,0,0,725,51,0.93427835051546393,0,0,0,0,0,0,0,51,100,5100,6.572164948453608,hypothetical; not empirically measured mine-specific costs
SVM,0.97999999999999998,0,0,725,51,0.93427835051546393,0,0,0,0,0,0,0,51,100,5100,6.572164948453608,hypothetical; not empirically measured mine-specific costs
SVM,0.98999999999999999,0,0,725,51,0.93427835051546393,0,0,0,0,0,0,0,51,100,5100,6.572164948453608,hypothetical; not empirically measured mine-specific costs
