Model,Curve,x,y
Logistic Regression,ROC,0,0
Logistic Regression,ROC,0.0013793103448275861,0
Logistic Regression,ROC,0.0027586206896551722,0
Logistic Regression,ROC,0.0027586206896551722,0.019607843137254902
Logistic Regression,ROC,0.012413793103448275,0.019607843137254902
Logistic Regression,ROC,0.012413793103448275,0.058823529411764705
Logistic Regression,ROC,0.020689655172413793,0.058823529411764705
Logistic Regression,ROC,0.020689655172413793,0.11764705882352941
Logistic Regression,ROC,0.024827586206896551,0.11764705882352941
Logistic Regression,ROC,0.024827586206896551,0.13725490196078433
Logistic Regression,ROC,0.027586206896551724,0.13725490196078433
Logistic Regression,ROC,0.027586206896551724,0.15686274509803921
Logistic Regression,ROC,0.028965517241379312,0.15686274509803921
Logistic Regression,ROC,0.028965517241379312,0.17647058823529413
Logistic Regression,ROC,0.030344827586206897,0.17647058823529413
Logistic Regression,ROC,0.030344827586206897,0.19607843137254902
Logistic Regression,ROC,0.031724137931034485,0.19607843137254902
Logistic Regression,ROC,0.031724137931034485,0.25490196078431371
Logistic Regression,ROC,0.037241379310344824,0.25490196078431371
Logistic Regression,ROC,0.037241379310344824,0.29411764705882354
Logistic Regression,ROC,0.051034482758620693,0.29411764705882354
Logistic Regression,ROC,0.051034482758620693,0.31372549019607843
Logistic Regression,ROC,0.06344827586206897,0.31372549019607843
Logistic Regression,ROC,0.06344827586206897,0.33333333333333331
Logistic Regression,ROC,0.064827586206896548,0.33333333333333331
Logistic Regression,ROC,0.064827586206896548,0.37254901960784315
Logistic Regression,ROC,0.073103448275862071,0.37254901960784315
Logistic Regression,ROC,0.073103448275862071,0.39215686274509803
Logistic Regression,ROC,0.086896551724137933,0.39215686274509803
Logistic Regression,ROC,0.086896551724137933,0.43137254901960786
Logistic Regression,ROC,0.096551724137931033,0.43137254901960786
Logistic Regression,ROC,0.096551724137931033,0.45098039215686275
Logistic Regression,ROC,0.10206896551724139,0.45098039215686275
Logistic Regression,ROC,0.10206896551724139,0.47058823529411764
Logistic Regression,ROC,0.1103448275862069,0.47058823529411764
Logistic Regression,ROC,0.1103448275862069,0.50980392156862742
Logistic Regression,ROC,0.12,0.50980392156862742
Logistic Regression,ROC,0.12,0.52941176470588236
Logistic Regression,ROC,0.12137931034482759,0.52941176470588236
Logistic Regression,ROC,0.12137931034482759,0.5490196078431373
Logistic Regression,ROC,0.12413793103448276,0.5490196078431373
Logistic Regression,ROC,0.12413793103448276,0.56862745098039214
Logistic Regression,ROC,0.13241379310344828,0.56862745098039214
Logistic Regression,ROC,0.13241379310344828,0.58823529411764708
Logistic Regression,ROC,0.13793103448275862,0.58823529411764708
Logistic Regression,ROC,0.13793103448275862,0.62745098039215685
Logistic Regression,ROC,0.20965517241379311,0.62745098039215685
Logistic Regression,ROC,0.20965517241379311,0.6470588235294118
Logistic Regression,ROC,0.28965517241379313,0.6470588235294118
Logistic Regression,ROC,0.28965517241379313,0.66666666666666663
Logistic Regression,ROC,0.29655172413793102,0.66666666666666663
Logistic Regression,ROC,0.29655172413793102,0.68627450980392157
Logistic Regression,ROC,0.30206896551724138,0.68627450980392157
Logistic Regression,ROC,0.30206896551724138,0.70588235294117652
Logistic Regression,ROC,0.35862068965517241,0.70588235294117652
Logistic Regression,ROC,0.35862068965517241,0.72549019607843135
Logistic Regression,ROC,0.40275862068965518,0.72549019607843135
Logistic Regression,ROC,0.40275862068965518,0.74509803921568629
Logistic Regression,ROC,0.42344827586206896,0.74509803921568629
Logistic Regression,ROC,0.42344827586206896,0.76470588235294112
Logistic Regression,ROC,0.43172413793103448,0.76470588235294112
Logistic Regression,ROC,0.43172413793103448,0.78431372549019607
Logistic Regression,ROC,0.46620689655172415,0.78431372549019607
Logistic Regression,ROC,0.46620689655172415,0.80392156862745101
Logistic Regression,ROC,0.47999999999999998,0.80392156862745101
Logistic Regression,ROC,0.47999999999999998,0.82352941176470584
Logistic Regression,ROC,0.4882758620689655,0.82352941176470584
Logistic Regression,ROC,0.4882758620689655,0.86274509803921573
Logistic Regression,ROC,0.53241379310344827,0.86274509803921573
Logistic Regression,ROC,0.53241379310344827,0.88235294117647056
Logistic Regression,ROC,0.55724137931034479,0.88235294117647056
Logistic Regression,ROC,0.55724137931034479,0.90196078431372551
Logistic Regression,ROC,0.59310344827586203,0.90196078431372551
Logistic Regression,ROC,0.59310344827586203,0.92156862745098034
Logistic Regression,ROC,0.61379310344827587,0.92156862745098034
Logistic Regression,ROC,0.61379310344827587,0.94117647058823528
Logistic Regression,ROC,0.6151724137931035,0.94117647058823528
Logistic Regression,ROC,0.6151724137931035,0.96078431372549022
Logistic Regression,ROC,0.7158620689655173,0.96078431372549022
Logistic Regression,ROC,0.7158620689655173,0.98039215686274506
Logistic Regression,ROC,0.7255172413793104,0.98039215686274506
Logistic Regression,ROC,0.7255172413793104,1
Logistic Regression,ROC,0.80827586206896551,1
Logistic Regression,ROC,0.81103448275862067,1
Logistic Regression,ROC,1,1
Logistic Regression,PR,1,0.065721649484536085
Logistic Regression,PR,1,0.06580645161290323
Logistic Regression,PR,1,0.06589147286821706
Logistic Regression,PR,1,0.065976714100905567
Logistic Regression,PR,1,0.066062176165803108
Logistic Regression,PR,1,0.066147859922178989
Logistic Regression,PR,1,0.066233766233766228
Logistic Regression,PR,1,0.066319895968790635
Logistic Regression,PR,1,0.06640625
Logistic Regression,PR,1,0.066492829204693613
Logistic Regression,PR,1,0.066579634464751958
Logistic Regression,PR,1,0.066666666666666666
Logistic Regression,PR,1,0.066753926701570682
Logistic Regression,PR,1,0.066841415465268672
Logistic Regression,PR,1,0.066929133858267723
Logistic Regression,PR,1,0.067017082785808146
Logistic Regression,PR,1,0.067105263157894737
Logistic Regression,PR,1,0.067193675889328064
Logistic Regression,PR,1,0.067282321899736153
Logistic Regression,PR,1,0.067371202113606338
Logistic Regression,PR,1,0.067460317460317457
Logistic Regression,PR,1,0.067549668874172186
Logistic Regression,PR,1,0.067639257294429711
Logistic Regression,PR,1,0.067729083665338641
Logistic Regression,PR,1,0.067819148936170207
Logistic Regression,PR,1,0.067909454061251665
Logistic Regression,PR,1,0.068000000000000005
Logistic Regression,PR,1,0.068090787716955939
Logistic Regression,PR,1,0.068181818181818177
Logistic Regression,PR,1,0.068273092369477914
Logistic Regression,PR,1,0.068364611260053623
Logistic Regression,PR,1,0.068456375838926178
Logistic Regression,PR,1,0.068548387096774188
Logistic Regression,PR,1,0.068640646029609689
Logistic Regression,PR,1,0.068733153638814021
Logistic Regression,PR,1,0.068825910931174086
Logistic Regression,PR,1,0.068918918918918923
Logistic Regression,PR,1,0.069012178619756434
Logistic Regression,PR,1,0.06910569105691057
Logistic Regression,PR,1,0.069199457259158756
Logistic Regression,PR,1,0.069293478260869568
Logistic Regression,PR,1,0.069387755102040816
Logistic Regression,PR,1,0.069482288828337874
Logistic Regression,PR,1,0.069577080491132329
Logistic Regression,PR,1,0.069672131147540978
Logistic Regression,PR,1,0.069767441860465115
Logistic Regression,PR,1,0.069863013698630141
Logistic Regression,PR,1,0.069958847736625515
Logistic Regression,PR,1,0.070054945054945056
Logistic Regression,PR,1,0.070151306740027508
Logistic Regression,PR,1,0.070247933884297523
Logistic Regression,PR,1,0.070344827586206901
Logistic Regression,PR,1,0.070441988950276244
Logistic Regression,PR,1,0.070539419087136929
Logistic Regression,PR,1,0.070637119113573413
Logistic Regression,PR,1,0.070735090152565877
Logistic Regression,PR,1,0.070833333333333331
Logistic Regression,PR,1,0.070931849791376914
Logistic Regression,PR,1,0.071030640668523673
Logistic Regression,PR,1,0.071129707112970716
Logistic Regression,PR,1,0.071229050279329603
Logistic Regression,PR,1,0.071328671328671323
Logistic Regression,PR,1,0.071428571428571425
Logistic Regression,PR,1,0.071528751753155678
Logistic Regression,PR,1,0.071629213483146062
Logistic Regression,PR,1,0.071729957805907171
Logistic Regression,PR,1,0.071830985915492959
Logistic Regression,PR,1,0.071932299012693934
Logistic Regression,PR,1,0.072033898305084748
Logistic Regression,PR,1,0.072135785007072142
Logistic Regression,PR,1,0.072237960339943341
Logistic Regression,PR,1,0.072340425531914887
Logistic Regression,PR,1,0.072443181818181823
Logistic Regression,PR,1,0.07254623044096728
Logistic Regression,PR,1,0.072649572649572655
Logistic Regression,PR,1,0.072753209700427965
Logistic Regression,PR,1,0.072857142857142856
Logistic Regression,PR,1,0.072961373390557943
Logistic Regression,PR,1,0.073065902578796568
Logistic Regression,PR,1,0.073170731707317069
Logistic Regression,PR,1,0.073275862068965511
Logistic Regression,PR,1,0.073381294964028773
Logistic Regression,PR,1,0.073487031700288183
Logistic Regression,PR,1,0.073593073593073599
Logistic Regression,PR,1,0.073699421965317924
Logistic Regression,PR,1,0.073806078147612156
Logistic Regression,PR,1,0.073913043478260873
Logistic Regression,PR,1,0.074020319303338175
Logistic Regression,PR,1,0.074127906976744193
Logistic Regression,PR,1,0.074235807860262015
Logistic Regression,PR,1,0.074344023323615158
Logistic Regression,PR,1,0.074452554744525543
Logistic Regression,PR,1,0.074561403508771926
Logistic Regression,PR,1,0.074670571010248904
Logistic Regression,PR,1,0.074780058651026396
Logistic Regression,PR,1,0.074889867841409691
Logistic Regression,PR,1,0.074999999999999997
Logistic Regression,PR,1,0.07511045655375552
Logistic Regression,PR,1,0.075221238938053103
Logistic Regression,PR,1,0.075332348596750365
Logistic Regression,PR,1,0.075443786982248517
Logistic Regression,PR,1,0.075555555555555556
Logistic Regression,PR,1,0.075667655786350152
Logistic Regression,PR,1,0.075780089153046057
Logistic Regression,PR,1,0.075892857142857137
Logistic Regression,PR,1,0.076005961251862889
Logistic Regression,PR,1,0.076119402985074622
Logistic Regression,PR,1,0.07623318385650224
Logistic Regression,PR,1,0.076347305389221562
Logistic Regression,PR,1,0.07646176911544228
Logistic Regression,PR,1,0.076576576576576572
Logistic Regression,PR,1,0.076691729323308269
Logistic Regression,PR,1,0.076807228915662648
Logistic Regression,PR,1,0.076923076923076927
Logistic Regression,PR,1,0.077039274924471296
Logistic Regression,PR,1,0.077155824508320731
Logistic Regression,PR,1,0.077272727272727271
Logistic Regression,PR,1,0.077389984825493169
Logistic Regression,PR,1,0.077507598784194526
Logistic Regression,PR,1,0.077625570776255703
Logistic Regression,PR,1,0.07774390243902439
Logistic Regression,PR,1,0.07786259541984733
Logistic Regression,PR,1,0.077981651376146793
Logistic Regression,PR,1,0.078101071975497705
Logistic Regression,PR,1,0.078220858895705528
Logistic Regression,PR,1,0.078341013824884786
Logistic Regression,PR,1,0.078461538461538458
Logistic Regression,PR,1,0.078582434514637908
Logistic Regression,PR,1,0.078703703703703706
Logistic Regression,PR,1,0.078825347758887165
Logistic Regression,PR,1,0.078947368421052627
Logistic Regression,PR,1,0.079069767441860464
Logistic Regression,PR,1,0.079192546583850928
Logistic Regression,PR,1,0.079315707620528766
Logistic Regression,PR,1,0.079439252336448593
Logistic Regression,PR,1,0.079563182527301088
Logistic Regression,PR,1,0.079687499999999994
Logistic Regression,PR,1,0.079812206572769953
Logistic Regression,PR,1,0.080062794348508631
Logistic Regression,PR,1,0.080188679245283015
Logistic Regression,PR,1,0.080314960629921259
Logistic Regression,PR,1,0.080441640378548895
Logistic Regression,PR,1,0.080568720379146919
Logistic Regression,PR,1,0.080696202531645569
Logistic Regression,PR,1,0.080824088748019024
Logistic Regression,PR,1,0.080952380952380956
Logistic Regression,PR,1,0.081081081081081086
Logistic Regression,PR,1,0.081210191082802544
Logistic Regression,PR,1,0.081339712918660281
Logistic Regression,PR,1,0.081469648562300323
Logistic Regression,PR,1,0.081600000000000006
Logistic Regression,PR,1,0.081730769230769232
Logistic Regression,PR,1,0.08186195826645265
Logistic Regression,PR,1,0.081993569131832797
Logistic Regression,PR,1,0.082125603864734303
Logistic Regression,PR,1,0.082258064516129034
Logistic Regression,PR,1,0.082390953150242321
Logistic Regression,PR,1,0.082524271844660199
Logistic Regression,PR,1,0.082658022690437608
Logistic Regression,PR,1,0.082792207792207792
Logistic Regression,PR,1,0.082926829268292687
Logistic Regression,PR,1,0.083061889250814328
Logistic Regression,PR,1,0.083197389885807507
Logistic Regression,PR,1,0.083333333333333329
Logistic Regression,PR,1,0.08346972176759411
Logistic Regression,PR,1,0.083606557377049182
Logistic Regression,PR,1,0.083743842364532015
Logistic Regression,PR,1,0.083881578947368418
Logistic Regression,PR,1,0.084019769357495888
Logistic Regression,PR,1,0.084158415841584164
Logistic Regression,PR,1,0.084297520661157019
Logistic Regression,PR,1,0.084437086092715233
Logistic Regression,PR,1,0.0845771144278607
Logistic Regression,PR,1,0.084717607973421927
Logistic Regression,PR,1,0.084858569051580693
Logistic Regression,PR,1,0.085000000000000006
Logistic Regression,PR,1,0.085141903171953262
Logistic Regression,PR,1,0.085284280936454848
Logistic Regression,PR,1,0.085427135678391955
Logistic Regression,PR,1,0.08557046979865772
Logistic Regression,PR,1,0.085714285714285715
Logistic Regression,PR,1,0.085858585858585856
Logistic Regression,PR,1,0.086003372681281623
Logistic Regression,PR,1,0.086148648648648643
Logistic Regression,PR,1,0.086294416243654817
Logistic Regression,PR,1,0.086440677966101692
Logistic Regression,PR,1,0.086587436332767401
Logistic Regression,PR,1,0.08673469387755102
Logistic Regression,PR,1,0.086882453151618397
Logistic Regression,PR,1,0.087030716723549492
Logistic Regression,PR,1,0.087179487179487175
Logistic Regression,PR,1,0.087328767123287673
Logistic Regression,PR,1,0.087478559176672382
Logistic Regression,PR,1,0.087628865979381437
Logistic Regression,PR,1,0.087779690189328741
Logistic Regression,PR,1,0.087931034482758616
Logistic Regression,PR,1,0.088082901554404139
Logistic Regression,PR,1,0.088235294117647065
Logistic Regression,PR,1,0.08838821490467938
Logistic Regression,PR,0.98039215686274506,0.086805555555555552
Logistic Regression,PR,0.98039215686274506,0.086956521739130432
Logistic Regression,PR,0.98039215686274506,0.087108013937282236
Logistic Regression,PR,0.98039215686274506,0.087260034904013961
Logistic Regression,PR,0.98039215686274506,0.087412587412587409
Logistic Regression,PR,0.98039215686274506,0.087565674255691769
Logistic Regression,PR,0.98039215686274506,0.08771929824561403
Logistic Regression,PR,0.98039215686274506,0.087873462214411252
Logistic Regression,PR,0.96078431372549022,0.086267605633802813
Logistic Regression,PR,0.96078431372549022,0.086419753086419748
Logistic Regression,PR,0.96078431372549022,0.086572438162544174
Logistic Regression,PR,0.96078431372549022,0.086725663716814158
Logistic Regression,PR,0.96078431372549022,0.086879432624113476
Logistic Regression,PR,0.96078431372549022,0.087033747779751328
Logistic Regression,PR,0.96078431372549022,0.087188612099644125
Logistic Regression,PR,0.96078431372549022,0.087344028520499106
Logistic Regression,PR,0.96078431372549022,0.087499999999999994
Logistic Regression,PR,0.96078431372549022,0.087656529516994638
Logistic Regression,PR,0.96078431372549022,0.087813620071684584
Logistic Regression,PR,0.96078431372549022,0.087971274685816878
Logistic Regression,PR,0.96078431372549022,0.088129496402877691
Logistic Regression,PR,0.96078431372549022,0.088288288288288289
Logistic Regression,PR,0.96078431372549022,0.088447653429602882
Logistic Regression,PR,0.96078431372549022,0.088607594936708861
Logistic Regression,PR,0.96078431372549022,0.088768115942028991
Logistic Regression,PR,0.96078431372549022,0.088929219600725959
Logistic Regression,PR,0.96078431372549022,0.089090909090909096
Logistic Regression,PR,0.96078431372549022,0.089253187613843349
Logistic Regression,PR,0.96078431372549022,0.089416058394160586
Logistic Regression,PR,0.96078431372549022,0.08957952468007313
Logistic Regression,PR,0.96078431372549022,0.089743589743589744
Logistic Regression,PR,0.96078431372549022,0.08990825688073395
Logistic Regression,PR,0.96078431372549022,0.090073529411764705
Logistic Regression,PR,0.96078431372549022,0.090239410681399637
Logistic Regression,PR,0.96078431372549022,0.090405904059040587
Logistic Regression,PR,0.96078431372549022,0.090573012939001843
Logistic Regression,PR,0.96078431372549022,0.090740740740740747
Logistic Regression,PR,0.96078431372549022,0.090909090909090912
Logistic Regression,PR,0.96078431372549022,0.091078066914498143
Logistic Regression,PR,0.96078431372549022,0.091247672253258846
Logistic Regression,PR,0.96078431372549022,0.091417910447761194
Logistic Regression,PR,0.96078431372549022,0.091588785046728974
Logistic Regression,PR,0.96078431372549022,0.091760299625468167
Logistic Regression,PR,0.96078431372549022,0.09193245778611632
Logistic Regression,PR,0.96078431372549022,0.092105263157894732
Logistic Regression,PR,0.96078431372549022,0.092278719397363471
Logistic Regression,PR,0.96078431372549022,0.092452830188679239
Logistic Regression,PR,0.96078431372549022,0.092627599243856329
Logistic Regression,PR,0.96078431372549022,0.092803030303030304
Logistic Regression,PR,0.96078431372549022,0.092979127134724851
Logistic Regression,PR,0.96078431372549022,0.093155893536121678
Logistic Regression,PR,0.96078431372549022,0.093333333333333338
Logistic Regression,PR,0.96078431372549022,0.093511450381679392
Logistic Regression,PR,0.96078431372549022,0.093690248565965584
Logistic Regression,PR,0.96078431372549022,0.093869731800766285
Logistic Regression,PR,0.96078431372549022,0.094049904030710174
Logistic Regression,PR,0.96078431372549022,0.094230769230769229
Logistic Regression,PR,0.96078431372549022,0.094412331406551059
Logistic Regression,PR,0.96078431372549022,0.0945945945945946
Logistic Regression,PR,0.96078431372549022,0.094777562862669251
Logistic Regression,PR,0.96078431372549022,0.094961240310077522
Logistic Regression,PR,0.96078431372549022,0.095145631067961159
Logistic Regression,PR,0.96078431372549022,0.095330739299610889
Logistic Regression,PR,0.96078431372549022,0.095516569200779722
Logistic Regression,PR,0.96078431372549022,0.095703125
Logistic Regression,PR,0.96078431372549022,0.095890410958904104
Logistic Regression,PR,0.96078431372549022,0.096078431372549025
Logistic Regression,PR,0.96078431372549022,0.096267190569744601
Logistic Regression,PR,0.96078431372549022,0.096456692913385822
Logistic Regression,PR,0.96078431372549022,0.096646942800788949
Logistic Regression,PR,0.96078431372549022,0.096837944664031617
Logistic Regression,PR,0.96078431372549022,0.097029702970297033
Logistic Regression,PR,0.96078431372549022,0.097222222222222224
Logistic Regression,PR,0.96078431372549022,0.097415506958250492
Logistic Regression,PR,0.96078431372549022,0.097609561752988044
Logistic Regression,PR,0.96078431372549022,0.097804391217564873
Logistic Regression,PR,0.96078431372549022,0.098000000000000004
Logistic Regression,PR,0.96078431372549022,0.098196392785571143
Logistic Regression,PR,0.96078431372549022,0.098393574297188757
Logistic Regression,PR,0.96078431372549022,0.098591549295774641
Logistic Regression,PR,0.96078431372549022,0.098790322580645157
Logistic Regression,PR,0.96078431372549022,0.098989898989898989
Logistic Regression,PR,0.94117647058823528,0.097165991902834009
Logistic Regression,PR,0.94117647058823528,0.097363083164300201
Logistic Regression,PR,0.92156862745098034,0.095528455284552852
Logistic Regression,PR,0.92156862745098034,0.095723014256619138
Logistic Regression,PR,0.92156862745098034,0.095918367346938774
Logistic Regression,PR,0.92156862745098034,0.096114519427402859
Logistic Regression,PR,0.92156862745098034,0.096311475409836061
Logistic Regression,PR,0.92156862745098034,0.096509240246406572
Logistic Regression,PR,0.92156862745098034,0.096707818930041156
Logistic Regression,PR,0.92156862745098034,0.096907216494845363
Logistic Regression,PR,0.92156862745098034,0.097107438016528921
Logistic Regression,PR,0.92156862745098034,0.097308488612836433
Logistic Regression,PR,0.92156862745098034,0.097510373443983403
Logistic Regression,PR,0.92156862745098034,0.097713097713097719
Logistic Regression,PR,0.92156862745098034,0.097916666666666666
Logistic Regression,PR,0.92156862745098034,0.098121085594989568
Logistic Regression,PR,0.92156862745098034,0.09832635983263599
Logistic Regression,PR,0.92156862745098034,0.09853249475890985
Logistic Regression,PR,0.90196078431372551,0.096638655462184878
Logistic Regression,PR,0.90196078431372551,0.096842105263157896
Logistic Regression,PR,0.90196078431372551,0.097046413502109699
Logistic Regression,PR,0.90196078431372551,0.097251585623678652
Logistic Regression,PR,0.90196078431372551,0.097457627118644072
Logistic Regression,PR,0.90196078431372551,0.097664543524416142
Logistic Regression,PR,0.90196078431372551,0.097872340425531917
Logistic Regression,PR,0.90196078431372551,0.098081023454157784
Logistic Regression,PR,0.90196078431372551,0.098290598290598288
Logistic Regression,PR,0.90196078431372551,0.098501070663811557
Logistic Regression,PR,0.90196078431372551,0.098712446351931327
Logistic Regression,PR,0.90196078431372551,0.098924731182795697
Logistic Regression,PR,0.90196078431372551,0.099137931034482762
Logistic Regression,PR,0.90196078431372551,0.099352051835853133
Logistic Regression,PR,0.90196078431372551,0.099567099567099568
Logistic Regression,PR,0.90196078431372551,0.099783080260303691
Logistic Regression,PR,0.90196078431372551,0.10000000000000001
Logistic Regression,PR,0.90196078431372551,0.10021786492374728
Logistic Regression,PR,0.90196078431372551,0.10043668122270742
Logistic Regression,PR,0.90196078431372551,0.10065645514223195
Logistic Regression,PR,0.90196078431372551,0.10087719298245613
Logistic Regression,PR,0.90196078431372551,0.1010989010989011
Logistic Regression,PR,0.90196078431372551,0.1013215859030837
Logistic Regression,PR,0.90196078431372551,0.10154525386313466
Logistic Regression,PR,0.90196078431372551,0.10176991150442478
Logistic Regression,PR,0.90196078431372551,0.10199556541019955
Logistic Regression,PR,0.90196078431372551,0.10222222222222223
Logistic Regression,PR,0.88235294117647056,0.10022271714922049
Logistic Regression,PR,0.88235294117647056,0.10044642857142858
Logistic Regression,PR,0.88235294117647056,0.10067114093959731
Logistic Regression,PR,0.88235294117647056,0.10089686098654709
Logistic Regression,PR,0.88235294117647056,0.10112359550561797
Logistic Regression,PR,0.88235294117647056,0.10135135135135136
Logistic Regression,PR,0.88235294117647056,0.10158013544018059
Logistic Regression,PR,0.88235294117647056,0.10180995475113122
Logistic Regression,PR,0.88235294117647056,0.10204081632653061
Logistic Regression,PR,0.88235294117647056,0.10227272727272728
Logistic Regression,PR,0.88235294117647056,0.10250569476082004
Logistic Regression,PR,0.88235294117647056,0.10273972602739725
Logistic Regression,PR,0.88235294117647056,0.10297482837528604
Logistic Regression,PR,0.88235294117647056,0.10321100917431193
Logistic Regression,PR,0.88235294117647056,0.10344827586206896
Logistic Regression,PR,0.88235294117647056,0.10368663594470046
Logistic Regression,PR,0.88235294117647056,0.10392609699769054
Logistic Regression,PR,0.88235294117647056,0.10416666666666667
Logistic Regression,PR,0.88235294117647056,0.10440835266821345
Logistic Regression,PR,0.86274509803921573,0.10232558139534884
Logistic Regression,PR,0.86274509803921573,0.10256410256410256
Logistic Regression,PR,0.86274509803921573,0.10280373831775701
Logistic Regression,PR,0.86274509803921573,0.10304449648711944
Logistic Regression,PR,0.86274509803921573,0.10328638497652583
Logistic Regression,PR,0.86274509803921573,0.10352941176470588
Logistic Regression,PR,0.86274509803921573,0.10377358490566038
Logistic Regression,PR,0.86274509803921573,0.10401891252955082
Logistic Regression,PR,0.86274509803921573,0.10426540284360189
Logistic Regression,PR,0.86274509803921573,0.10451306413301663
Logistic Regression,PR,0.86274509803921573,0.10476190476190476
Logistic Regression,PR,0.86274509803921573,0.10501193317422435
Logistic Regression,PR,0.86274509803921573,0.10526315789473684
Logistic Regression,PR,0.86274509803921573,0.10551558752997602
Logistic Regression,PR,0.86274509803921573,0.10576923076923077
Logistic Regression,PR,0.86274509803921573,0.10602409638554217
Logistic Regression,PR,0.86274509803921573,0.10628019323671498
Logistic Regression,PR,0.86274509803921573,0.10653753026634383
Logistic Regression,PR,0.86274509803921573,0.10679611650485436
Logistic Regression,PR,0.86274509803921573,0.1070559610705596
Logistic Regression,PR,0.86274509803921573,0.10731707317073171
Logistic Regression,PR,0.86274509803921573,0.10757946210268948
Logistic Regression,PR,0.86274509803921573,0.10784313725490197
Logistic Regression,PR,0.86274509803921573,0.10810810810810811
Logistic Regression,PR,0.86274509803921573,0.10837438423645321
Logistic Regression,PR,0.86274509803921573,0.10864197530864197
Logistic Regression,PR,0.86274509803921573,0.10891089108910891
Logistic Regression,PR,0.86274509803921573,0.10918114143920596
Logistic Regression,PR,0.86274509803921573,0.10945273631840796
Logistic Regression,PR,0.86274509803921573,0.10972568578553615
Logistic Regression,PR,0.86274509803921573,0.11
Logistic Regression,PR,0.86274509803921573,0.11027568922305764
Logistic Regression,PR,0.86274509803921573,0.11055276381909548
Logistic Regression,PR,0.84313725490196079,0.10831234256926953
Logistic Regression,PR,0.82352941176470584,0.10606060606060606
Logistic Regression,PR,0.82352941176470584,0.10632911392405063
Logistic Regression,PR,0.82352941176470584,0.1065989847715736
Logistic Regression,PR,0.82352941176470584,0.10687022900763359
Logistic Regression,PR,0.82352941176470584,0.10714285714285714
Logistic Regression,PR,0.82352941176470584,0.10741687979539642
Logistic Regression,PR,0.82352941176470584,0.1076923076923077
Logistic Regression,PR,0.80392156862745101,0.10539845758354756
Logistic Regression,PR,0.80392156862745101,0.1056701030927835
Logistic Regression,PR,0.80392156862745101,0.10594315245478036
Logistic Regression,PR,0.80392156862745101,0.10621761658031088
Logistic Regression,PR,0.80392156862745101,0.10649350649350649
Logistic Regression,PR,0.80392156862745101,0.10677083333333333
Logistic Regression,PR,0.80392156862745101,0.10704960835509138
Logistic Regression,PR,0.80392156862745101,0.10732984293193717
Logistic Regression,PR,0.80392156862745101,0.10761154855643044
Logistic Regression,PR,0.80392156862745101,0.10789473684210527
Logistic Regression,PR,0.80392156862745101,0.10817941952506596
Logistic Regression,PR,0.78431372549019607,0.10582010582010581
Logistic Regression,PR,0.78431372549019607,0.10610079575596817
Logistic Regression,PR,0.78431372549019607,0.10638297872340426
Logistic Regression,PR,0.78431372549019607,0.10666666666666667
Logistic Regression,PR,0.78431372549019607,0.10695187165775401
Logistic Regression,PR,0.78431372549019607,0.10723860589812333
Logistic Regression,PR,0.78431372549019607,0.10752688172043011
Logistic Regression,PR,0.78431372549019607,0.1078167115902965
Logistic Regression,PR,0.78431372549019607,0.10810810810810811
Logistic Regression,PR,0.78431372549019607,0.10840108401084012
Logistic Regression,PR,0.78431372549019607,0.10869565217391304
Logistic Regression,PR,0.78431372549019607,0.10899182561307902
Logistic Regression,PR,0.78431372549019607,0.10928961748633879
Logistic Regression,PR,0.78431372549019607,0.1095890410958904
Logistic Regression,PR,0.78431372549019607,0.10989010989010989
Logistic Regression,PR,0.78431372549019607,0.11019283746556474
Logistic Regression,PR,0.78431372549019607,0.11049723756906077
Logistic Regression,PR,0.78431372549019607,0.11080332409972299
Logistic Regression,PR,0.78431372549019607,0.1111111111111111
Logistic Regression,PR,0.78431372549019607,0.11142061281337047
Logistic Regression,PR,0.78431372549019607,0.11173184357541899
Logistic Regression,PR,0.78431372549019607,0.11204481792717087
Logistic Regression,PR,0.78431372549019607,0.11235955056179775
Logistic Regression,PR,0.78431372549019607,0.11267605633802817
Logistic Regression,PR,0.78431372549019607,0.11299435028248588
Logistic Regression,PR,0.78431372549019607,0.11331444759206799
Logistic Regression,PR,0.76470588235294112,0.11079545454545454
Logistic Regression,PR,0.76470588235294112,0.1111111111111111
Logistic Regression,PR,0.76470588235294112,0.11142857142857143
Logistic Regression,PR,0.76470588235294112,0.11174785100286533
Logistic Regression,PR,0.76470588235294112,0.11206896551724138
Logistic Regression,PR,0.76470588235294112,0.11239193083573487
Logistic Regression,PR,0.76470588235294112,0.11271676300578035
Logistic Regression,PR,0.74509803921568629,0.11014492753623188
Logistic Regression,PR,0.74509803921568629,0.11046511627906977
Logistic Regression,PR,0.74509803921568629,0.11078717201166181
Logistic Regression,PR,0.74509803921568629,0.1111111111111111
Logistic Regression,PR,0.74509803921568629,0.11143695014662756
Logistic Regression,PR,0.74509803921568629,0.11176470588235295
Logistic Regression,PR,0.74509803921568629,0.11209439528023599
Logistic Regression,PR,0.74509803921568629,0.11242603550295859
Logistic Regression,PR,0.74509803921568629,0.11275964391691394
Logistic Regression,PR,0.74509803921568629,0.1130952380952381
Logistic Regression,PR,0.74509803921568629,0.11343283582089553
Logistic Regression,PR,0.74509803921568629,0.11377245508982035
Logistic Regression,PR,0.74509803921568629,0.11411411411411411
Logistic Regression,PR,0.74509803921568629,0.1144578313253012
Logistic Regression,PR,0.74509803921568629,0.11480362537764351
Logistic Regression,PR,0.74509803921568629,0.11515151515151516
Logistic Regression,PR,0.72549019607843135,0.11246200607902736
Logistic Regression,PR,0.72549019607843135,0.11280487804878049
Logistic Regression,PR,0.72549019607843135,0.11314984709480122
Logistic Regression,PR,0.72549019607843135,0.11349693251533742
Logistic Regression,PR,0.72549019607843135,0.11384615384615385
Logistic Regression,PR,0.72549019607843135,0.11419753086419752
Logistic Regression,PR,0.72549019607843135,0.11455108359133127
Logistic Regression,PR,0.72549019607843135,0.11490683229813664
Logistic Regression,PR,0.72549019607843135,0.11526479750778816
Logistic Regression,PR,0.72549019607843135,0.11562500000000001
Logistic Regression,PR,0.72549019607843135,0.11598746081504702
Logistic Regression,PR,0.72549019607843135,0.11635220125786164
Logistic Regression,PR,0.72549019607843135,0.1167192429022082
Logistic Regression,PR,0.72549019607843135,0.11708860759493671
Logistic Regression,PR,0.72549019607843135,0.11746031746031746
Logistic Regression,PR,0.72549019607843135,0.1178343949044586
Logistic Regression,PR,0.72549019607843135,0.1182108626198083
Logistic Regression,PR,0.72549019607843135,0.11858974358974358
Logistic Regression,PR,0.72549019607843135,0.11897106109324759
Logistic Regression,PR,0.72549019607843135,0.11935483870967742
Logistic Regression,PR,0.72549019607843135,0.11974110032362459
Logistic Regression,PR,0.72549019607843135,0.12012987012987013
Logistic Regression,PR,0.72549019607843135,0.12052117263843648
Logistic Regression,PR,0.72549019607843135,0.12091503267973856
Logistic Regression,PR,0.72549019607843135,0.12131147540983607
Logistic Regression,PR,0.72549019607843135,0.12171052631578948
Logistic Regression,PR,0.72549019607843135,0.12211221122112212
Logistic Regression,PR,0.72549019607843135,0.12251655629139073
Logistic Regression,PR,0.72549019607843135,0.12292358803986711
Logistic Regression,PR,0.72549019607843135,0.12333333333333334
Logistic Regression,PR,0.72549019607843135,0.12374581939799331
Logistic Regression,PR,0.72549019607843135,0.12416107382550336
Logistic Regression,PR,0.72549019607843135,0.12457912457912458
Logistic Regression,PR,0.70588235294117652,0.12162162162162163
Logistic Regression,PR,0.70588235294117652,0.12203389830508475
Logistic Regression,PR,0.70588235294117652,0.12244897959183673
Logistic Regression,PR,0.70588235294117652,0.12286689419795221
Logistic Regression,PR,0.70588235294117652,0.12328767123287671
Logistic Regression,PR,0.70588235294117652,0.12371134020618557
Logistic Regression,PR,0.70588235294117652,0.12413793103448276
Logistic Regression,PR,0.70588235294117652,0.1245674740484429
Logistic Regression,PR,0.70588235294117652,0.125
Logistic Regression,PR,0.70588235294117652,0.12543554006968641
Logistic Regression,PR,0.70588235294117652,0.12587412587412589
Logistic Regression,PR,0.70588235294117652,0.12631578947368421
Logistic Regression,PR,0.70588235294117652,0.12676056338028169
Logistic Regression,PR,0.70588235294117652,0.12720848056537101
Logistic Regression,PR,0.70588235294117652,0.1276595744680851
Logistic Regression,PR,0.70588235294117652,0.12811387900355872
Logistic Regression,PR,0.70588235294117652,0.12857142857142856
Logistic Regression,PR,0.70588235294117652,0.12903225806451613
Logistic Regression,PR,0.70588235294117652,0.12949640287769784
Logistic Regression,PR,0.70588235294117652,0.1299638989169675
Logistic Regression,PR,0.70588235294117652,0.13043478260869565
Logistic Regression,PR,0.70588235294117652,0.13090909090909092
Logistic Regression,PR,0.70588235294117652,0.13138686131386862
Logistic Regression,PR,0.70588235294117652,0.13186813186813187
Logistic Regression,PR,0.70588235294117652,0.13235294117647059
Logistic Regression,PR,0.70588235294117652,0.13284132841328414
Logistic Regression,PR,0.70588235294117652,0.13333333333333333
Logistic Regression,PR,0.70588235294117652,0.13382899628252787
Logistic Regression,PR,0.70588235294117652,0.13432835820895522
Logistic Regression,PR,0.70588235294117652,0.1348314606741573
Logistic Regression,PR,0.70588235294117652,0.13533834586466165
Logistic Regression,PR,0.70588235294117652,0.13584905660377358
Logistic Regression,PR,0.70588235294117652,0.13636363636363635
Logistic Regression,PR,0.70588235294117652,0.13688212927756654
Logistic Regression,PR,0.70588235294117652,0.13740458015267176
Logistic Regression,PR,0.70588235294117652,0.13793103448275862
Logistic Regression,PR,0.70588235294117652,0.13846153846153847
Logistic Regression,PR,0.70588235294117652,0.138996138996139
Logistic Regression,PR,0.70588235294117652,0.13953488372093023
Logistic Regression,PR,0.70588235294117652,0.14007782101167315
Logistic Regression,PR,0.70588235294117652,0.140625
Logistic Regression,PR,0.70588235294117652,0.14117647058823529
Logistic Regression,PR,0.68627450980392157,0.13779527559055119
Logistic Regression,PR,0.68627450980392157,0.13833992094861661
Logistic Regression,PR,0.68627450980392157,0.1388888888888889
Logistic Regression,PR,0.68627450980392157,0.1394422310756972
Logistic Regression,PR,0.68627450980392157,0.14000000000000001
Logistic Regression,PR,0.66666666666666663,0.13654618473895583
Logistic Regression,PR,0.66666666666666663,0.13709677419354838
Logistic Regression,PR,0.66666666666666663,0.13765182186234817
Logistic Regression,PR,0.66666666666666663,0.13821138211382114
Logistic Regression,PR,0.66666666666666663,0.13877551020408163
Logistic Regression,PR,0.66666666666666663,0.13934426229508196
Logistic Regression,PR,0.6470588235294118,0.13580246913580246
Logistic Regression,PR,0.6470588235294118,0.13636363636363635
Logistic Regression,PR,0.6470588235294118,0.13692946058091288
Logistic Regression,PR,0.6470588235294118,0.13750000000000001
Logistic Regression,PR,0.6470588235294118,0.13807531380753138
Logistic Regression,PR,0.6470588235294118,0.13865546218487396
Logistic Regression,PR,0.6470588235294118,0.13924050632911392
Logistic Regression,PR,0.6470588235294118,0.13983050847457626
Logistic Regression,PR,0.6470588235294118,0.14042553191489363
Logistic Regression,PR,0.6470588235294118,0.14102564102564102
Logistic Regression,PR,0.6470588235294118,0.14163090128755365
Logistic Regression,PR,0.6470588235294118,0.14224137931034483
Logistic Regression,PR,0.6470588235294118,0.14285714285714285
Logistic Regression,PR,0.6470588235294118,0.14347826086956522
Logistic Regression,PR,0.6470588235294118,0.14410480349344978
Logistic Regression,PR,0.6470588235294118,0.14473684210526316
Logistic Regression,PR,0.6470588235294118,0.14537444933920704
Logistic Regression,PR,0.6470588235294118,0.14601769911504425
Logistic Regression,PR,0.6470588235294118,0.14666666666666667
Logistic Regression,PR,0.6470588235294118,0.14732142857142858
Logistic Regression,PR,0.6470588235294118,0.14798206278026907
Logistic Regression,PR,0.6470588235294118,0.14864864864864866
Logistic Regression,PR,0.6470588235294118,0.14932126696832579
Logistic Regression,PR,0.6470588235294118,0.14999999999999999
Logistic Regression,PR,0.6470588235294118,0.15068493150684931
Logistic Regression,PR,0.6470588235294118,0.15137614678899083
Logistic Regression,PR,0.6470588235294118,0.15207373271889402
Logistic Regression,PR,0.6470588235294118,0.15277777777777779
Logistic Regression,PR,0.6470588235294118,0.15348837209302327
Logistic Regression,PR,0.6470588235294118,0.1542056074766355
Logistic Regression,PR,0.6470588235294118,0.15492957746478872
Logistic Regression,PR,0.6470588235294118,0.15566037735849056
Logistic Regression,PR,0.6470588235294118,0.15639810426540285
Logistic Regression,PR,0.6470588235294118,0.15714285714285714
Logistic Regression,PR,0.6470588235294118,0.15789473684210525
Logistic Regression,PR,0.6470588235294118,0.15865384615384615
Logistic Regression,PR,0.6470588235294118,0.15942028985507245
Logistic Regression,PR,0.6470588235294118,0.16019417475728157
Logistic Regression,PR,0.6470588235294118,0.16097560975609757
Logistic Regression,PR,0.6470588235294118,0.16176470588235295
Logistic Regression,PR,0.6470588235294118,0.1625615763546798
Logistic Regression,PR,0.6470588235294118,0.16336633663366337
Logistic Regression,PR,0.6470588235294118,0.16417910447761194
Logistic Regression,PR,0.6470588235294118,0.16500000000000001
Logistic Regression,PR,0.6470588235294118,0.16582914572864321
Logistic Regression,PR,0.6470588235294118,0.16666666666666666
Logistic Regression,PR,0.6470588235294118,0.16751269035532995
Logistic Regression,PR,0.6470588235294118,0.1683673469387755
Logistic Regression,PR,0.6470588235294118,0.16923076923076924
Logistic Regression,PR,0.6470588235294118,0.17010309278350516
Logistic Regression,PR,0.6470588235294118,0.17098445595854922
Logistic Regression,PR,0.6470588235294118,0.171875
Logistic Regression,PR,0.6470588235294118,0.17277486910994763
Logistic Regression,PR,0.6470588235294118,0.1736842105263158
Logistic Regression,PR,0.6470588235294118,0.17460317460317459
Logistic Regression,PR,0.6470588235294118,0.17553191489361702
Logistic Regression,PR,0.6470588235294118,0.17647058823529413
Logistic Regression,PR,0.6470588235294118,0.17741935483870969
Logistic Regression,PR,0.6470588235294118,0.17837837837837839
Logistic Regression,PR,0.62745098039215685,0.17391304347826086
Logistic Regression,PR,0.62745098039215685,0.17486338797814208
Logistic Regression,PR,0.62745098039215685,0.17582417582417584
Logistic Regression,PR,0.62745098039215685,0.17679558011049723
Logistic Regression,PR,0.62745098039215685,0.17777777777777778
Logistic Regression,PR,0.62745098039215685,0.1787709497206704
Logistic Regression,PR,0.62745098039215685,0.1797752808988764
Logistic Regression,PR,0.62745098039215685,0.1807909604519774
Logistic Regression,PR,0.62745098039215685,0.18181818181818182
Logistic Regression,PR,0.62745098039215685,0.18285714285714286
Logistic Regression,PR,0.62745098039215685,0.18390804597701149
Logistic Regression,PR,0.62745098039215685,0.18497109826589594
Logistic Regression,PR,0.62745098039215685,0.18604651162790697
Logistic Regression,PR,0.62745098039215685,0.1871345029239766
Logistic Regression,PR,0.62745098039215685,0.18823529411764706
Logistic Regression,PR,0.62745098039215685,0.1893491124260355
Logistic Regression,PR,0.62745098039215685,0.19047619047619047
Logistic Regression,PR,0.62745098039215685,0.19161676646706588
Logistic Regression,PR,0.62745098039215685,0.19277108433734941
Logistic Regression,PR,0.62745098039215685,0.19393939393939394
Logistic Regression,PR,0.62745098039215685,0.1951219512195122
Logistic Regression,PR,0.62745098039215685,0.19631901840490798
Logistic Regression,PR,0.62745098039215685,0.19753086419753085
Logistic Regression,PR,0.62745098039215685,0.19875776397515527
Logistic Regression,PR,0.62745098039215685,0.20000000000000001
Logistic Regression,PR,0.62745098039215685,0.20125786163522014
Logistic Regression,PR,0.62745098039215685,0.20253164556962025
Logistic Regression,PR,0.62745098039215685,0.20382165605095542
Logistic Regression,PR,0.62745098039215685,0.20512820512820512
Logistic Regression,PR,0.62745098039215685,0.20645161290322581
Logistic Regression,PR,0.62745098039215685,0.20779220779220781
Logistic Regression,PR,0.62745098039215685,0.20915032679738563
Logistic Regression,PR,0.62745098039215685,0.21052631578947367
Logistic Regression,PR,0.62745098039215685,0.2119205298013245
Logistic Regression,PR,0.62745098039215685,0.21333333333333335
Logistic Regression,PR,0.62745098039215685,0.21476510067114093
Logistic Regression,PR,0.62745098039215685,0.21621621621621623
Logistic Regression,PR,0.62745098039215685,0.21768707482993196
Logistic Regression,PR,0.62745098039215685,0.21917808219178081
Logistic Regression,PR,0.62745098039215685,0.22068965517241379
Logistic Regression,PR,0.62745098039215685,0.22222222222222221
Logistic Regression,PR,0.62745098039215685,0.22377622377622378
Logistic Regression,PR,0.62745098039215685,0.22535211267605634
Logistic Regression,PR,0.62745098039215685,0.22695035460992907
Logistic Regression,PR,0.62745098039215685,0.22857142857142856
Logistic Regression,PR,0.62745098039215685,0.23021582733812951
Logistic Regression,PR,0.62745098039215685,0.2318840579710145
Logistic Regression,PR,0.62745098039215685,0.23357664233576642
Logistic Regression,PR,0.62745098039215685,0.23529411764705882
Logistic Regression,PR,0.62745098039215685,0.23703703703703705
Logistic Regression,PR,0.62745098039215685,0.23880597014925373
Logistic Regression,PR,0.62745098039215685,0.24060150375939848
Logistic Regression,PR,0.62745098039215685,0.24242424242424243
Logistic Regression,PR,0.60784313725490191,0.23664122137404581
Logistic Regression,PR,0.58823529411764708,0.23076923076923078
Logistic Regression,PR,0.58823529411764708,0.23255813953488372
Logistic Regression,PR,0.58823529411764708,0.234375
Logistic Regression,PR,0.58823529411764708,0.23622047244094488
Logistic Regression,PR,0.58823529411764708,0.23809523809523808
Logistic Regression,PR,0.56862745098039214,0.23200000000000001
Logistic Regression,PR,0.56862745098039214,0.23387096774193547
Logistic Regression,PR,0.56862745098039214,0.23577235772357724
Logistic Regression,PR,0.56862745098039214,0.23770491803278687
Logistic Regression,PR,0.56862745098039214,0.23966942148760331
Logistic Regression,PR,0.56862745098039214,0.24166666666666667
Logistic Regression,PR,0.56862745098039214,0.24369747899159663
Logistic Regression,PR,0.5490196078431373,0.23728813559322035
Logistic Regression,PR,0.5490196078431373,0.23931623931623933
Logistic Regression,PR,0.5490196078431373,0.2413793103448276
Logistic Regression,PR,0.52941176470588236,0.23478260869565218
Logistic Regression,PR,0.52941176470588236,0.23684210526315788
Logistic Regression,PR,0.50980392156862742,0.23008849557522124
Logistic Regression,PR,0.50980392156862742,0.23214285714285715
Logistic Regression,PR,0.50980392156862742,0.23423423423423423
Logistic Regression,PR,0.50980392156862742,0.23636363636363636
Logistic Regression,PR,0.50980392156862742,0.23853211009174313
Logistic Regression,PR,0.50980392156862742,0.24074074074074073
Logistic Regression,PR,0.50980392156862742,0.24299065420560748
Logistic Regression,PR,0.50980392156862742,0.24528301886792453
Logistic Regression,PR,0.49019607843137253,0.23809523809523808
Logistic Regression,PR,0.47058823529411764,0.23076923076923078
Logistic Regression,PR,0.47058823529411764,0.23300970873786409
Logistic Regression,PR,0.47058823529411764,0.23529411764705882
Logistic Regression,PR,0.47058823529411764,0.23762376237623761
Logistic Regression,PR,0.47058823529411764,0.23999999999999999
Logistic Regression,PR,0.47058823529411764,0.24242424242424243
Logistic Regression,PR,0.47058823529411764,0.24489795918367346
Logistic Regression,PR,0.45098039215686275,0.23711340206185566
Logistic Regression,PR,0.45098039215686275,0.23958333333333334
Logistic Regression,PR,0.45098039215686275,0.24210526315789474
Logistic Regression,PR,0.45098039215686275,0.24468085106382978
Logistic Regression,PR,0.45098039215686275,0.24731182795698925
Logistic Regression,PR,0.43137254901960786,0.2391304347826087
Logistic Regression,PR,0.43137254901960786,0.24175824175824176
Logistic Regression,PR,0.43137254901960786,0.24444444444444444
Logistic Regression,PR,0.43137254901960786,0.24719101123595505
Logistic Regression,PR,0.43137254901960786,0.25
Logistic Regression,PR,0.43137254901960786,0.25287356321839083
Logistic Regression,PR,0.43137254901960786,0.2558139534883721
Logistic Regression,PR,0.43137254901960786,0.25882352941176473
Logistic Regression,PR,0.41176470588235292,0.25
Logistic Regression,PR,0.39215686274509803,0.24096385542168675
Logistic Regression,PR,0.39215686274509803,0.24390243902439024
Logistic Regression,PR,0.39215686274509803,0.24691358024691357
Logistic Regression,PR,0.39215686274509803,0.25
Logistic Regression,PR,0.39215686274509803,0.25316455696202533
Logistic Regression,PR,0.39215686274509803,0.25641025641025639
Logistic Regression,PR,0.39215686274509803,0.25974025974025972
Logistic Regression,PR,0.39215686274509803,0.26315789473684209
Logistic Regression,PR,0.39215686274509803,0.26666666666666666
Logistic Regression,PR,0.39215686274509803,0.27027027027027029
Logistic Regression,PR,0.39215686274509803,0.27397260273972601
Logistic Regression,PR,0.37254901960784315,0.2638888888888889
Logistic Regression,PR,0.37254901960784315,0.26760563380281688
Logistic Regression,PR,0.37254901960784315,0.27142857142857141
Logistic Regression,PR,0.37254901960784315,0.27536231884057971
Logistic Regression,PR,0.37254901960784315,0.27941176470588236
Logistic Regression,PR,0.37254901960784315,0.28358208955223879
Logistic Regression,PR,0.37254901960784315,0.2878787878787879
Logistic Regression,PR,0.35294117647058826,0.27692307692307694
Logistic Regression,PR,0.33333333333333331,0.265625
Logistic Regression,PR,0.33333333333333331,0.26984126984126983
Logistic Regression,PR,0.31372549019607843,0.25806451612903225
Logistic Regression,PR,0.31372549019607843,0.26229508196721313
Logistic Regression,PR,0.31372549019607843,0.26666666666666666
Logistic Regression,PR,0.31372549019607843,0.2711864406779661
Logistic Regression,PR,0.31372549019607843,0.27586206896551724
Logistic Regression,PR,0.31372549019607843,0.2807017543859649
Logistic Regression,PR,0.31372549019607843,0.2857142857142857
Logistic Regression,PR,0.31372549019607843,0.29090909090909089
Logistic Regression,PR,0.31372549019607843,0.29629629629629628
Logistic Regression,PR,0.31372549019607843,0.30188679245283018
Logistic Regression,PR,0.29411764705882354,0.28846153846153844
Logistic Regression,PR,0.29411764705882354,0.29411764705882354
Logistic Regression,PR,0.29411764705882354,0.29999999999999999
Logistic Regression,PR,0.29411764705882354,0.30612244897959184
Logistic Regression,PR,0.29411764705882354,0.3125
Logistic Regression,PR,0.29411764705882354,0.31914893617021278
Logistic Regression,PR,0.29411764705882354,0.32608695652173914
Logistic Regression,PR,0.29411764705882354,0.33333333333333331
Logistic Regression,PR,0.29411764705882354,0.34090909090909088
Logistic Regression,PR,0.29411764705882354,0.34883720930232559
Logistic Regression,PR,0.29411764705882354,0.35714285714285715
Logistic Regression,PR,0.27450980392156865,0.34146341463414637
Logistic Regression,PR,0.25490196078431371,0.32500000000000001
Logistic Regression,PR,0.25490196078431371,0.33333333333333331
Logistic Regression,PR,0.25490196078431371,0.34210526315789475
Logistic Regression,PR,0.25490196078431371,0.35135135135135137
Logistic Regression,PR,0.25490196078431371,0.3611111111111111
Logistic Regression,PR,0.23529411764705882,0.34285714285714286
Logistic Regression,PR,0.21568627450980393,0.3235294117647059
Logistic Regression,PR,0.19607843137254902,0.30303030303030304
Logistic Regression,PR,0.19607843137254902,0.3125
Logistic Regression,PR,0.17647058823529413,0.29032258064516131
Logistic Regression,PR,0.17647058823529413,0.29999999999999999
Logistic Regression,PR,0.15686274509803921,0.27586206896551724
Logistic Regression,PR,0.15686274509803921,0.2857142857142857
Logistic Regression,PR,0.13725490196078433,0.25925925925925924
Logistic Regression,PR,0.13725490196078433,0.26923076923076922
Logistic Regression,PR,0.13725490196078433,0.28000000000000003
Logistic Regression,PR,0.11764705882352941,0.25
Logistic Regression,PR,0.11764705882352941,0.2608695652173913
Logistic Regression,PR,0.11764705882352941,0.27272727272727271
Logistic Regression,PR,0.11764705882352941,0.2857142857142857
Logistic Regression,PR,0.098039215686274508,0.25
Logistic Regression,PR,0.078431372549019607,0.21052631578947367
Logistic Regression,PR,0.058823529411764705,0.16666666666666666
Logistic Regression,PR,0.058823529411764705,0.17647058823529413
Logistic Regression,PR,0.058823529411764705,0.1875
Logistic Regression,PR,0.058823529411764705,0.20000000000000001
Logistic Regression,PR,0.058823529411764705,0.21428571428571427
Logistic Regression,PR,0.058823529411764705,0.23076923076923078
Logistic Regression,PR,0.058823529411764705,0.25
Logistic Regression,PR,0.039215686274509803,0.18181818181818182
Logistic Regression,PR,0.019607843137254902,0.10000000000000001
Logistic Regression,PR,0.019607843137254902,0.1111111111111111
Logistic Regression,PR,0.019607843137254902,0.125
Logistic Regression,PR,0.019607843137254902,0.14285714285714285
Logistic Regression,PR,0.019607843137254902,0.16666666666666666
Logistic Regression,PR,0.019607843137254902,0.20000000000000001
Logistic Regression,PR,0.019607843137254902,0.25
Logistic Regression,PR,0.019607843137254902,0.33333333333333331
Logistic Regression,PR,0,0
Logistic Regression,PR,0,0
Logistic Regression,PR,0,1
Random Forest,ROC,0,0
Random Forest,ROC,0,0.019607843137254902
Random Forest,ROC,0.0013793103448275861,0.039215686274509803
Random Forest,ROC,0.0013793103448275861,0.078431372549019607
Random Forest,ROC,0.0027586206896551722,0.078431372549019607
Random Forest,ROC,0.0055172413793103444,0.078431372549019607
Random Forest,ROC,0.0068965517241379309,0.098039215686274508
Random Forest,ROC,0.011034482758620689,0.098039215686274508
Random Forest,ROC,0.011034482758620689,0.11764705882352941
Random Forest,ROC,0.013793103448275862,0.11764705882352941
Random Forest,ROC,0.015172413793103448,0.13725490196078433
Random Forest,ROC,0.019310344827586208,0.13725490196078433
Random Forest,ROC,0.019310344827586208,0.15686274509803921
Random Forest,ROC,0.020689655172413793,0.15686274509803921
Random Forest,ROC,0.023448275862068966,0.15686274509803921
Random Forest,ROC,0.024827586206896551,0.15686274509803921
Random Forest,ROC,0.027586206896551724,0.15686274509803921
Random Forest,ROC,0.028965517241379312,0.15686274509803921
Random Forest,ROC,0.03310344827586207,0.15686274509803921
Random Forest,ROC,0.034482758620689655,0.17647058823529413
Random Forest,ROC,0.034482758620689655,0.21568627450980393
Random Forest,ROC,0.038620689655172416,0.21568627450980393
Random Forest,ROC,0.040000000000000001,0.21568627450980393
Random Forest,ROC,0.040000000000000001,0.23529411764705882
Random Forest,ROC,0.046896551724137932,0.25490196078431371
Random Forest,ROC,0.055172413793103448,0.25490196078431371
Random Forest,ROC,0.064827586206896548,0.27450980392156865
Random Forest,ROC,0.071724137931034479,0.31372549019607843
Random Forest,ROC,0.073103448275862071,0.31372549019607843
Random Forest,ROC,0.077241379310344832,0.31372549019607843
Random Forest,ROC,0.07862068965517241,0.33333333333333331
Random Forest,ROC,0.085517241379310341,0.35294117647058826
Random Forest,ROC,0.091034482758620694,0.37254901960784315
Random Forest,ROC,0.097931034482758625,0.39215686274509803
Random Forest,ROC,0.10206896551724139,0.41176470588235292
Random Forest,ROC,0.10896551724137932,0.45098039215686275
Random Forest,ROC,0.12827586206896552,0.49019607843137253
Random Forest,ROC,0.1406896551724138,0.49019607843137253
Random Forest,ROC,0.1489655172413793,0.50980392156862742
Random Forest,ROC,0.15448275862068966,0.52941176470588236
Random Forest,ROC,0.16413793103448276,0.5490196078431373
Random Forest,ROC,0.1793103448275862,0.5490196078431373
Random Forest,ROC,0.19310344827586207,0.5490196078431373
Random Forest,ROC,0.21103448275862069,0.58823529411764708
Random Forest,ROC,0.23999999999999999,0.62745098039215685
Random Forest,ROC,0.25517241379310346,0.68627450980392157
Random Forest,ROC,0.27448275862068966,0.70588235294117652
Random Forest,ROC,0.28827586206896549,0.70588235294117652
Random Forest,ROC,0.30758620689655175,0.72549019607843135
Random Forest,ROC,0.33241379310344826,0.76470588235294112
Random Forest,ROC,0.35586206896551725,0.78431372549019607
Random Forest,ROC,0.38068965517241377,0.80392156862745101
Random Forest,ROC,0.40689655172413791,0.82352941176470584
Random Forest,ROC,0.42896551724137932,0.84313725490196079
Random Forest,ROC,0.46206896551724136,0.84313725490196079
Random Forest,ROC,0.50896551724137928,0.86274509803921573
Random Forest,ROC,0.55448275862068963,0.88235294117647056
Random Forest,ROC,0.63034482758620691,0.88235294117647056
Random Forest,ROC,0.68000000000000005,0.88235294117647056
Random Forest,ROC,0.78068965517241384,0.92156862745098034
Random Forest,ROC,1,1
Random Forest,PR,1,0.065721649484536085
Random Forest,PR,0.92156862745098034,0.076672104404567704
Random Forest,PR,0.88235294117647056,0.083643122676579931
Random Forest,PR,0.88235294117647056,0.089641434262948211
Random Forest,PR,0.88235294117647056,0.10067114093959731
Random Forest,PR,0.86274509803921573,0.10653753026634383
Random Forest,PR,0.84313725490196079,0.11375661375661375
Random Forest,PR,0.84313725490196079,0.12146892655367232
Random Forest,PR,0.82352941176470584,0.12462908011869436
Random Forest,PR,0.80392156862745101,0.12933753943217666
Random Forest,PR,0.78431372549019607,0.13422818791946309
Random Forest,PR,0.76470588235294112,0.13928571428571429
Random Forest,PR,0.72549019607843135,0.1423076923076923
Random Forest,PR,0.70588235294117652,0.14693877551020409
Random Forest,PR,0.70588235294117652,0.15319148936170213
Random Forest,PR,0.68627450980392157,0.15909090909090909
Random Forest,PR,0.62745098039215685,0.1553398058252427
Random Forest,PR,0.58823529411764708,0.16393442622950818
Random Forest,PR,0.5490196078431373,0.16666666666666666
Random Forest,PR,0.5490196078431373,0.17721518987341772
Random Forest,PR,0.5490196078431373,0.19047619047619047
Random Forest,PR,0.52941176470588236,0.19424460431654678
Random Forest,PR,0.50980392156862742,0.19402985074626866
Random Forest,PR,0.49019607843137253,0.19685039370078741
Random Forest,PR,0.49019607843137253,0.21186440677966101
Random Forest,PR,0.47058823529411764,0.21818181818181817
Random Forest,PR,0.45098039215686275,0.22549019607843138
Random Forest,PR,0.41176470588235292,0.22105263157894736
Random Forest,PR,0.39215686274509803,0.21978021978021978
Random Forest,PR,0.37254901960784315,0.22352941176470589
Random Forest,PR,0.35294117647058826,0.22500000000000001
Random Forest,PR,0.33333333333333331,0.22972972972972974
Random Forest,PR,0.31372549019607843,0.22222222222222221
Random Forest,PR,0.31372549019607843,0.2318840579710145
Random Forest,PR,0.31372549019607843,0.23529411764705882
Random Forest,PR,0.27450980392156865,0.22950819672131148
Random Forest,PR,0.25490196078431371,0.24528301886792453
Random Forest,PR,0.25490196078431371,0.26000000000000001
Random Forest,PR,0.25490196078431371,0.27659574468085107
Random Forest,PR,0.23529411764705882,0.29268292682926828
Random Forest,PR,0.21568627450980393,0.27500000000000002
Random Forest,PR,0.21568627450980393,0.28205128205128205
Random Forest,PR,0.21568627450980393,0.30555555555555558
Random Forest,PR,0.19607843137254902,0.2857142857142857
Random Forest,PR,0.17647058823529413,0.26470588235294118
Random Forest,PR,0.15686274509803921,0.25
Random Forest,PR,0.15686274509803921,0.27586206896551724
Random Forest,PR,0.15686274509803921,0.2857142857142857
Random Forest,PR,0.15686274509803921,0.30769230769230771
Random Forest,PR,0.15686274509803921,0.32000000000000001
Random Forest,PR,0.15686274509803921,0.34782608695652173
Random Forest,PR,0.15686274509803921,0.36363636363636365
Random Forest,PR,0.13725490196078433,0.33333333333333331
Random Forest,PR,0.13725490196078433,0.34999999999999998
Random Forest,PR,0.13725490196078433,0.36842105263157893
Random Forest,PR,0.13725490196078433,0.3888888888888889
Random Forest,PR,0.11764705882352941,0.375
Random Forest,PR,0.11764705882352941,0.40000000000000002
Random Forest,PR,0.11764705882352941,0.42857142857142855
Random Forest,PR,0.098039215686274508,0.38461538461538464
Random Forest,PR,0.098039215686274508,0.41666666666666669
Random Forest,PR,0.098039215686274508,0.45454545454545453
Random Forest,PR,0.098039215686274508,0.5
Random Forest,PR,0.078431372549019607,0.5
Random Forest,PR,0.078431372549019607,0.66666666666666663
Random Forest,PR,0.078431372549019607,0.80000000000000004
Random Forest,PR,0.058823529411764705,0.75
Random Forest,PR,0.039215686274509803,0.66666666666666663
Random Forest,PR,0.019607843137254902,1
Random Forest,PR,0,1
Gradient Boosting,ROC,0,0
Gradient Boosting,ROC,0,0.019607843137254902
Gradient Boosting,ROC,0.0013793103448275861,0.019607843137254902
Gradient Boosting,ROC,0.0013793103448275861,0.039215686274509803
Gradient Boosting,ROC,0.0041379310344827587,0.039215686274509803
Gradient Boosting,ROC,0.0041379310344827587,0.078431372549019607
Gradient Boosting,ROC,0.0055172413793103444,0.078431372549019607
Gradient Boosting,ROC,0.0055172413793103444,0.098039215686274508
Gradient Boosting,ROC,0.0068965517241379309,0.098039215686274508
Gradient Boosting,ROC,0.0068965517241379309,0.11764705882352941
Gradient Boosting,ROC,0.012413793103448275,0.11764705882352941
Gradient Boosting,ROC,0.012413793103448275,0.15686274509803921
Gradient Boosting,ROC,0.015172413793103448,0.15686274509803921
Gradient Boosting,ROC,0.015172413793103448,0.19607843137254902
Gradient Boosting,ROC,0.01793103448275862,0.19607843137254902
Gradient Boosting,ROC,0.01793103448275862,0.21568627450980393
Gradient Boosting,ROC,0.020689655172413793,0.21568627450980393
Gradient Boosting,ROC,0.020689655172413793,0.23529411764705882
Gradient Boosting,ROC,0.028965517241379312,0.23529411764705882
Gradient Boosting,ROC,0.028965517241379312,0.25490196078431371
Gradient Boosting,ROC,0.030344827586206897,0.25490196078431371
Gradient Boosting,ROC,0.030344827586206897,0.29411764705882354
Gradient Boosting,ROC,0.057931034482758624,0.29411764705882354
Gradient Boosting,ROC,0.057931034482758624,0.31372549019607843
Gradient Boosting,ROC,0.060689655172413794,0.31372549019607843
Gradient Boosting,ROC,0.060689655172413794,0.33333333333333331
Gradient Boosting,ROC,0.068965517241379309,0.33333333333333331
Gradient Boosting,ROC,0.068965517241379309,0.35294117647058826
Gradient Boosting,ROC,0.080000000000000002,0.35294117647058826
Gradient Boosting,ROC,0.082758620689655171,0.35294117647058826
Gradient Boosting,ROC,0.08827586206896551,0.35294117647058826
Gradient Boosting,ROC,0.08827586206896551,0.37254901960784315
Gradient Boosting,ROC,0.093793103448275864,0.37254901960784315
Gradient Boosting,ROC,0.096551724137931033,0.37254901960784315
Gradient Boosting,ROC,0.096551724137931033,0.39215686274509803
Gradient Boosting,ROC,0.11172413793103449,0.39215686274509803
Gradient Boosting,ROC,0.11172413793103449,0.41176470588235292
Gradient Boosting,ROC,0.14344827586206896,0.41176470588235292
Gradient Boosting,ROC,0.14344827586206896,0.45098039215686275
Gradient Boosting,ROC,0.14620689655172414,0.45098039215686275
Gradient Boosting,ROC,0.14620689655172414,0.47058823529411764
Gradient Boosting,ROC,0.1489655172413793,0.47058823529411764
Gradient Boosting,ROC,0.15172413793103448,0.47058823529411764
Gradient Boosting,ROC,0.15586206896551724,0.47058823529411764
Gradient Boosting,ROC,0.15586206896551724,0.49019607843137253
Gradient Boosting,ROC,0.15862068965517243,0.49019607843137253
Gradient Boosting,ROC,0.15862068965517243,0.50980392156862742
Gradient Boosting,ROC,0.17379310344827587,0.50980392156862742
Gradient Boosting,ROC,0.17379310344827587,0.52941176470588236
Gradient Boosting,ROC,0.19448275862068964,0.52941176470588236
Gradient Boosting,ROC,0.19448275862068964,0.5490196078431373
Gradient Boosting,ROC,0.20000000000000001,0.5490196078431373
Gradient Boosting,ROC,0.20000000000000001,0.56862745098039214
Gradient Boosting,ROC,0.20137931034482759,0.56862745098039214
Gradient Boosting,ROC,0.20689655172413793,0.56862745098039214
Gradient Boosting,ROC,0.21793103448275863,0.56862745098039214
Gradient Boosting,ROC,0.21793103448275863,0.58823529411764708
Gradient Boosting,ROC,0.22620689655172413,0.58823529411764708
Gradient Boosting,ROC,0.22896551724137931,0.58823529411764708
Gradient Boosting,ROC,0.23862068965517241,0.58823529411764708
Gradient Boosting,ROC,0.23862068965517241,0.60784313725490191
Gradient Boosting,ROC,0.24551724137931036,0.60784313725490191
Gradient Boosting,ROC,0.24551724137931036,0.62745098039215685
Gradient Boosting,ROC,0.2620689655172414,0.62745098039215685
Gradient Boosting,ROC,0.2620689655172414,0.6470588235294118
Gradient Boosting,ROC,0.26620689655172414,0.6470588235294118
Gradient Boosting,ROC,0.26620689655172414,0.66666666666666663
Gradient Boosting,ROC,0.27448275862068966,0.66666666666666663
Gradient Boosting,ROC,0.27448275862068966,0.68627450980392157
Gradient Boosting,ROC,0.28689655172413792,0.68627450980392157
Gradient Boosting,ROC,0.28965517241379313,0.68627450980392157
Gradient Boosting,ROC,0.29931034482758623,0.68627450980392157
Gradient Boosting,ROC,0.29931034482758623,0.70588235294117652
Gradient Boosting,ROC,0.31862068965517243,0.70588235294117652
Gradient Boosting,ROC,0.32137931034482758,0.70588235294117652
Gradient Boosting,ROC,0.32137931034482758,0.72549019607843135
Gradient Boosting,ROC,0.37379310344827588,0.72549019607843135
Gradient Boosting,ROC,0.37379310344827588,0.74509803921568629
Gradient Boosting,ROC,0.42482758620689653,0.74509803921568629
Gradient Boosting,ROC,0.42758620689655175,0.74509803921568629
Gradient Boosting,ROC,0.44275862068965516,0.74509803921568629
Gradient Boosting,ROC,0.44551724137931037,0.74509803921568629
Gradient Boosting,ROC,0.45379310344827584,0.74509803921568629
Gradient Boosting,ROC,0.45379310344827584,0.76470588235294112
Gradient Boosting,ROC,0.45655172413793105,0.76470588235294112
Gradient Boosting,ROC,0.45655172413793105,0.78431372549019607
Gradient Boosting,ROC,0.4689655172413793,0.78431372549019607
Gradient Boosting,ROC,0.4689655172413793,0.80392156862745101
Gradient Boosting,ROC,0.51172413793103444,0.80392156862745101
Gradient Boosting,ROC,0.51448275862068971,0.80392156862745101
Gradient Boosting,ROC,0.52137931034482754,0.80392156862745101
Gradient Boosting,ROC,0.52137931034482754,0.82352941176470584
Gradient Boosting,ROC,0.53379310344827591,0.82352941176470584
Gradient Boosting,ROC,0.53379310344827591,0.84313725490196079
Gradient Boosting,ROC,0.54206896551724137,0.84313725490196079
Gradient Boosting,ROC,0.54206896551724137,0.86274509803921573
Gradient Boosting,ROC,0.54758620689655169,0.86274509803921573
Gradient Boosting,ROC,0.55034482758620684,0.86274509803921573
Gradient Boosting,ROC,0.55586206896551726,0.86274509803921573
Gradient Boosting,ROC,0.55586206896551726,0.88235294117647056
Gradient Boosting,ROC,0.56551724137931036,0.88235294117647056
Gradient Boosting,ROC,0.56827586206896552,0.88235294117647056
Gradient Boosting,ROC,0.58620689655172409,0.88235294117647056
Gradient Boosting,ROC,0.58896551724137935,0.88235294117647056
Gradient Boosting,ROC,0.59586206896551719,0.88235294117647056
Gradient Boosting,ROC,0.59862068965517246,0.88235294117647056
Gradient Boosting,ROC,0.59999999999999998,0.90196078431372551
Gradient Boosting,ROC,0.62896551724137928,0.90196078431372551
Gradient Boosting,ROC,0.63310344827586207,0.90196078431372551
Gradient Boosting,ROC,0.66482758620689653,0.90196078431372551
Gradient Boosting,ROC,0.66758620689655168,0.90196078431372551
Gradient Boosting,ROC,0.68965517241379315,0.90196078431372551
Gradient Boosting,ROC,0.68965517241379315,0.92156862745098034
Gradient Boosting,ROC,0.71034482758620687,0.92156862745098034
Gradient Boosting,ROC,0.7158620689655173,0.92156862745098034
Gradient Boosting,ROC,0.71999999999999997,0.92156862745098034
Gradient Boosting,ROC,0.72827586206896555,0.92156862745098034
Gradient Boosting,ROC,0.73103448275862071,0.92156862745098034
Gradient Boosting,ROC,0.73931034482758617,0.92156862745098034
Gradient Boosting,ROC,0.74206896551724133,0.92156862745098034
Gradient Boosting,ROC,0.74344827586206896,0.92156862745098034
Gradient Boosting,ROC,0.74758620689655175,0.92156862745098034
Gradient Boosting,ROC,0.75034482758620691,0.92156862745098034
Gradient Boosting,ROC,0.80413793103448272,0.92156862745098034
Gradient Boosting,ROC,0.80689655172413788,0.92156862745098034
Gradient Boosting,ROC,0.81379310344827582,0.92156862745098034
Gradient Boosting,ROC,0.81379310344827582,0.94117647058823528
Gradient Boosting,ROC,0.81655172413793109,0.94117647058823528
Gradient Boosting,ROC,0.8220689655172414,0.94117647058823528
Gradient Boosting,ROC,0.82482758620689656,0.94117647058823528
Gradient Boosting,ROC,0.83034482758620687,0.94117647058823528
Gradient Boosting,ROC,0.83034482758620687,0.96078431372549022
Gradient Boosting,ROC,0.8413793103448276,0.96078431372549022
Gradient Boosting,ROC,0.8413793103448276,0.98039215686274506
Gradient Boosting,ROC,0.84689655172413791,0.98039215686274506
Gradient Boosting,ROC,0.84965517241379307,0.98039215686274506
Gradient Boosting,ROC,0.86758620689655175,0.98039215686274506
Gradient Boosting,ROC,0.86758620689655175,1
Gradient Boosting,ROC,0.89379310344827589,1
Gradient Boosting,ROC,0.89655172413793105,1
Gradient Boosting,ROC,0.89931034482758621,1
Gradient Boosting,ROC,0.90344827586206899,1
Gradient Boosting,ROC,0.90758620689655167,1
Gradient Boosting,ROC,0.91034482758620694,1
Gradient Boosting,ROC,0.92689655172413798,1
Gradient Boosting,ROC,0.93103448275862066,1
Gradient Boosting,ROC,0.9324137931034483,1
Gradient Boosting,ROC,0.93517241379310345,1
Gradient Boosting,ROC,0.94068965517241376,1
Gradient Boosting,ROC,0.94344827586206892,1
Gradient Boosting,ROC,0.94620689655172419,1
Gradient Boosting,ROC,0.95034482758620686,1
Gradient Boosting,ROC,0.9517241379310345,1
Gradient Boosting,ROC,0.95448275862068965,1
Gradient Boosting,ROC,0.95724137931034481,1
Gradient Boosting,ROC,0.9613793103448276,1
Gradient Boosting,ROC,0.96689655172413791,1
Gradient Boosting,ROC,0.96965517241379307,1
Gradient Boosting,ROC,0.97241379310344822,1
Gradient Boosting,ROC,0.97931034482758617,1
Gradient Boosting,ROC,0.98758620689655174,1
Gradient Boosting,ROC,0.99724137931034484,1
Gradient Boosting,ROC,1,1
Gradient Boosting,PR,1,0.065721649484536085
Gradient Boosting,PR,1,0.06580645161290323
Gradient Boosting,PR,1,0.06589147286821706
Gradient Boosting,PR,1,0.066492829204693613
Gradient Boosting,PR,1,0.067017082785808146
Gradient Boosting,PR,1,0.067105263157894737
Gradient Boosting,PR,1,0.067193675889328064
Gradient Boosting,PR,1,0.067282321899736153
Gradient Boosting,PR,1,0.067371202113606338
Gradient Boosting,PR,1,0.067460317460317457
Gradient Boosting,PR,1,0.067639257294429711
Gradient Boosting,PR,1,0.067729083665338641
Gradient Boosting,PR,1,0.067819148936170207
Gradient Boosting,PR,1,0.068181818181818177
Gradient Boosting,PR,1,0.068456375838926178
Gradient Boosting,PR,1,0.068548387096774188
Gradient Boosting,PR,1,0.068640646029609689
Gradient Boosting,PR,1,0.068825910931174086
Gradient Boosting,PR,1,0.068918918918918923
Gradient Boosting,PR,1,0.069199457259158756
Gradient Boosting,PR,1,0.069293478260869568
Gradient Boosting,PR,1,0.069387755102040816
Gradient Boosting,PR,1,0.069577080491132329
Gradient Boosting,PR,1,0.069672131147540978
Gradient Boosting,PR,1,0.069767441860465115
Gradient Boosting,PR,1,0.069863013698630141
Gradient Boosting,PR,1,0.069958847736625515
Gradient Boosting,PR,1,0.070151306740027508
Gradient Boosting,PR,1,0.070247933884297523
Gradient Boosting,PR,1,0.070539419087136929
Gradient Boosting,PR,1,0.070637119113573413
Gradient Boosting,PR,1,0.070735090152565877
Gradient Boosting,PR,1,0.070833333333333331
Gradient Boosting,PR,1,0.070931849791376914
Gradient Boosting,PR,1,0.071030640668523673
Gradient Boosting,PR,1,0.071129707112970716
Gradient Boosting,PR,1,0.071229050279329603
Gradient Boosting,PR,1,0.071328671328671323
Gradient Boosting,PR,1,0.071428571428571425
Gradient Boosting,PR,1,0.071528751753155678
Gradient Boosting,PR,1,0.071629213483146062
Gradient Boosting,PR,1,0.071729957805907171
Gradient Boosting,PR,1,0.071932299012693934
Gradient Boosting,PR,1,0.072033898305084748
Gradient Boosting,PR,1,0.072135785007072142
Gradient Boosting,PR,1,0.072237960339943341
Gradient Boosting,PR,1,0.07254623044096728
Gradient Boosting,PR,1,0.072649572649572655
Gradient Boosting,PR,1,0.072753209700427965
Gradient Boosting,PR,1,0.072961373390557943
Gradient Boosting,PR,1,0.073065902578796568
Gradient Boosting,PR,1,0.073170731707317069
Gradient Boosting,PR,1,0.073275862068965511
Gradient Boosting,PR,1,0.073381294964028773
Gradient Boosting,PR,1,0.073487031700288183
Gradient Boosting,PR,1,0.073593073593073599
Gradient Boosting,PR,1,0.073699421965317924
Gradient Boosting,PR,1,0.073806078147612156
Gradient Boosting,PR,1,0.073913043478260873
Gradient Boosting,PR,1,0.074020319303338175
Gradient Boosting,PR,1,0.074127906976744193
Gradient Boosting,PR,1,0.074235807860262015
Gradient Boosting,PR,1,0.074344023323615158
Gradient Boosting,PR,1,0.074452554744525543
Gradient Boosting,PR,1,0.074561403508771926
Gradient Boosting,PR,1,0.074670571010248904
Gradient Boosting,PR,1,0.074780058651026396
Gradient Boosting,PR,1,0.074889867841409691
Gradient Boosting,PR,1,0.074999999999999997
Gradient Boosting,PR,0.98039215686274506,0.073637702503681887
Gradient Boosting,PR,0.98039215686274506,0.073746312684365781
Gradient Boosting,PR,0.98039215686274506,0.073855243722304287
Gradient Boosting,PR,0.98039215686274506,0.073964497041420121
Gradient Boosting,PR,0.98039215686274506,0.07407407407407407
Gradient Boosting,PR,0.98039215686274506,0.07418397626112759
Gradient Boosting,PR,0.98039215686274506,0.074294205052005943
Gradient Boosting,PR,0.98039215686274506,0.074404761904761904
Gradient Boosting,PR,0.98039215686274506,0.074515648286140088
Gradient Boosting,PR,0.98039215686274506,0.074626865671641784
Gradient Boosting,PR,0.98039215686274506,0.074738415545590436
Gradient Boosting,PR,0.98039215686274506,0.074850299401197598
Gradient Boosting,PR,0.98039215686274506,0.074962518740629688
Gradient Boosting,PR,0.98039215686274506,0.075075075075075076
Gradient Boosting,PR,0.98039215686274506,0.075301204819277115
Gradient Boosting,PR,0.98039215686274506,0.075414781297134234
Gradient Boosting,PR,0.98039215686274506,0.075528700906344406
Gradient Boosting,PR,0.98039215686274506,0.07564296520423601
Gradient Boosting,PR,0.98039215686274506,0.07575757575757576
Gradient Boosting,PR,0.96078431372549022,0.074355083459787558
Gradient Boosting,PR,0.96078431372549022,0.074468085106382975
Gradient Boosting,PR,0.96078431372549022,0.074581430745814303
Gradient Boosting,PR,0.96078431372549022,0.074695121951219509
Gradient Boosting,PR,0.96078431372549022,0.074809160305343514
Gradient Boosting,PR,0.96078431372549022,0.07492354740061162
Gradient Boosting,PR,0.96078431372549022,0.075038284839203676
Gradient Boosting,PR,0.96078431372549022,0.075153374233128831
Gradient Boosting,PR,0.96078431372549022,0.075268817204301078
Gradient Boosting,PR,0.94117647058823528,0.073846153846153853
Gradient Boosting,PR,0.94117647058823528,0.073959938366718034
Gradient Boosting,PR,0.94117647058823528,0.07407407407407407
Gradient Boosting,PR,0.94117647058823528,0.074188562596599686
Gradient Boosting,PR,0.94117647058823528,0.074303405572755415
Gradient Boosting,PR,0.94117647058823528,0.074534161490683232
Gradient Boosting,PR,0.94117647058823528,0.074999999999999997
Gradient Boosting,PR,0.94117647058823528,0.075117370892018781
Gradient Boosting,PR,0.94117647058823528,0.075235109717868343
Gradient Boosting,PR,0.92156862745098034,0.07378335949764521
Gradient Boosting,PR,0.92156862745098034,0.073899371069182387
Gradient Boosting,PR,0.92156862745098034,0.074015748031496062
Gradient Boosting,PR,0.92156862745098034,0.074132492113564666
Gradient Boosting,PR,0.92156862745098034,0.074249605055292253
Gradient Boosting,PR,0.92156862745098034,0.074367088607594931
Gradient Boosting,PR,0.92156862745098034,0.074603174603174602
Gradient Boosting,PR,0.92156862745098034,0.07472178060413355
Gradient Boosting,PR,0.92156862745098034,0.074840764331210188
Gradient Boosting,PR,0.92156862745098034,0.074960127591706532
Gradient Boosting,PR,0.92156862745098034,0.075079872204472847
Gradient Boosting,PR,0.92156862745098034,0.075200000000000003
Gradient Boosting,PR,0.92156862745098034,0.075320512820512817
Gradient Boosting,PR,0.92156862745098034,0.075441412520064199
Gradient Boosting,PR,0.92156862745098034,0.075562700964630219
Gradient Boosting,PR,0.92156862745098034,0.075684380032206122
Gradient Boosting,PR,0.92156862745098034,0.075806451612903225
Gradient Boosting,PR,0.92156862745098034,0.075928917609046853
Gradient Boosting,PR,0.92156862745098034,0.07605177993527508
Gradient Boosting,PR,0.92156862745098034,0.076175040518638576
Gradient Boosting,PR,0.92156862745098034,0.076298701298701296
Gradient Boosting,PR,0.92156862745098034,0.07642276422764227
Gradient Boosting,PR,0.92156862745098034,0.076547231270358312
Gradient Boosting,PR,0.92156862745098034,0.076672104404567704
Gradient Boosting,PR,0.92156862745098034,0.076797385620915037
Gradient Boosting,PR,0.92156862745098034,0.076923076923076927
Gradient Boosting,PR,0.92156862745098034,0.077049180327868852
Gradient Boosting,PR,0.92156862745098034,0.077175697865353041
Gradient Boosting,PR,0.92156862745098034,0.077302631578947373
Gradient Boosting,PR,0.92156862745098034,0.077429983525535415
Gradient Boosting,PR,0.92156862745098034,0.077557755775577553
Gradient Boosting,PR,0.92156862745098034,0.07768595041322314
Gradient Boosting,PR,0.92156862745098034,0.077814569536423836
Gradient Boosting,PR,0.92156862745098034,0.077943615257048099
Gradient Boosting,PR,0.92156862745098034,0.078073089700996676
Gradient Boosting,PR,0.92156862745098034,0.078202995008319467
Gradient Boosting,PR,0.92156862745098034,0.078333333333333338
Gradient Boosting,PR,0.92156862745098034,0.078464106844741241
Gradient Boosting,PR,0.92156862745098034,0.078595317725752512
Gradient Boosting,PR,0.92156862745098034,0.078726968174204354
Gradient Boosting,PR,0.92156862745098034,0.078859060402684561
Gradient Boosting,PR,0.92156862745098034,0.078991596638655459
Gradient Boosting,PR,0.92156862745098034,0.079124579124579125
Gradient Boosting,PR,0.92156862745098034,0.079258010118043842
Gradient Boosting,PR,0.92156862745098034,0.079391891891891886
Gradient Boosting,PR,0.92156862745098034,0.07952622673434856
Gradient Boosting,PR,0.92156862745098034,0.07979626485568761
Gradient Boosting,PR,0.92156862745098034,0.080204778156996587
Gradient Boosting,PR,0.92156862745098034,0.080341880341880348
Gradient Boosting,PR,0.92156862745098034,0.080617495711835338
Gradient Boosting,PR,0.92156862745098034,0.080756013745704472
Gradient Boosting,PR,0.92156862745098034,0.080895008605851984
Gradient Boosting,PR,0.92156862745098034,0.081034482758620685
Gradient Boosting,PR,0.92156862745098034,0.081174438687392061
Gradient Boosting,PR,0.92156862745098034,0.081314878892733561
Gradient Boosting,PR,0.92156862745098034,0.081455805892547667
Gradient Boosting,PR,0.92156862745098034,0.081739130434782606
Gradient Boosting,PR,0.92156862745098034,0.08188153310104529
Gradient Boosting,PR,0.92156862745098034,0.082024432809773118
Gradient Boosting,PR,0.92156862745098034,0.082167832167832161
Gradient Boosting,PR,0.92156862745098034,0.082311733800350256
Gradient Boosting,PR,0.92156862745098034,0.0824561403508772
Gradient Boosting,PR,0.92156862745098034,0.082601054481546574
Gradient Boosting,PR,0.92156862745098034,0.083038869257950523
Gradient Boosting,PR,0.92156862745098034,0.083333333333333329
Gradient Boosting,PR,0.92156862745098034,0.083629893238434158
Gradient Boosting,PR,0.92156862745098034,0.083778966131907315
Gradient Boosting,PR,0.92156862745098034,0.083928571428571422
Gradient Boosting,PR,0.92156862745098034,0.084078711985688726
Gradient Boosting,PR,0.92156862745098034,0.084229390681003588
Gradient Boosting,PR,0.92156862745098034,0.084380610412926396
Gradient Boosting,PR,0.92156862745098034,0.084532374100719426
Gradient Boosting,PR,0.92156862745098034,0.08468468468468468
Gradient Boosting,PR,0.92156862745098034,0.084837545126353789
Gradient Boosting,PR,0.92156862745098034,0.084990958408679929
Gradient Boosting,PR,0.92156862745098034,0.085144927536231887
Gradient Boosting,PR,0.92156862745098034,0.085299455535390201
Gradient Boosting,PR,0.92156862745098034,0.08545454545454545
Gradient Boosting,PR,0.92156862745098034,0.085610200364298727
Gradient Boosting,PR,0.92156862745098034,0.08576642335766424
Gradient Boosting,PR,0.92156862745098034,0.085923217550274225
Gradient Boosting,PR,0.90196078431372551,0.084249084249084255
Gradient Boosting,PR,0.90196078431372551,0.084403669724770647
Gradient Boosting,PR,0.90196078431372551,0.08455882352941177
Gradient Boosting,PR,0.90196078431372551,0.084714548802946599
Gradient Boosting,PR,0.90196078431372551,0.084870848708487087
Gradient Boosting,PR,0.90196078431372551,0.085027726432532341
Gradient Boosting,PR,0.90196078431372551,0.085185185185185183
Gradient Boosting,PR,0.90196078431372551,0.08534322820037106
Gradient Boosting,PR,0.90196078431372551,0.085501858736059477
Gradient Boosting,PR,0.90196078431372551,0.085661080074487903
Gradient Boosting,PR,0.90196078431372551,0.085820895522388058
Gradient Boosting,PR,0.90196078431372551,0.085981308411214957
Gradient Boosting,PR,0.90196078431372551,0.086142322097378279
Gradient Boosting,PR,0.90196078431372551,0.086303939962476553
Gradient Boosting,PR,0.90196078431372551,0.08646616541353383
Gradient Boosting,PR,0.90196078431372551,0.086629001883239173
Gradient Boosting,PR,0.90196078431372551,0.086792452830188674
Gradient Boosting,PR,0.90196078431372551,0.087121212121212127
Gradient Boosting,PR,0.90196078431372551,0.087286527514231493
Gradient Boosting,PR,0.90196078431372551,0.087452471482889732
Gradient Boosting,PR,0.90196078431372551,0.087619047619047624
Gradient Boosting,PR,0.90196078431372551,0.087786259541984726
Gradient Boosting,PR,0.90196078431372551,0.087954110898661564
Gradient Boosting,PR,0.90196078431372551,0.088122605363984668
Gradient Boosting,PR,0.90196078431372551,0.08829174664107485
Gradient Boosting,PR,0.90196078431372551,0.088461538461538466
Gradient Boosting,PR,0.90196078431372551,0.088631984585741813
Gradient Boosting,PR,0.90196078431372551,0.088803088803088806
Gradient Boosting,PR,0.90196078431372551,0.088974854932301742
Gradient Boosting,PR,0.90196078431372551,0.089147286821705432
Gradient Boosting,PR,0.90196078431372551,0.089320388349514557
Gradient Boosting,PR,0.90196078431372551,0.089494163424124515
Gradient Boosting,PR,0.90196078431372551,0.089668615984405453
Gradient Boosting,PR,0.90196078431372551,0.08984375
Gradient Boosting,PR,0.90196078431372551,0.090019569471624261
Gradient Boosting,PR,0.90196078431372551,0.090196078431372548
Gradient Boosting,PR,0.90196078431372551,0.090373280943025547
Gradient Boosting,PR,0.90196078431372551,0.09055118110236221
Gradient Boosting,PR,0.90196078431372551,0.090729783037475351
Gradient Boosting,PR,0.90196078431372551,0.090909090909090912
Gradient Boosting,PR,0.90196078431372551,0.091089108910891087
Gradient Boosting,PR,0.90196078431372551,0.091633466135458169
Gradient Boosting,PR,0.90196078431372551,0.091816367265469059
Gradient Boosting,PR,0.90196078431372551,0.091999999999999998
Gradient Boosting,PR,0.90196078431372551,0.092184368737474945
Gradient Boosting,PR,0.90196078431372551,0.092369477911646583
Gradient Boosting,PR,0.90196078431372551,0.092555331991951706
Gradient Boosting,PR,0.90196078431372551,0.092741935483870969
Gradient Boosting,PR,0.90196078431372551,0.092929292929292931
Gradient Boosting,PR,0.90196078431372551,0.093117408906882596
Gradient Boosting,PR,0.90196078431372551,0.09330628803245436
Gradient Boosting,PR,0.90196078431372551,0.093495934959349589
Gradient Boosting,PR,0.90196078431372551,0.09368635437881874
Gradient Boosting,PR,0.90196078431372551,0.093877551020408165
Gradient Boosting,PR,0.90196078431372551,0.094069529652351741
Gradient Boosting,PR,0.90196078431372551,0.094262295081967207
Gradient Boosting,PR,0.90196078431372551,0.094455852156057493
Gradient Boosting,PR,0.90196078431372551,0.094650205761316872
Gradient Boosting,PR,0.90196078431372551,0.094845360824742264
Gradient Boosting,PR,0.90196078431372551,0.095041322314049589
Gradient Boosting,PR,0.90196078431372551,0.095238095238095233
Gradient Boosting,PR,0.90196078431372551,0.095435684647302899
Gradient Boosting,PR,0.90196078431372551,0.095634095634095639
Gradient Boosting,PR,0.88235294117647056,0.093945720250521919
Gradient Boosting,PR,0.88235294117647056,0.094339622641509441
Gradient Boosting,PR,0.88235294117647056,0.094537815126050417
Gradient Boosting,PR,0.88235294117647056,0.094736842105263161
Gradient Boosting,PR,0.88235294117647056,0.0949367088607595
Gradient Boosting,PR,0.88235294117647056,0.095137420718816063
Gradient Boosting,PR,0.88235294117647056,0.095338983050847453
Gradient Boosting,PR,0.88235294117647056,0.095744680851063829
Gradient Boosting,PR,0.88235294117647056,0.095948827292110878
Gradient Boosting,PR,0.88235294117647056,0.096153846153846159
Gradient Boosting,PR,0.88235294117647056,0.096359743040685231
Gradient Boosting,PR,0.88235294117647056,0.096566523605150209
Gradient Boosting,PR,0.88235294117647056,0.096774193548387094
Gradient Boosting,PR,0.88235294117647056,0.096982758620689655
Gradient Boosting,PR,0.88235294117647056,0.09719222462203024
Gradient Boosting,PR,0.88235294117647056,0.097402597402597407
Gradient Boosting,PR,0.88235294117647056,0.097613882863340565
Gradient Boosting,PR,0.88235294117647056,0.097826086956521743
Gradient Boosting,PR,0.88235294117647056,0.098039215686274508
Gradient Boosting,PR,0.88235294117647056,0.098253275109170299
Gradient Boosting,PR,0.88235294117647056,0.098468271334792121
Gradient Boosting,PR,0.88235294117647056,0.098901098901098897
Gradient Boosting,PR,0.88235294117647056,0.099118942731277526
Gradient Boosting,PR,0.88235294117647056,0.099337748344370855
Gradient Boosting,PR,0.88235294117647056,0.099557522123893807
Gradient Boosting,PR,0.88235294117647056,0.099778270509977826
Gradient Boosting,PR,0.88235294117647056,0.10000000000000001
Gradient Boosting,PR,0.88235294117647056,0.10022271714922049
Gradient Boosting,PR,0.88235294117647056,0.10044642857142858
Gradient Boosting,PR,0.86274509803921573,0.098434004474272932
Gradient Boosting,PR,0.86274509803921573,0.098654708520179366
Gradient Boosting,PR,0.86274509803921573,0.098876404494382023
Gradient Boosting,PR,0.86274509803921573,0.0990990990990991
Gradient Boosting,PR,0.86274509803921573,0.099322799097065456
Gradient Boosting,PR,0.86274509803921573,0.099773242630385492
Gradient Boosting,PR,0.86274509803921573,0.10000000000000001
Gradient Boosting,PR,0.86274509803921573,0.10022779043280182
Gradient Boosting,PR,0.86274509803921573,0.1004566210045662
Gradient Boosting,PR,0.86274509803921573,0.10068649885583524
Gradient Boosting,PR,0.84313725490196079,0.09862385321100918
Gradient Boosting,PR,0.84313725490196079,0.098850574712643677
Gradient Boosting,PR,0.84313725490196079,0.099078341013824886
Gradient Boosting,PR,0.84313725490196079,0.099307159353348731
Gradient Boosting,PR,0.84313725490196079,0.099537037037037035
Gradient Boosting,PR,0.84313725490196079,0.099767981438515077
Gradient Boosting,PR,0.84313725490196079,0.10000000000000001
Gradient Boosting,PR,0.82352941176470584,0.097902097902097904
Gradient Boosting,PR,0.82352941176470584,0.098130841121495324
Gradient Boosting,PR,0.82352941176470584,0.098360655737704916
Gradient Boosting,PR,0.82352941176470584,0.098591549295774641
Gradient Boosting,PR,0.82352941176470584,0.098823529411764699
Gradient Boosting,PR,0.82352941176470584,0.099056603773584911
Gradient Boosting,PR,0.82352941176470584,0.099290780141843976
Gradient Boosting,PR,0.82352941176470584,0.099526066350710901
Gradient Boosting,PR,0.82352941176470584,0.099762470308788598
Gradient Boosting,PR,0.82352941176470584,0.10000000000000001
Gradient Boosting,PR,0.80392156862745101,0.097852028639618144
Gradient Boosting,PR,0.80392156862745101,0.098086124401913874
Gradient Boosting,PR,0.80392156862745101,0.098321342925659472
Gradient Boosting,PR,0.80392156862745101,0.098557692307692304
Gradient Boosting,PR,0.80392156862745101,0.098795180722891562
Gradient Boosting,PR,0.80392156862745101,0.099033816425120769
Gradient Boosting,PR,0.80392156862745101,0.099514563106796114
Gradient Boosting,PR,0.80392156862745101,0.099756690997566913
Gradient Boosting,PR,0.80392156862745101,0.10000000000000001
Gradient Boosting,PR,0.80392156862745101,0.10024449877750612
Gradient Boosting,PR,0.80392156862745101,0.10049019607843138
Gradient Boosting,PR,0.80392156862745101,0.10073710073710074
Gradient Boosting,PR,0.80392156862745101,0.10098522167487685
Gradient Boosting,PR,0.80392156862745101,0.10123456790123457
Gradient Boosting,PR,0.80392156862745101,0.10148514851485149
Gradient Boosting,PR,0.80392156862745101,0.10173697270471464
Gradient Boosting,PR,0.80392156862745101,0.10199004975124377
Gradient Boosting,PR,0.80392156862745101,0.10224438902743142
Gradient Boosting,PR,0.80392156862745101,0.10249999999999999
Gradient Boosting,PR,0.80392156862745101,0.10275689223057644
Gradient Boosting,PR,0.80392156862745101,0.10301507537688442
Gradient Boosting,PR,0.80392156862745101,0.10327455919395466
Gradient Boosting,PR,0.80392156862745101,0.10353535353535354
Gradient Boosting,PR,0.80392156862745101,0.10379746835443038
Gradient Boosting,PR,0.80392156862745101,0.10406091370558376
Gradient Boosting,PR,0.80392156862745101,0.10432569974554708
Gradient Boosting,PR,0.80392156862745101,0.10459183673469388
Gradient Boosting,PR,0.80392156862745101,0.10485933503836317
Gradient Boosting,PR,0.80392156862745101,0.10512820512820513
Gradient Boosting,PR,0.80392156862745101,0.10539845758354756
Gradient Boosting,PR,0.80392156862745101,0.1056701030927835
Gradient Boosting,PR,0.80392156862745101,0.10594315245478036
Gradient Boosting,PR,0.80392156862745101,0.10621761658031088
Gradient Boosting,PR,0.80392156862745101,0.10649350649350649
Gradient Boosting,PR,0.80392156862745101,0.10677083333333333
Gradient Boosting,PR,0.80392156862745101,0.10704960835509138
Gradient Boosting,PR,0.80392156862745101,0.10732984293193717
Gradient Boosting,PR,0.80392156862745101,0.10761154855643044
Gradient Boosting,PR,0.78431372549019607,0.10526315789473684
Gradient Boosting,PR,0.78431372549019607,0.10554089709762533
Gradient Boosting,PR,0.78431372549019607,0.10582010582010581
Gradient Boosting,PR,0.78431372549019607,0.10610079575596817
Gradient Boosting,PR,0.78431372549019607,0.10638297872340426
Gradient Boosting,PR,0.78431372549019607,0.10666666666666667
Gradient Boosting,PR,0.78431372549019607,0.10695187165775401
Gradient Boosting,PR,0.78431372549019607,0.10723860589812333
Gradient Boosting,PR,0.78431372549019607,0.10752688172043011
Gradient Boosting,PR,0.78431372549019607,0.1078167115902965
Gradient Boosting,PR,0.76470588235294112,0.10540540540540541
Gradient Boosting,PR,0.76470588235294112,0.10569105691056911
Gradient Boosting,PR,0.76470588235294112,0.10597826086956522
Gradient Boosting,PR,0.74509803921568629,0.10354223433242507
Gradient Boosting,PR,0.74509803921568629,0.10382513661202186
Gradient Boosting,PR,0.74509803921568629,0.10410958904109589
Gradient Boosting,PR,0.74509803921568629,0.1043956043956044
Gradient Boosting,PR,0.74509803921568629,0.1046831955922865
Gradient Boosting,PR,0.74509803921568629,0.10497237569060773
Gradient Boosting,PR,0.74509803921568629,0.10526315789473684
Gradient Boosting,PR,0.74509803921568629,0.10584958217270195
Gradient Boosting,PR,0.74509803921568629,0.10614525139664804
Gradient Boosting,PR,0.74509803921568629,0.10644257703081232
Gradient Boosting,PR,0.74509803921568629,0.10674157303370786
Gradient Boosting,PR,0.74509803921568629,0.10704225352112676
Gradient Boosting,PR,0.74509803921568629,0.10734463276836158
Gradient Boosting,PR,0.74509803921568629,0.10764872521246459
Gradient Boosting,PR,0.74509803921568629,0.10795454545454546
Gradient Boosting,PR,0.74509803921568629,0.10826210826210826
Gradient Boosting,PR,0.74509803921568629,0.10857142857142857
Gradient Boosting,PR,0.74509803921568629,0.10888252148997135
Gradient Boosting,PR,0.74509803921568629,0.10919540229885058
Gradient Boosting,PR,0.74509803921568629,0.10982658959537572
Gradient Boosting,PR,0.74509803921568629,0.11014492753623188
Gradient Boosting,PR,0.74509803921568629,0.11046511627906977
Gradient Boosting,PR,0.74509803921568629,0.11078717201166181
Gradient Boosting,PR,0.74509803921568629,0.1111111111111111
Gradient Boosting,PR,0.74509803921568629,0.11143695014662756
Gradient Boosting,PR,0.74509803921568629,0.11176470588235295
Gradient Boosting,PR,0.74509803921568629,0.11209439528023599
Gradient Boosting,PR,0.74509803921568629,0.11242603550295859
Gradient Boosting,PR,0.74509803921568629,0.11275964391691394
Gradient Boosting,PR,0.74509803921568629,0.1130952380952381
Gradient Boosting,PR,0.74509803921568629,0.11343283582089553
Gradient Boosting,PR,0.74509803921568629,0.11377245508982035
Gradient Boosting,PR,0.74509803921568629,0.11411411411411411
Gradient Boosting,PR,0.74509803921568629,0.1144578313253012
Gradient Boosting,PR,0.74509803921568629,0.11480362537764351
Gradient Boosting,PR,0.74509803921568629,0.11515151515151516
Gradient Boosting,PR,0.74509803921568629,0.11550151975683891
Gradient Boosting,PR,0.74509803921568629,0.11585365853658537
Gradient Boosting,PR,0.74509803921568629,0.11620795107033639
Gradient Boosting,PR,0.74509803921568629,0.1165644171779141
Gradient Boosting,PR,0.74509803921568629,0.11692307692307692
Gradient Boosting,PR,0.74509803921568629,0.11728395061728394
Gradient Boosting,PR,0.74509803921568629,0.11764705882352941
Gradient Boosting,PR,0.74509803921568629,0.11801242236024845
Gradient Boosting,PR,0.74509803921568629,0.11838006230529595
Gradient Boosting,PR,0.74509803921568629,0.11874999999999999
Gradient Boosting,PR,0.74509803921568629,0.11912225705329153
Gradient Boosting,PR,0.74509803921568629,0.11949685534591195
Gradient Boosting,PR,0.74509803921568629,0.11987381703470032
Gradient Boosting,PR,0.74509803921568629,0.12025316455696203
Gradient Boosting,PR,0.74509803921568629,0.12063492063492064
Gradient Boosting,PR,0.74509803921568629,0.12101910828025478
Gradient Boosting,PR,0.74509803921568629,0.12140575079872204
Gradient Boosting,PR,0.74509803921568629,0.12179487179487179
Gradient Boosting,PR,0.74509803921568629,0.12218649517684887
Gradient Boosting,PR,0.74509803921568629,0.12258064516129032
Gradient Boosting,PR,0.74509803921568629,0.12297734627831715
Gradient Boosting,PR,0.72549019607843135,0.12012987012987013
Gradient Boosting,PR,0.72549019607843135,0.12052117263843648
Gradient Boosting,PR,0.72549019607843135,0.12091503267973856
Gradient Boosting,PR,0.72549019607843135,0.12131147540983607
Gradient Boosting,PR,0.72549019607843135,0.12171052631578948
Gradient Boosting,PR,0.72549019607843135,0.12211221122112212
Gradient Boosting,PR,0.72549019607843135,0.12251655629139073
Gradient Boosting,PR,0.72549019607843135,0.12292358803986711
Gradient Boosting,PR,0.72549019607843135,0.12333333333333334
Gradient Boosting,PR,0.72549019607843135,0.12374581939799331
Gradient Boosting,PR,0.72549019607843135,0.12416107382550336
Gradient Boosting,PR,0.72549019607843135,0.12457912457912458
Gradient Boosting,PR,0.72549019607843135,0.125
Gradient Boosting,PR,0.72549019607843135,0.12542372881355932
Gradient Boosting,PR,0.72549019607843135,0.12585034013605442
Gradient Boosting,PR,0.72549019607843135,0.12627986348122866
Gradient Boosting,PR,0.72549019607843135,0.12671232876712329
Gradient Boosting,PR,0.72549019607843135,0.12714776632302405
Gradient Boosting,PR,0.72549019607843135,0.12758620689655173
Gradient Boosting,PR,0.72549019607843135,0.12802768166089964
Gradient Boosting,PR,0.72549019607843135,0.12847222222222221
Gradient Boosting,PR,0.72549019607843135,0.1289198606271777
Gradient Boosting,PR,0.72549019607843135,0.12937062937062938
Gradient Boosting,PR,0.72549019607843135,0.12982456140350876
Gradient Boosting,PR,0.72549019607843135,0.13028169014084506
Gradient Boosting,PR,0.72549019607843135,0.13074204946996468
Gradient Boosting,PR,0.72549019607843135,0.13120567375886524
Gradient Boosting,PR,0.72549019607843135,0.13167259786476868
Gradient Boosting,PR,0.72549019607843135,0.13214285714285715
Gradient Boosting,PR,0.72549019607843135,0.13261648745519714
Gradient Boosting,PR,0.72549019607843135,0.13309352517985612
Gradient Boosting,PR,0.72549019607843135,0.13357400722021662
Gradient Boosting,PR,0.72549019607843135,0.13405797101449277
Gradient Boosting,PR,0.72549019607843135,0.13454545454545455
Gradient Boosting,PR,0.72549019607843135,0.13503649635036497
Gradient Boosting,PR,0.72549019607843135,0.13553113553113552
Gradient Boosting,PR,0.72549019607843135,0.13602941176470587
Gradient Boosting,PR,0.72549019607843135,0.13653136531365315
Gradient Boosting,PR,0.72549019607843135,0.13703703703703704
Gradient Boosting,PR,0.70588235294117652,0.13382899628252787
Gradient Boosting,PR,0.70588235294117652,0.1348314606741573
Gradient Boosting,PR,0.70588235294117652,0.13533834586466165
Gradient Boosting,PR,0.70588235294117652,0.13584905660377358
Gradient Boosting,PR,0.70588235294117652,0.13636363636363635
Gradient Boosting,PR,0.70588235294117652,0.13688212927756654
Gradient Boosting,PR,0.70588235294117652,0.13740458015267176
Gradient Boosting,PR,0.70588235294117652,0.13793103448275862
Gradient Boosting,PR,0.70588235294117652,0.13846153846153847
Gradient Boosting,PR,0.70588235294117652,0.138996138996139
Gradient Boosting,PR,0.70588235294117652,0.13953488372093023
Gradient Boosting,PR,0.70588235294117652,0.14007782101167315
Gradient Boosting,PR,0.70588235294117652,0.140625
Gradient Boosting,PR,0.70588235294117652,0.14117647058823529
Gradient Boosting,PR,0.70588235294117652,0.14173228346456693
Gradient Boosting,PR,0.70588235294117652,0.14229249011857709
Gradient Boosting,PR,0.68627450980392157,0.1388888888888889
Gradient Boosting,PR,0.68627450980392157,0.1394422310756972
Gradient Boosting,PR,0.68627450980392157,0.14000000000000001
Gradient Boosting,PR,0.68627450980392157,0.14056224899598393
Gradient Boosting,PR,0.68627450980392157,0.14112903225806453
Gradient Boosting,PR,0.68627450980392157,0.1417004048582996
Gradient Boosting,PR,0.68627450980392157,0.14227642276422764
Gradient Boosting,PR,0.68627450980392157,0.14285714285714285
Gradient Boosting,PR,0.68627450980392157,0.1440329218106996
Gradient Boosting,PR,0.68627450980392157,0.14462809917355371
Gradient Boosting,PR,0.68627450980392157,0.14522821576763487
Gradient Boosting,PR,0.68627450980392157,0.14583333333333334
Gradient Boosting,PR,0.68627450980392157,0.14644351464435146
Gradient Boosting,PR,0.68627450980392157,0.14705882352941177
Gradient Boosting,PR,0.68627450980392157,0.14767932489451477
Gradient Boosting,PR,0.68627450980392157,0.14830508474576271
Gradient Boosting,PR,0.68627450980392157,0.14893617021276595
Gradient Boosting,PR,0.68627450980392157,0.14957264957264957
Gradient Boosting,PR,0.66666666666666663,0.14592274678111589
Gradient Boosting,PR,0.66666666666666663,0.14655172413793102
Gradient Boosting,PR,0.66666666666666663,0.1471861471861472
Gradient Boosting,PR,0.66666666666666663,0.14782608695652175
Gradient Boosting,PR,0.66666666666666663,0.14847161572052403
Gradient Boosting,PR,0.66666666666666663,0.14912280701754385
Gradient Boosting,PR,0.66666666666666663,0.14977973568281938
Gradient Boosting,PR,0.6470588235294118,0.14601769911504425
Gradient Boosting,PR,0.6470588235294118,0.14666666666666667
Gradient Boosting,PR,0.6470588235294118,0.14732142857142858
Gradient Boosting,PR,0.6470588235294118,0.14798206278026907
Gradient Boosting,PR,0.62745098039215685,0.14414414414414414
Gradient Boosting,PR,0.62745098039215685,0.14479638009049775
Gradient Boosting,PR,0.62745098039215685,0.14545454545454545
Gradient Boosting,PR,0.62745098039215685,0.14611872146118721
Gradient Boosting,PR,0.62745098039215685,0.14678899082568808
Gradient Boosting,PR,0.62745098039215685,0.14746543778801843
Gradient Boosting,PR,0.62745098039215685,0.14814814814814814
Gradient Boosting,PR,0.62745098039215685,0.14883720930232558
Gradient Boosting,PR,0.62745098039215685,0.14953271028037382
Gradient Boosting,PR,0.62745098039215685,0.15023474178403756
Gradient Boosting,PR,0.62745098039215685,0.15094339622641509
Gradient Boosting,PR,0.62745098039215685,0.15165876777251186
Gradient Boosting,PR,0.62745098039215685,0.15238095238095239
Gradient Boosting,PR,0.60784313725490191,0.14832535885167464
Gradient Boosting,PR,0.60784313725490191,0.14903846153846154
Gradient Boosting,PR,0.60784313725490191,0.14975845410628019
Gradient Boosting,PR,0.60784313725490191,0.15048543689320387
Gradient Boosting,PR,0.60784313725490191,0.15121951219512195
Gradient Boosting,PR,0.60784313725490191,0.15196078431372548
Gradient Boosting,PR,0.58823529411764708,0.14778325123152711
Gradient Boosting,PR,0.58823529411764708,0.14851485148514851
Gradient Boosting,PR,0.58823529411764708,0.14925373134328357
Gradient Boosting,PR,0.58823529411764708,0.14999999999999999
Gradient Boosting,PR,0.58823529411764708,0.15075376884422109
Gradient Boosting,PR,0.58823529411764708,0.15151515151515152
Gradient Boosting,PR,0.58823529411764708,0.15228426395939088
Gradient Boosting,PR,0.58823529411764708,0.15306122448979592
Gradient Boosting,PR,0.58823529411764708,0.15463917525773196
Gradient Boosting,PR,0.58823529411764708,0.15544041450777202
Gradient Boosting,PR,0.58823529411764708,0.15625
Gradient Boosting,PR,0.58823529411764708,0.15706806282722513
Gradient Boosting,PR,0.58823529411764708,0.15789473684210525
Gradient Boosting,PR,0.58823529411764708,0.15873015873015872
Gradient Boosting,PR,0.58823529411764708,0.15957446808510639
Gradient Boosting,PR,0.56862745098039214,0.15508021390374332
Gradient Boosting,PR,0.56862745098039214,0.15591397849462366
Gradient Boosting,PR,0.56862745098039214,0.15675675675675677
Gradient Boosting,PR,0.56862745098039214,0.15760869565217392
Gradient Boosting,PR,0.56862745098039214,0.15846994535519127
Gradient Boosting,PR,0.56862745098039214,0.15934065934065933
Gradient Boosting,PR,0.56862745098039214,0.16022099447513813
Gradient Boosting,PR,0.56862745098039214,0.16111111111111112
Gradient Boosting,PR,0.56862745098039214,0.16201117318435754
Gradient Boosting,PR,0.56862745098039214,0.16384180790960451
Gradient Boosting,PR,0.56862745098039214,0.1657142857142857
Gradient Boosting,PR,0.56862745098039214,0.16666666666666666
Gradient Boosting,PR,0.5490196078431373,0.16184971098265896
Gradient Boosting,PR,0.5490196078431373,0.16279069767441862
Gradient Boosting,PR,0.5490196078431373,0.16374269005847952
Gradient Boosting,PR,0.5490196078431373,0.16470588235294117
Gradient Boosting,PR,0.5490196078431373,0.16568047337278108
Gradient Boosting,PR,0.52941176470588236,0.16071428571428573
Gradient Boosting,PR,0.52941176470588236,0.16167664670658682
Gradient Boosting,PR,0.52941176470588236,0.16265060240963855
Gradient Boosting,PR,0.52941176470588236,0.16363636363636364
Gradient Boosting,PR,0.52941176470588236,0.16463414634146342
Gradient Boosting,PR,0.52941176470588236,0.16564417177914109
Gradient Boosting,PR,0.52941176470588236,0.16666666666666666
Gradient Boosting,PR,0.52941176470588236,0.16770186335403728
Gradient Boosting,PR,0.52941176470588236,0.16875000000000001
Gradient Boosting,PR,0.52941176470588236,0.16981132075471697
Gradient Boosting,PR,0.52941176470588236,0.17088607594936708
Gradient Boosting,PR,0.52941176470588236,0.17197452229299362
Gradient Boosting,PR,0.52941176470588236,0.17307692307692307
Gradient Boosting,PR,0.52941176470588236,0.17419354838709677
Gradient Boosting,PR,0.52941176470588236,0.17532467532467533
Gradient Boosting,PR,0.52941176470588236,0.17647058823529413
Gradient Boosting,PR,0.50980392156862742,0.17105263157894737
Gradient Boosting,PR,0.50980392156862742,0.17218543046357615
Gradient Boosting,PR,0.50980392156862742,0.17333333333333334
Gradient Boosting,PR,0.50980392156862742,0.17449664429530201
Gradient Boosting,PR,0.50980392156862742,0.17567567567567569
Gradient Boosting,PR,0.50980392156862742,0.17687074829931973
Gradient Boosting,PR,0.50980392156862742,0.17808219178082191
Gradient Boosting,PR,0.50980392156862742,0.1793103448275862
Gradient Boosting,PR,0.50980392156862742,0.18055555555555555
Gradient Boosting,PR,0.50980392156862742,0.18181818181818182
Gradient Boosting,PR,0.50980392156862742,0.18309859154929578
Gradient Boosting,PR,0.50980392156862742,0.18439716312056736
Gradient Boosting,PR,0.49019607843137253,0.17857142857142858
Gradient Boosting,PR,0.49019607843137253,0.17985611510791366
Gradient Boosting,PR,0.49019607843137253,0.18115942028985507
Gradient Boosting,PR,0.47058823529411764,0.17518248175182483
Gradient Boosting,PR,0.47058823529411764,0.17647058823529413
Gradient Boosting,PR,0.47058823529411764,0.17777777777777778
Gradient Boosting,PR,0.47058823529411764,0.17910447761194029
Gradient Boosting,PR,0.47058823529411764,0.18181818181818182
Gradient Boosting,PR,0.47058823529411764,0.18320610687022901
Gradient Boosting,PR,0.47058823529411764,0.18461538461538463
Gradient Boosting,PR,0.45098039215686275,0.17829457364341086
Gradient Boosting,PR,0.45098039215686275,0.1796875
Gradient Boosting,PR,0.45098039215686275,0.18110236220472442
Gradient Boosting,PR,0.43137254901960786,0.17460317460317459
Gradient Boosting,PR,0.41176470588235292,0.16800000000000001
Gradient Boosting,PR,0.41176470588235292,0.16935483870967741
Gradient Boosting,PR,0.41176470588235292,0.17073170731707318
Gradient Boosting,PR,0.41176470588235292,0.1721311475409836
Gradient Boosting,PR,0.41176470588235292,0.17355371900826447
Gradient Boosting,PR,0.41176470588235292,0.17499999999999999
Gradient Boosting,PR,0.41176470588235292,0.17647058823529413
Gradient Boosting,PR,0.41176470588235292,0.17796610169491525
Gradient Boosting,PR,0.41176470588235292,0.17948717948717949
Gradient Boosting,PR,0.41176470588235292,0.18103448275862069
Gradient Boosting,PR,0.41176470588235292,0.18260869565217391
Gradient Boosting,PR,0.41176470588235292,0.18421052631578946
Gradient Boosting,PR,0.41176470588235292,0.18584070796460178
Gradient Boosting,PR,0.41176470588235292,0.1875
Gradient Boosting,PR,0.41176470588235292,0.1891891891891892
Gradient Boosting,PR,0.41176470588235292,0.19090909090909092
Gradient Boosting,PR,0.41176470588235292,0.19266055045871561
Gradient Boosting,PR,0.41176470588235292,0.19444444444444445
Gradient Boosting,PR,0.41176470588235292,0.19626168224299065
Gradient Boosting,PR,0.41176470588235292,0.19811320754716982
Gradient Boosting,PR,0.41176470588235292,0.20000000000000001
Gradient Boosting,PR,0.41176470588235292,0.20192307692307693
Gradient Boosting,PR,0.41176470588235292,0.20388349514563106
Gradient Boosting,PR,0.41176470588235292,0.20588235294117646
Gradient Boosting,PR,0.39215686274509803,0.19801980198019803
Gradient Boosting,PR,0.39215686274509803,0.20000000000000001
Gradient Boosting,PR,0.39215686274509803,0.20202020202020202
Gradient Boosting,PR,0.39215686274509803,0.20408163265306123
Gradient Boosting,PR,0.39215686274509803,0.20618556701030927
Gradient Boosting,PR,0.39215686274509803,0.20833333333333334
Gradient Boosting,PR,0.39215686274509803,0.21052631578947367
Gradient Boosting,PR,0.39215686274509803,0.21276595744680851
Gradient Boosting,PR,0.39215686274509803,0.21505376344086022
Gradient Boosting,PR,0.39215686274509803,0.21739130434782608
Gradient Boosting,PR,0.39215686274509803,0.21978021978021978
Gradient Boosting,PR,0.39215686274509803,0.22222222222222221
Gradient Boosting,PR,0.37254901960784315,0.21348314606741572
Gradient Boosting,PR,0.37254901960784315,0.21839080459770116
Gradient Boosting,PR,0.37254901960784315,0.22093023255813954
Gradient Boosting,PR,0.37254901960784315,0.22352941176470589
Gradient Boosting,PR,0.37254901960784315,0.22619047619047619
Gradient Boosting,PR,0.37254901960784315,0.2289156626506024
Gradient Boosting,PR,0.35294117647058826,0.21951219512195122
Gradient Boosting,PR,0.35294117647058826,0.22222222222222221
Gradient Boosting,PR,0.35294117647058826,0.22500000000000001
Gradient Boosting,PR,0.35294117647058826,0.22784810126582278
Gradient Boosting,PR,0.35294117647058826,0.23076923076923078
Gradient Boosting,PR,0.35294117647058826,0.23684210526315788
Gradient Boosting,PR,0.35294117647058826,0.23999999999999999
Gradient Boosting,PR,0.35294117647058826,0.24324324324324326
Gradient Boosting,PR,0.35294117647058826,0.24657534246575341
Gradient Boosting,PR,0.35294117647058826,0.25
Gradient Boosting,PR,0.35294117647058826,0.25352112676056338
Gradient Boosting,PR,0.35294117647058826,0.25714285714285712
Gradient Boosting,PR,0.35294117647058826,0.2608695652173913
Gradient Boosting,PR,0.35294117647058826,0.26470588235294118
Gradient Boosting,PR,0.33333333333333331,0.2537313432835821
Gradient Boosting,PR,0.33333333333333331,0.25757575757575757
Gradient Boosting,PR,0.33333333333333331,0.26153846153846155
Gradient Boosting,PR,0.33333333333333331,0.265625
Gradient Boosting,PR,0.33333333333333331,0.26984126984126983
Gradient Boosting,PR,0.33333333333333331,0.27419354838709675
Gradient Boosting,PR,0.33333333333333331,0.27868852459016391
Gradient Boosting,PR,0.31372549019607843,0.26666666666666666
Gradient Boosting,PR,0.31372549019607843,0.2711864406779661
Gradient Boosting,PR,0.31372549019607843,0.27586206896551724
Gradient Boosting,PR,0.29411764705882354,0.26315789473684209
Gradient Boosting,PR,0.29411764705882354,0.26785714285714285
Gradient Boosting,PR,0.29411764705882354,0.27272727272727271
Gradient Boosting,PR,0.29411764705882354,0.27777777777777779
Gradient Boosting,PR,0.29411764705882354,0.28301886792452829
Gradient Boosting,PR,0.29411764705882354,0.28846153846153844
Gradient Boosting,PR,0.29411764705882354,0.29411764705882354
Gradient Boosting,PR,0.29411764705882354,0.29999999999999999
Gradient Boosting,PR,0.29411764705882354,0.30612244897959184
Gradient Boosting,PR,0.29411764705882354,0.3125
Gradient Boosting,PR,0.29411764705882354,0.31914893617021278
Gradient Boosting,PR,0.29411764705882354,0.32608695652173914
Gradient Boosting,PR,0.29411764705882354,0.33333333333333331
Gradient Boosting,PR,0.29411764705882354,0.34090909090909088
Gradient Boosting,PR,0.29411764705882354,0.34883720930232559
Gradient Boosting,PR,0.29411764705882354,0.35714285714285715
Gradient Boosting,PR,0.29411764705882354,0.36585365853658536
Gradient Boosting,PR,0.29411764705882354,0.375
Gradient Boosting,PR,0.29411764705882354,0.38461538461538464
Gradient Boosting,PR,0.29411764705882354,0.39473684210526316
Gradient Boosting,PR,0.29411764705882354,0.40540540540540543
Gradient Boosting,PR,0.27450980392156865,0.3888888888888889
Gradient Boosting,PR,0.25490196078431371,0.37142857142857144
Gradient Boosting,PR,0.25490196078431371,0.38235294117647056
Gradient Boosting,PR,0.23529411764705882,0.36363636363636365
Gradient Boosting,PR,0.23529411764705882,0.375
Gradient Boosting,PR,0.23529411764705882,0.38709677419354838
Gradient Boosting,PR,0.23529411764705882,0.40000000000000002
Gradient Boosting,PR,0.23529411764705882,0.41379310344827586
Gradient Boosting,PR,0.23529411764705882,0.42857142857142855
Gradient Boosting,PR,0.23529411764705882,0.44444444444444442
Gradient Boosting,PR,0.21568627450980393,0.42307692307692307
Gradient Boosting,PR,0.21568627450980393,0.44
Gradient Boosting,PR,0.21568627450980393,0.45833333333333331
Gradient Boosting,PR,0.19607843137254902,0.43478260869565216
Gradient Boosting,PR,0.19607843137254902,0.45454545454545453
Gradient Boosting,PR,0.19607843137254902,0.47619047619047616
Gradient Boosting,PR,0.17647058823529413,0.45000000000000001
Gradient Boosting,PR,0.15686274509803921,0.42105263157894735
Gradient Boosting,PR,0.15686274509803921,0.44444444444444442
Gradient Boosting,PR,0.15686274509803921,0.47058823529411764
Gradient Boosting,PR,0.13725490196078433,0.4375
Gradient Boosting,PR,0.11764705882352941,0.40000000000000002
Gradient Boosting,PR,0.11764705882352941,0.42857142857142855
Gradient Boosting,PR,0.11764705882352941,0.46153846153846156
Gradient Boosting,PR,0.11764705882352941,0.5
Gradient Boosting,PR,0.11764705882352941,0.54545454545454541
Gradient Boosting,PR,0.098039215686274508,0.5
Gradient Boosting,PR,0.098039215686274508,0.55555555555555558
Gradient Boosting,PR,0.078431372549019607,0.5
Gradient Boosting,PR,0.078431372549019607,0.5714285714285714
Gradient Boosting,PR,0.058823529411764705,0.5
Gradient Boosting,PR,0.039215686274509803,0.40000000000000002
Gradient Boosting,PR,0.039215686274509803,0.5
Gradient Boosting,PR,0.039215686274509803,0.66666666666666663
Gradient Boosting,PR,0.019607843137254902,0.5
Gradient Boosting,PR,0.019607843137254902,1
Gradient Boosting,PR,0,1
SVM,ROC,0,0
SVM,ROC,0.0013793103448275861,0
SVM,ROC,0.0013793103448275861,0.019607843137254902
SVM,ROC,0.0055172413793103444,0.019607843137254902
SVM,ROC,0.0055172413793103444,0.039215686274509803
SVM,ROC,0.0068965517241379309,0.039215686274509803
SVM,ROC,0.0068965517241379309,0.058823529411764705
SVM,ROC,0.013793103448275862,0.058823529411764705
SVM,ROC,0.013793103448275862,0.078431372549019607
SVM,ROC,0.022068965517241378,0.078431372549019607
SVM,ROC,0.022068965517241378,0.098039215686274508
SVM,ROC,0.023448275862068966,0.098039215686274508
SVM,ROC,0.023448275862068966,0.13725490196078433
SVM,ROC,0.024827586206896551,0.13725490196078433
SVM,ROC,0.024827586206896551,0.15686274509803921
SVM,ROC,0.034482758620689655,0.15686274509803921
SVM,ROC,0.034482758620689655,0.19607843137254902
SVM,ROC,0.046896551724137932,0.19607843137254902
SVM,ROC,0.046896551724137932,0.21568627450980393
SVM,ROC,0.052413793103448278,0.21568627450980393
SVM,ROC,0.052413793103448278,0.23529411764705882
SVM,ROC,0.053793103448275863,0.23529411764705882
SVM,ROC,0.053793103448275863,0.25490196078431371
SVM,ROC,0.059310344827586209,0.25490196078431371
SVM,ROC,0.059310344827586209,0.29411764705882354
SVM,ROC,0.068965517241379309,0.29411764705882354
SVM,ROC,0.068965517241379309,0.31372549019607843
SVM,ROC,0.080000000000000002,0.31372549019607843
SVM,ROC,0.080000000000000002,0.33333333333333331
SVM,ROC,0.10896551724137932,0.33333333333333331
SVM,ROC,0.10896551724137932,0.35294117647058826
SVM,ROC,0.12551724137931033,0.35294117647058826
SVM,ROC,0.12551724137931033,0.37254901960784315
SVM,ROC,0.16551724137931034,0.37254901960784315
SVM,ROC,0.16551724137931034,0.39215686274509803
SVM,ROC,0.17517241379310344,0.39215686274509803
SVM,ROC,0.17517241379310344,0.41176470588235292
SVM,ROC,0.17655172413793102,0.41176470588235292
SVM,ROC,0.17655172413793102,0.43137254901960786
SVM,ROC,0.1793103448275862,0.43137254901960786
SVM,ROC,0.1793103448275862,0.45098039215686275
SVM,ROC,0.20137931034482759,0.45098039215686275
SVM,ROC,0.20137931034482759,0.47058823529411764
SVM,ROC,0.20413793103448277,0.47058823529411764
SVM,ROC,0.20413793103448277,0.49019607843137253
SVM,ROC,0.21379310344827587,0.49019607843137253
SVM,ROC,0.21379310344827587,0.50980392156862742
SVM,ROC,0.21793103448275863,0.50980392156862742
SVM,ROC,0.21793103448275863,0.52941176470588236
SVM,ROC,0.23448275862068965,0.52941176470588236
SVM,ROC,0.23448275862068965,0.5490196078431373
SVM,ROC,0.25793103448275861,0.5490196078431373
SVM,ROC,0.25793103448275861,0.56862745098039214
SVM,ROC,0.2620689655172414,0.56862745098039214
SVM,ROC,0.2620689655172414,0.58823529411764708
SVM,ROC,0.29103448275862071,0.58823529411764708
SVM,ROC,0.29103448275862071,0.60784313725490191
SVM,ROC,0.33793103448275863,0.60784313725490191
SVM,ROC,0.33793103448275863,0.62745098039215685
SVM,ROC,0.37793103448275861,0.62745098039215685
SVM,ROC,0.37793103448275861,0.6470588235294118
SVM,ROC,0.39310344827586208,0.6470588235294118
SVM,ROC,0.39310344827586208,0.66666666666666663
SVM,ROC,0.4303448275862069,0.66666666666666663
SVM,ROC,0.43310344827586206,0.66666666666666663
SVM,ROC,0.45517241379310347,0.66666666666666663
SVM,ROC,0.45517241379310347,0.68627450980392157
SVM,ROC,0.50758620689655176,0.68627450980392157
SVM,ROC,0.50758620689655176,0.70588235294117652
SVM,ROC,0.53103448275862064,0.70588235294117652
SVM,ROC,0.53103448275862064,0.74509803921568629
SVM,ROC,0.53793103448275859,0.74509803921568629
SVM,ROC,0.53793103448275859,0.76470588235294112
SVM,ROC,0.55034482758620684,0.76470588235294112
SVM,ROC,0.55034482758620684,0.78431372549019607
SVM,ROC,0.57103448275862068,0.78431372549019607
SVM,ROC,0.57103448275862068,0.80392156862745101
SVM,ROC,0.61931034482758618,0.80392156862745101
SVM,ROC,0.61931034482758618,0.82352941176470584
SVM,ROC,0.63586206896551722,0.82352941176470584
SVM,ROC,0.63586206896551722,0.84313725490196079
SVM,ROC,0.65517241379310343,0.84313725490196079
SVM,ROC,0.65517241379310343,0.86274509803921573
SVM,ROC,0.67034482758620695,0.86274509803921573
SVM,ROC,0.67034482758620695,0.88235294117647056
SVM,ROC,0.68000000000000005,0.88235294117647056
SVM,ROC,0.68000000000000005,0.90196078431372551
SVM,ROC,0.71999999999999997,0.90196078431372551
SVM,ROC,0.71999999999999997,0.92156862745098034
SVM,ROC,0.79034482758620694,0.92156862745098034
SVM,ROC,0.79034482758620694,0.94117647058823528
SVM,ROC,0.79586206896551726,0.94117647058823528
SVM,ROC,0.79586206896551726,0.96078431372549022
SVM,ROC,0.82896551724137935,0.96078431372549022
SVM,ROC,0.82896551724137935,0.98039215686274506
SVM,ROC,0.88689655172413795,0.98039215686274506
SVM,ROC,0.88689655172413795,1
SVM,ROC,1,1
SVM,PR,1,0.065721649484536085
SVM,PR,1,0.06580645161290323
SVM,PR,1,0.06589147286821706
SVM,PR,1,0.065976714100905567
SVM,PR,1,0.066062176165803108
SVM,PR,1,0.066147859922178989
SVM,PR,1,0.066233766233766228
SVM,PR,1,0.066319895968790635
SVM,PR,1,0.06640625
SVM,PR,1,0.066492829204693613
SVM,PR,1,0.066579634464751958
SVM,PR,1,0.066666666666666666
SVM,PR,1,0.066753926701570682
SVM,PR,1,0.066841415465268672
SVM,PR,1,0.066929133858267723
SVM,PR,1,0.067017082785808146
SVM,PR,1,0.067105263157894737
SVM,PR,1,0.067193675889328064
SVM,PR,1,0.067282321899736153
SVM,PR,1,0.067371202113606338
SVM,PR,1,0.067460317460317457
SVM,PR,1,0.067549668874172186
SVM,PR,1,0.067639257294429711
SVM,PR,1,0.067729083665338641
SVM,PR,1,0.067819148936170207
SVM,PR,1,0.067909454061251665
SVM,PR,1,0.068000000000000005
SVM,PR,1,0.068090787716955939
SVM,PR,1,0.068181818181818177
SVM,PR,1,0.068273092369477914
SVM,PR,1,0.068364611260053623
SVM,PR,1,0.068456375838926178
SVM,PR,1,0.068548387096774188
SVM,PR,1,0.068640646029609689
SVM,PR,1,0.068733153638814021
SVM,PR,1,0.068825910931174086
SVM,PR,1,0.068918918918918923
SVM,PR,1,0.069012178619756434
SVM,PR,1,0.06910569105691057
SVM,PR,1,0.069199457259158756
SVM,PR,1,0.069293478260869568
SVM,PR,1,0.069387755102040816
SVM,PR,1,0.069482288828337874
SVM,PR,1,0.069577080491132329
SVM,PR,1,0.069672131147540978
SVM,PR,1,0.069767441860465115
SVM,PR,1,0.069863013698630141
SVM,PR,1,0.069958847736625515
SVM,PR,1,0.070054945054945056
SVM,PR,1,0.070151306740027508
SVM,PR,1,0.070247933884297523
SVM,PR,1,0.070344827586206901
SVM,PR,1,0.070441988950276244
SVM,PR,1,0.070539419087136929
SVM,PR,1,0.070637119113573413
SVM,PR,1,0.070735090152565877
SVM,PR,1,0.070833333333333331
SVM,PR,1,0.070931849791376914
SVM,PR,1,0.071030640668523673
SVM,PR,1,0.071129707112970716
SVM,PR,1,0.071229050279329603
SVM,PR,1,0.071328671328671323
SVM,PR,1,0.071428571428571425
SVM,PR,1,0.071528751753155678
SVM,PR,1,0.071629213483146062
SVM,PR,1,0.071729957805907171
SVM,PR,1,0.071830985915492959
SVM,PR,1,0.071932299012693934
SVM,PR,1,0.072033898305084748
SVM,PR,1,0.072135785007072142
SVM,PR,1,0.072237960339943341
SVM,PR,1,0.072340425531914887
SVM,PR,1,0.072443181818181823
SVM,PR,1,0.07254623044096728
SVM,PR,1,0.072649572649572655
SVM,PR,1,0.072753209700427965
SVM,PR,1,0.072857142857142856
SVM,PR,1,0.072961373390557943
SVM,PR,1,0.073065902578796568
SVM,PR,1,0.073170731707317069
SVM,PR,1,0.073275862068965511
SVM,PR,1,0.073381294964028773
SVM,PR,1,0.073487031700288183
SVM,PR,0.98039215686274506,0.072150072150072145
SVM,PR,0.98039215686274506,0.072254335260115612
SVM,PR,0.98039215686274506,0.072358900144717797
SVM,PR,0.98039215686274506,0.072463768115942032
SVM,PR,0.98039215686274506,0.072568940493468792
SVM,PR,0.98039215686274506,0.072674418604651167
SVM,PR,0.98039215686274506,0.072780203784570591
SVM,PR,0.98039215686274506,0.072886297376093298
SVM,PR,0.98039215686274506,0.072992700729927001
SVM,PR,0.98039215686274506,0.073099415204678359
SVM,PR,0.98039215686274506,0.07320644216691069
SVM,PR,0.98039215686274506,0.07331378299120235
SVM,PR,0.98039215686274506,0.073421439060205582
SVM,PR,0.98039215686274506,0.073529411764705885
SVM,PR,0.98039215686274506,0.073637702503681887
SVM,PR,0.98039215686274506,0.073746312684365781
SVM,PR,0.98039215686274506,0.073855243722304287
SVM,PR,0.98039215686274506,0.073964497041420121
SVM,PR,0.98039215686274506,0.07407407407407407
SVM,PR,0.98039215686274506,0.07418397626112759
SVM,PR,0.98039215686274506,0.074294205052005943
SVM,PR,0.98039215686274506,0.074404761904761904
SVM,PR,0.98039215686274506,0.074515648286140088
SVM,PR,0.98039215686274506,0.074626865671641784
SVM,PR,0.98039215686274506,0.074738415545590436
SVM,PR,0.98039215686274506,0.074850299401197598
SVM,PR,0.98039215686274506,0.074962518740629688
SVM,PR,0.98039215686274506,0.075075075075075076
SVM,PR,0.98039215686274506,0.075187969924812026
SVM,PR,0.98039215686274506,0.075301204819277115
SVM,PR,0.98039215686274506,0.075414781297134234
SVM,PR,0.98039215686274506,0.075528700906344406
SVM,PR,0.98039215686274506,0.07564296520423601
SVM,PR,0.98039215686274506,0.07575757575757576
SVM,PR,0.98039215686274506,0.075872534142640363
SVM,PR,0.98039215686274506,0.07598784194528875
SVM,PR,0.98039215686274506,0.076103500761035003
SVM,PR,0.98039215686274506,0.07621951219512195
SVM,PR,0.98039215686274506,0.076335877862595422
SVM,PR,0.98039215686274506,0.0764525993883792
SVM,PR,0.98039215686274506,0.076569678407350683
SVM,PR,0.98039215686274506,0.076687116564417179
SVM,PR,0.98039215686274506,0.076804915514592939
SVM,PR,0.96078431372549022,0.075384615384615383
SVM,PR,0.96078431372549022,0.075500770416024654
SVM,PR,0.96078431372549022,0.075617283950617287
SVM,PR,0.96078431372549022,0.075734157650695522
SVM,PR,0.96078431372549022,0.075851393188854491
SVM,PR,0.96078431372549022,0.075968992248062014
SVM,PR,0.96078431372549022,0.076086956521739135
SVM,PR,0.96078431372549022,0.076205287713841371
SVM,PR,0.96078431372549022,0.076323987538940805
SVM,PR,0.96078431372549022,0.076443057722308888
SVM,PR,0.96078431372549022,0.076562500000000006
SVM,PR,0.96078431372549022,0.076682316118935834
SVM,PR,0.96078431372549022,0.076802507836990594
SVM,PR,0.96078431372549022,0.076923076923076927
SVM,PR,0.96078431372549022,0.077044025157232701
SVM,PR,0.96078431372549022,0.07716535433070866
SVM,PR,0.96078431372549022,0.077287066246056788
SVM,PR,0.96078431372549022,0.077409162717219593
SVM,PR,0.96078431372549022,0.07753164556962025
SVM,PR,0.96078431372549022,0.077654516640253565
SVM,PR,0.96078431372549022,0.077777777777777779
SVM,PR,0.96078431372549022,0.077901430842607311
SVM,PR,0.96078431372549022,0.078025477707006366
SVM,PR,0.96078431372549022,0.078149920255183414
SVM,PR,0.96078431372549022,0.078274760383386585
SVM,PR,0.94117647058823528,0.076799999999999993
SVM,PR,0.94117647058823528,0.076923076923076927
SVM,PR,0.94117647058823528,0.077046548956661312
SVM,PR,0.94117647058823528,0.077170418006430874
SVM,PR,0.94117647058823528,0.077294685990338161
SVM,PR,0.92156862745098034,0.075806451612903225
SVM,PR,0.92156862745098034,0.075928917609046853
SVM,PR,0.92156862745098034,0.07605177993527508
SVM,PR,0.92156862745098034,0.076175040518638576
SVM,PR,0.92156862745098034,0.076298701298701296
SVM,PR,0.92156862745098034,0.07642276422764227
SVM,PR,0.92156862745098034,0.076547231270358312
SVM,PR,0.92156862745098034,0.076672104404567704
SVM,PR,0.92156862745098034,0.076797385620915037
SVM,PR,0.92156862745098034,0.076923076923076927
SVM,PR,0.92156862745098034,0.077049180327868852
SVM,PR,0.92156862745098034,0.077175697865353041
SVM,PR,0.92156862745098034,0.077302631578947373
SVM,PR,0.92156862745098034,0.077429983525535415
SVM,PR,0.92156862745098034,0.077557755775577553
SVM,PR,0.92156862745098034,0.07768595041322314
SVM,PR,0.92156862745098034,0.077814569536423836
SVM,PR,0.92156862745098034,0.077943615257048099
SVM,PR,0.92156862745098034,0.078073089700996676
SVM,PR,0.92156862745098034,0.078202995008319467
SVM,PR,0.92156862745098034,0.078333333333333338
SVM,PR,0.92156862745098034,0.078464106844741241
SVM,PR,0.92156862745098034,0.078595317725752512
SVM,PR,0.92156862745098034,0.078726968174204354
SVM,PR,0.92156862745098034,0.078859060402684561
SVM,PR,0.92156862745098034,0.078991596638655459
SVM,PR,0.92156862745098034,0.079124579124579125
SVM,PR,0.92156862745098034,0.079258010118043842
SVM,PR,0.92156862745098034,0.079391891891891886
SVM,PR,0.92156862745098034,0.07952622673434856
SVM,PR,0.92156862745098034,0.079661016949152536
SVM,PR,0.92156862745098034,0.07979626485568761
SVM,PR,0.92156862745098034,0.079931972789115652
SVM,PR,0.92156862745098034,0.08006814310051108
SVM,PR,0.92156862745098034,0.080204778156996587
SVM,PR,0.92156862745098034,0.080341880341880348
SVM,PR,0.92156862745098034,0.080479452054794523
SVM,PR,0.92156862745098034,0.080617495711835338
SVM,PR,0.92156862745098034,0.080756013745704472
SVM,PR,0.92156862745098034,0.080895008605851984
SVM,PR,0.92156862745098034,0.081034482758620685
SVM,PR,0.92156862745098034,0.081174438687392061
SVM,PR,0.92156862745098034,0.081314878892733561
SVM,PR,0.92156862745098034,0.081455805892547667
SVM,PR,0.92156862745098034,0.081597222222222224
SVM,PR,0.92156862745098034,0.081739130434782606
SVM,PR,0.92156862745098034,0.08188153310104529
SVM,PR,0.92156862745098034,0.082024432809773118
SVM,PR,0.92156862745098034,0.082167832167832161
SVM,PR,0.92156862745098034,0.082311733800350256
SVM,PR,0.92156862745098034,0.0824561403508772
SVM,PR,0.92156862745098034,0.082601054481546574
SVM,PR,0.90196078431372551,0.08098591549295775
SVM,PR,0.90196078431372551,0.081128747795414458
SVM,PR,0.90196078431372551,0.081272084805653705
SVM,PR,0.90196078431372551,0.081415929203539822
SVM,PR,0.90196078431372551,0.081560283687943269
SVM,PR,0.90196078431372551,0.081705150976909419
SVM,PR,0.90196078431372551,0.081850533807829182
SVM,PR,0.90196078431372551,0.081996434937611412
SVM,PR,0.90196078431372551,0.082142857142857142
SVM,PR,0.90196078431372551,0.082289803220035776
SVM,PR,0.90196078431372551,0.082437275985663083
SVM,PR,0.90196078431372551,0.082585278276481155
SVM,PR,0.90196078431372551,0.082733812949640287
SVM,PR,0.90196078431372551,0.082882882882882883
SVM,PR,0.90196078431372551,0.083032490974729242
SVM,PR,0.90196078431372551,0.083182640144665462
SVM,PR,0.90196078431372551,0.083333333333333329
SVM,PR,0.90196078431372551,0.083484573502722328
SVM,PR,0.90196078431372551,0.083636363636363634
SVM,PR,0.90196078431372551,0.083788706739526417
SVM,PR,0.90196078431372551,0.083941605839416053
SVM,PR,0.90196078431372551,0.084095063985374766
SVM,PR,0.90196078431372551,0.084249084249084255
SVM,PR,0.90196078431372551,0.084403669724770647
SVM,PR,0.90196078431372551,0.08455882352941177
SVM,PR,0.90196078431372551,0.084714548802946599
SVM,PR,0.90196078431372551,0.084870848708487087
SVM,PR,0.90196078431372551,0.085027726432532341
SVM,PR,0.90196078431372551,0.085185185185185183
SVM,PR,0.90196078431372551,0.08534322820037106
SVM,PR,0.88235294117647056,0.083643122676579931
SVM,PR,0.88235294117647056,0.083798882681564241
SVM,PR,0.88235294117647056,0.083955223880597021
SVM,PR,0.88235294117647056,0.084112149532710276
SVM,PR,0.88235294117647056,0.084269662921348312
SVM,PR,0.88235294117647056,0.084427767354596617
SVM,PR,0.88235294117647056,0.084586466165413529
SVM,PR,0.88235294117647056,0.084745762711864403
SVM,PR,0.86274509803921573,0.083018867924528297
SVM,PR,0.86274509803921573,0.083175803402646506
SVM,PR,0.86274509803921573,0.083333333333333329
SVM,PR,0.86274509803921573,0.083491461100569264
SVM,PR,0.86274509803921573,0.083650190114068435
SVM,PR,0.86274509803921573,0.083809523809523806
SVM,PR,0.86274509803921573,0.083969465648854963
SVM,PR,0.86274509803921573,0.084130019120458893
SVM,PR,0.86274509803921573,0.084291187739463605
SVM,PR,0.86274509803921573,0.084452975047984644
SVM,PR,0.86274509803921573,0.08461538461538462
SVM,PR,0.86274509803921573,0.08477842003853564
SVM,PR,0.84313725490196079,0.083011583011583012
SVM,PR,0.84313725490196079,0.083172147001934232
SVM,PR,0.84313725490196079,0.083333333333333329
SVM,PR,0.84313725490196079,0.083495145631067955
SVM,PR,0.84313725490196079,0.083657587548638127
SVM,PR,0.84313725490196079,0.083820662768031184
SVM,PR,0.84313725490196079,0.083984375
SVM,PR,0.84313725490196079,0.084148727984344418
SVM,PR,0.84313725490196079,0.084313725490196084
SVM,PR,0.84313725490196079,0.084479371316306479
SVM,PR,0.84313725490196079,0.084645669291338585
SVM,PR,0.84313725490196079,0.084812623274161739
SVM,PR,0.84313725490196079,0.084980237154150193
SVM,PR,0.84313725490196079,0.085148514851485155
SVM,PR,0.84313725490196079,0.08531746031746032
SVM,PR,0.82352941176470584,0.083499005964214709
SVM,PR,0.82352941176470584,0.083665338645418322
SVM,PR,0.82352941176470584,0.083832335329341312
SVM,PR,0.82352941176470584,0.084000000000000005
SVM,PR,0.82352941176470584,0.084168336673346694
SVM,PR,0.82352941176470584,0.084337349397590355
SVM,PR,0.82352941176470584,0.084507042253521125
SVM,PR,0.82352941176470584,0.084677419354838704
SVM,PR,0.82352941176470584,0.084848484848484854
SVM,PR,0.82352941176470584,0.085020242914979755
SVM,PR,0.82352941176470584,0.085192697768762676
SVM,PR,0.82352941176470584,0.085365853658536592
SVM,PR,0.82352941176470584,0.085539714867617106
SVM,PR,0.80392156862745101,0.083673469387755106
SVM,PR,0.80392156862745101,0.083844580777096112
SVM,PR,0.80392156862745101,0.084016393442622947
SVM,PR,0.80392156862745101,0.084188911704312114
SVM,PR,0.80392156862745101,0.084362139917695478
SVM,PR,0.80392156862745101,0.084536082474226809
SVM,PR,0.80392156862745101,0.084710743801652888
SVM,PR,0.80392156862745101,0.084886128364389232
SVM,PR,0.80392156862745101,0.085062240663900418
SVM,PR,0.80392156862745101,0.085239085239085244
SVM,PR,0.80392156862745101,0.085416666666666669
SVM,PR,0.80392156862745101,0.085594989561586635
SVM,PR,0.80392156862745101,0.085774058577405859
SVM,PR,0.80392156862745101,0.085953878406708595
SVM,PR,0.80392156862745101,0.086134453781512604
SVM,PR,0.80392156862745101,0.086315789473684207
SVM,PR,0.80392156862745101,0.086497890295358648
SVM,PR,0.80392156862745101,0.086680761099365747
SVM,PR,0.80392156862745101,0.086864406779661021
SVM,PR,0.80392156862745101,0.087048832271762203
SVM,PR,0.80392156862745101,0.08723404255319149
SVM,PR,0.80392156862745101,0.087420042643923238
SVM,PR,0.80392156862745101,0.087606837606837601
SVM,PR,0.80392156862745101,0.087794432548179868
SVM,PR,0.80392156862745101,0.087982832618025753
SVM,PR,0.80392156862745101,0.088172043010752682
SVM,PR,0.80392156862745101,0.088362068965517238
SVM,PR,0.80392156862745101,0.088552915766738655
SVM,PR,0.80392156862745101,0.088744588744588751
SVM,PR,0.80392156862745101,0.088937093275488072
SVM,PR,0.80392156862745101,0.089130434782608695
SVM,PR,0.80392156862745101,0.089324618736383449
SVM,PR,0.80392156862745101,0.089519650655021835
SVM,PR,0.80392156862745101,0.089715536105032828
SVM,PR,0.80392156862745101,0.089912280701754388
SVM,PR,0.80392156862745101,0.090109890109890109
SVM,PR,0.78431372549019607,0.088105726872246701
SVM,PR,0.78431372549019607,0.088300220750551883
SVM,PR,0.78431372549019607,0.088495575221238937
SVM,PR,0.78431372549019607,0.088691796008869186
SVM,PR,0.78431372549019607,0.088888888888888892
SVM,PR,0.78431372549019607,0.089086859688195991
SVM,PR,0.78431372549019607,0.089285714285714288
SVM,PR,0.78431372549019607,0.089485458612975396
SVM,PR,0.78431372549019607,0.089686098654708515
SVM,PR,0.78431372549019607,0.0898876404494382
SVM,PR,0.78431372549019607,0.090090090090090086
SVM,PR,0.78431372549019607,0.090293453724604969
SVM,PR,0.78431372549019607,0.090497737556561084
SVM,PR,0.78431372549019607,0.090702947845804988
SVM,PR,0.78431372549019607,0.090909090909090912
SVM,PR,0.78431372549019607,0.091116173120728935
SVM,PR,0.76470588235294112,0.089041095890410954
SVM,PR,0.76470588235294112,0.08924485125858124
SVM,PR,0.76470588235294112,0.089449541284403675
SVM,PR,0.76470588235294112,0.089655172413793102
SVM,PR,0.76470588235294112,0.089861751152073732
SVM,PR,0.76470588235294112,0.090069284064665134
SVM,PR,0.76470588235294112,0.090277777777777776
SVM,PR,0.76470588235294112,0.090487238979118326
SVM,PR,0.76470588235294112,0.090697674418604657
SVM,PR,0.76470588235294112,0.090909090909090912
SVM,PR,0.74509803921568629,0.088785046728971959
SVM,PR,0.74509803921568629,0.08899297423887588
SVM,PR,0.74509803921568629,0.089201877934272297
SVM,PR,0.74509803921568629,0.089411764705882357
SVM,PR,0.74509803921568629,0.089622641509433956
SVM,PR,0.74509803921568629,0.089834515366430265
SVM,PR,0.72549019607843135,0.087677725118483416
SVM,PR,0.70588235294117652,0.085510688836104506
SVM,PR,0.70588235294117652,0.085714285714285715
SVM,PR,0.70588235294117652,0.085918854415274457
SVM,PR,0.70588235294117652,0.086124401913875603
SVM,PR,0.70588235294117652,0.086330935251798566
SVM,PR,0.70588235294117652,0.086538461538461536
SVM,PR,0.70588235294117652,0.086746987951807228
SVM,PR,0.70588235294117652,0.086956521739130432
SVM,PR,0.70588235294117652,0.087167070217917669
SVM,PR,0.70588235294117652,0.087378640776699032
SVM,PR,0.70588235294117652,0.087591240875912413
SVM,PR,0.70588235294117652,0.087804878048780483
SVM,PR,0.70588235294117652,0.088019559902200492
SVM,PR,0.70588235294117652,0.088235294117647065
SVM,PR,0.70588235294117652,0.088452088452088448
SVM,PR,0.70588235294117652,0.088669950738916259
SVM,PR,0.70588235294117652,0.088888888888888892
SVM,PR,0.70588235294117652,0.089108910891089105
SVM,PR,0.68627450980392157,0.086848635235732011
SVM,PR,0.68627450980392157,0.087064676616915429
SVM,PR,0.68627450980392157,0.087281795511221949
SVM,PR,0.68627450980392157,0.087499999999999994
SVM,PR,0.68627450980392157,0.08771929824561403
SVM,PR,0.68627450980392157,0.087939698492462318
SVM,PR,0.68627450980392157,0.088161209068010074
SVM,PR,0.68627450980392157,0.088383838383838384
SVM,PR,0.68627450980392157,0.088607594936708861
SVM,PR,0.68627450980392157,0.088832487309644673
SVM,PR,0.68627450980392157,0.089058524173027995
SVM,PR,0.68627450980392157,0.089285714285714288
SVM,PR,0.68627450980392157,0.089514066496163683
SVM,PR,0.68627450980392157,0.089743589743589744
SVM,PR,0.68627450980392157,0.089974293059125965
SVM,PR,0.68627450980392157,0.090206185567010308
SVM,PR,0.68627450980392157,0.090439276485788117
SVM,PR,0.68627450980392157,0.090673575129533682
SVM,PR,0.68627450980392157,0.090909090909090912
SVM,PR,0.68627450980392157,0.091145833333333329
SVM,PR,0.68627450980392157,0.091383812010443863
SVM,PR,0.68627450980392157,0.091623036649214659
SVM,PR,0.68627450980392157,0.091863517060367453
SVM,PR,0.68627450980392157,0.092105263157894732
SVM,PR,0.68627450980392157,0.092348284960422161
SVM,PR,0.68627450980392157,0.092592592592592587
SVM,PR,0.68627450980392157,0.092838196286472149
SVM,PR,0.68627450980392157,0.093085106382978719
SVM,PR,0.68627450980392157,0.093333333333333338
SVM,PR,0.68627450980392157,0.093582887700534759
SVM,PR,0.68627450980392157,0.093833780160857902
SVM,PR,0.68627450980392157,0.094086021505376344
SVM,PR,0.68627450980392157,0.094339622641509441
SVM,PR,0.68627450980392157,0.0945945945945946
SVM,PR,0.68627450980392157,0.094850948509485097
SVM,PR,0.68627450980392157,0.095108695652173919
SVM,PR,0.68627450980392157,0.095367847411444148
SVM,PR,0.68627450980392157,0.095628415300546443
SVM,PR,0.68627450980392157,0.095890410958904104
SVM,PR,0.66666666666666663,0.093406593406593408
SVM,PR,0.66666666666666663,0.09366391184573003
SVM,PR,0.66666666666666663,0.093922651933701654
SVM,PR,0.66666666666666663,0.094182825484764546
SVM,PR,0.66666666666666663,0.094444444444444442
SVM,PR,0.66666666666666663,0.094707520891364902
SVM,PR,0.66666666666666663,0.094972067039106142
SVM,PR,0.66666666666666663,0.095238095238095233
SVM,PR,0.66666666666666663,0.095505617977528087
SVM,PR,0.66666666666666663,0.095774647887323941
SVM,PR,0.66666666666666663,0.096045197740112997
SVM,PR,0.66666666666666663,0.096317280453257784
SVM,PR,0.66666666666666663,0.096590909090909088
SVM,PR,0.66666666666666663,0.09686609686609686
SVM,PR,0.66666666666666663,0.097142857142857142
SVM,PR,0.66666666666666663,0.097421203438395415
SVM,PR,0.66666666666666663,0.097701149425287362
SVM,PR,0.66666666666666663,0.098265895953757232
SVM,PR,0.66666666666666663,0.098550724637681164
SVM,PR,0.66666666666666663,0.098837209302325577
SVM,PR,0.66666666666666663,0.099125364431486881
SVM,PR,0.66666666666666663,0.099415204678362568
SVM,PR,0.66666666666666663,0.099706744868035185
SVM,PR,0.66666666666666663,0.10000000000000001
SVM,PR,0.66666666666666663,0.10029498525073746
SVM,PR,0.66666666666666663,0.10059171597633136
SVM,PR,0.66666666666666663,0.10089020771513353
SVM,PR,0.66666666666666663,0.10119047619047619
SVM,PR,0.66666666666666663,0.10149253731343283
SVM,PR,0.66666666666666663,0.10179640718562874
SVM,PR,0.66666666666666663,0.1021021021021021
SVM,PR,0.66666666666666663,0.10240963855421686
SVM,PR,0.66666666666666663,0.1027190332326284
SVM,PR,0.66666666666666663,0.10303030303030303
SVM,PR,0.66666666666666663,0.10334346504559271
SVM,PR,0.66666666666666663,0.10365853658536585
SVM,PR,0.66666666666666663,0.10397553516819572
SVM,PR,0.66666666666666663,0.10429447852760736
SVM,PR,0.66666666666666663,0.10461538461538461
SVM,PR,0.66666666666666663,0.10493827160493827
SVM,PR,0.66666666666666663,0.10526315789473684
SVM,PR,0.66666666666666663,0.10559006211180125
SVM,PR,0.66666666666666663,0.1059190031152648
SVM,PR,0.66666666666666663,0.10625
SVM,PR,0.66666666666666663,0.10658307210031348
SVM,PR,0.6470588235294118,0.10377358490566038
SVM,PR,0.6470588235294118,0.10410094637223975
SVM,PR,0.6470588235294118,0.10443037974683544
SVM,PR,0.6470588235294118,0.10476190476190476
SVM,PR,0.6470588235294118,0.10509554140127389
SVM,PR,0.6470588235294118,0.10543130990415335
SVM,PR,0.6470588235294118,0.10576923076923077
SVM,PR,0.6470588235294118,0.10610932475884244
SVM,PR,0.6470588235294118,0.1064516129032258
SVM,PR,0.6470588235294118,0.10679611650485436
SVM,PR,0.6470588235294118,0.10714285714285714
SVM,PR,0.6470588235294118,0.10749185667752444
SVM,PR,0.62745098039215685,0.10457516339869281
SVM,PR,0.62745098039215685,0.10491803278688525
SVM,PR,0.62745098039215685,0.10526315789473684
SVM,PR,0.62745098039215685,0.10561056105610561
SVM,PR,0.62745098039215685,0.10596026490066225
SVM,PR,0.62745098039215685,0.10631229235880399
SVM,PR,0.62745098039215685,0.10666666666666667
SVM,PR,0.62745098039215685,0.10702341137123746
SVM,PR,0.62745098039215685,0.10738255033557047
SVM,PR,0.62745098039215685,0.10774410774410774
SVM,PR,0.62745098039215685,0.10810810810810811
SVM,PR,0.62745098039215685,0.10847457627118644
SVM,PR,0.62745098039215685,0.10884353741496598
SVM,PR,0.62745098039215685,0.10921501706484642
SVM,PR,0.62745098039215685,0.1095890410958904
SVM,PR,0.62745098039215685,0.10996563573883161
SVM,PR,0.62745098039215685,0.1103448275862069
SVM,PR,0.62745098039215685,0.11072664359861592
SVM,PR,0.62745098039215685,0.1111111111111111
SVM,PR,0.62745098039215685,0.11149825783972125
SVM,PR,0.62745098039215685,0.11188811188811189
SVM,PR,0.62745098039215685,0.11228070175438597
SVM,PR,0.62745098039215685,0.11267605633802817
SVM,PR,0.62745098039215685,0.11307420494699646
SVM,PR,0.62745098039215685,0.11347517730496454
SVM,PR,0.62745098039215685,0.11387900355871886
SVM,PR,0.62745098039215685,0.11428571428571428
SVM,PR,0.62745098039215685,0.11469534050179211
SVM,PR,0.62745098039215685,0.11510791366906475
SVM,PR,0.62745098039215685,0.11552346570397112
SVM,PR,0.60784313725490191,0.11231884057971014
SVM,PR,0.60784313725490191,0.11272727272727273
SVM,PR,0.60784313725490191,0.11313868613138686
SVM,PR,0.60784313725490191,0.11355311355311355
SVM,PR,0.60784313725490191,0.11397058823529412
SVM,PR,0.60784313725490191,0.11439114391143912
SVM,PR,0.60784313725490191,0.11481481481481481
SVM,PR,0.60784313725490191,0.11524163568773234
SVM,PR,0.60784313725490191,0.11567164179104478
SVM,PR,0.60784313725490191,0.11610486891385768
SVM,PR,0.60784313725490191,0.11654135338345864
SVM,PR,0.60784313725490191,0.1169811320754717
SVM,PR,0.60784313725490191,0.11742424242424243
SVM,PR,0.60784313725490191,0.11787072243346007
SVM,PR,0.60784313725490191,0.1183206106870229
SVM,PR,0.60784313725490191,0.11877394636015326
SVM,PR,0.60784313725490191,0.11923076923076924
SVM,PR,0.60784313725490191,0.11969111969111969
SVM,PR,0.60784313725490191,0.12015503875968993
SVM,PR,0.60784313725490191,0.12062256809338522
SVM,PR,0.60784313725490191,0.12109375
SVM,PR,0.60784313725490191,0.12156862745098039
SVM,PR,0.60784313725490191,0.12204724409448819
SVM,PR,0.60784313725490191,0.1225296442687747
SVM,PR,0.60784313725490191,0.12301587301587301
SVM,PR,0.60784313725490191,0.12350597609561753
SVM,PR,0.60784313725490191,0.124
SVM,PR,0.60784313725490191,0.12449799196787148
SVM,PR,0.60784313725490191,0.125
SVM,PR,0.60784313725490191,0.12550607287449392
SVM,PR,0.60784313725490191,0.12601626016260162
SVM,PR,0.60784313725490191,0.12653061224489795
SVM,PR,0.60784313725490191,0.12704918032786885
SVM,PR,0.60784313725490191,0.12757201646090535
SVM,PR,0.60784313725490191,0.128099173553719
SVM,PR,0.58823529411764708,0.12448132780082988
SVM,PR,0.58823529411764708,0.125
SVM,PR,0.58823529411764708,0.12552301255230125
SVM,PR,0.58823529411764708,0.12605042016806722
SVM,PR,0.58823529411764708,0.12658227848101267
SVM,PR,0.58823529411764708,0.1271186440677966
SVM,PR,0.58823529411764708,0.1276595744680851
SVM,PR,0.58823529411764708,0.12820512820512819
SVM,PR,0.58823529411764708,0.12875536480686695
SVM,PR,0.58823529411764708,0.12931034482758622
SVM,PR,0.58823529411764708,0.12987012987012986
SVM,PR,0.58823529411764708,0.13043478260869565
SVM,PR,0.58823529411764708,0.13100436681222707
SVM,PR,0.58823529411764708,0.13157894736842105
SVM,PR,0.58823529411764708,0.13215859030837004
SVM,PR,0.58823529411764708,0.13274336283185842
SVM,PR,0.58823529411764708,0.13333333333333333
SVM,PR,0.58823529411764708,0.13392857142857142
SVM,PR,0.58823529411764708,0.13452914798206278
SVM,PR,0.58823529411764708,0.13513513513513514
SVM,PR,0.58823529411764708,0.13574660633484162
SVM,PR,0.58823529411764708,0.13636363636363635
SVM,PR,0.56862745098039214,0.13242009132420091
SVM,PR,0.56862745098039214,0.13302752293577982
SVM,PR,0.56862745098039214,0.13364055299539171
SVM,PR,0.56862745098039214,0.13425925925925927
SVM,PR,0.5490196078431373,0.13023255813953488
SVM,PR,0.5490196078431373,0.13084112149532709
SVM,PR,0.5490196078431373,0.13145539906103287
SVM,PR,0.5490196078431373,0.13207547169811321
SVM,PR,0.5490196078431373,0.13270142180094788
SVM,PR,0.5490196078431373,0.13333333333333333
SVM,PR,0.5490196078431373,0.13397129186602871
SVM,PR,0.5490196078431373,0.13461538461538461
SVM,PR,0.5490196078431373,0.13526570048309178
SVM,PR,0.5490196078431373,0.13592233009708737
SVM,PR,0.5490196078431373,0.13658536585365855
SVM,PR,0.5490196078431373,0.13725490196078433
SVM,PR,0.5490196078431373,0.13793103448275862
SVM,PR,0.5490196078431373,0.13861386138613863
SVM,PR,0.5490196078431373,0.13930348258706468
SVM,PR,0.5490196078431373,0.14000000000000001
SVM,PR,0.5490196078431373,0.1407035175879397
SVM,PR,0.5490196078431373,0.14141414141414141
SVM,PR,0.52941176470588236,0.13705583756345177
SVM,PR,0.52941176470588236,0.13775510204081631
SVM,PR,0.52941176470588236,0.13846153846153847
SVM,PR,0.52941176470588236,0.13917525773195877
SVM,PR,0.52941176470588236,0.13989637305699482
SVM,PR,0.52941176470588236,0.140625
SVM,PR,0.52941176470588236,0.14136125654450263
SVM,PR,0.52941176470588236,0.14210526315789473
SVM,PR,0.52941176470588236,0.14285714285714285
SVM,PR,0.52941176470588236,0.14361702127659576
SVM,PR,0.52941176470588236,0.14438502673796791
SVM,PR,0.52941176470588236,0.14516129032258066
SVM,PR,0.52941176470588236,0.14594594594594595
SVM,PR,0.50980392156862742,0.14130434782608695
SVM,PR,0.50980392156862742,0.14207650273224043
SVM,PR,0.50980392156862742,0.14285714285714285
SVM,PR,0.50980392156862742,0.143646408839779
SVM,PR,0.49019607843137253,0.1388888888888889
SVM,PR,0.49019607843137253,0.13966480446927373
SVM,PR,0.49019607843137253,0.1404494382022472
SVM,PR,0.49019607843137253,0.14124293785310735
SVM,PR,0.49019607843137253,0.14204545454545456
SVM,PR,0.49019607843137253,0.14285714285714285
SVM,PR,0.49019607843137253,0.14367816091954022
SVM,PR,0.49019607843137253,0.14450867052023122
SVM,PR,0.47058823529411764,0.13953488372093023
SVM,PR,0.47058823529411764,0.14035087719298245
SVM,PR,0.47058823529411764,0.14117647058823529
SVM,PR,0.45098039215686275,0.13609467455621302
SVM,PR,0.45098039215686275,0.13690476190476192
SVM,PR,0.45098039215686275,0.1377245508982036
SVM,PR,0.45098039215686275,0.13855421686746988
SVM,PR,0.45098039215686275,0.1393939393939394
SVM,PR,0.45098039215686275,0.1402439024390244
SVM,PR,0.45098039215686275,0.1411042944785276
SVM,PR,0.45098039215686275,0.1419753086419753
SVM,PR,0.45098039215686275,0.14285714285714285
SVM,PR,0.45098039215686275,0.14374999999999999
SVM,PR,0.45098039215686275,0.14465408805031446
SVM,PR,0.45098039215686275,0.14556962025316456
SVM,PR,0.45098039215686275,0.1464968152866242
SVM,PR,0.45098039215686275,0.14743589743589744
SVM,PR,0.45098039215686275,0.14838709677419354
SVM,PR,0.45098039215686275,0.14935064935064934
SVM,PR,0.45098039215686275,0.15032679738562091
SVM,PR,0.43137254901960786,0.14473684210526316
SVM,PR,0.43137254901960786,0.14569536423841059
SVM,PR,0.43137254901960786,0.14666666666666667
SVM,PR,0.41176470588235292,0.14093959731543623
SVM,PR,0.41176470588235292,0.14189189189189189
SVM,PR,0.39215686274509803,0.1360544217687075
SVM,PR,0.39215686274509803,0.13698630136986301
SVM,PR,0.39215686274509803,0.13793103448275862
SVM,PR,0.39215686274509803,0.1388888888888889
SVM,PR,0.39215686274509803,0.13986013986013987
SVM,PR,0.39215686274509803,0.14084507042253522
SVM,PR,0.39215686274509803,0.14184397163120568
SVM,PR,0.39215686274509803,0.14285714285714285
SVM,PR,0.37254901960784315,0.1366906474820144
SVM,PR,0.37254901960784315,0.13768115942028986
SVM,PR,0.37254901960784315,0.13868613138686131
SVM,PR,0.37254901960784315,0.13970588235294118
SVM,PR,0.37254901960784315,0.14074074074074075
SVM,PR,0.37254901960784315,0.1417910447761194
SVM,PR,0.37254901960784315,0.14285714285714285
SVM,PR,0.37254901960784315,0.14393939393939395
SVM,PR,0.37254901960784315,0.14503816793893129
SVM,PR,0.37254901960784315,0.14615384615384616
SVM,PR,0.37254901960784315,0.14728682170542637
SVM,PR,0.37254901960784315,0.1484375
SVM,PR,0.37254901960784315,0.14960629921259844
SVM,PR,0.37254901960784315,0.15079365079365079
SVM,PR,0.37254901960784315,0.152
SVM,PR,0.37254901960784315,0.15322580645161291
SVM,PR,0.37254901960784315,0.15447154471544716
SVM,PR,0.37254901960784315,0.15573770491803279
SVM,PR,0.37254901960784315,0.15702479338842976
SVM,PR,0.37254901960784315,0.15833333333333333
SVM,PR,0.37254901960784315,0.15966386554621848
SVM,PR,0.37254901960784315,0.16101694915254236
SVM,PR,0.37254901960784315,0.1623931623931624
SVM,PR,0.37254901960784315,0.16379310344827586
SVM,PR,0.37254901960784315,0.16521739130434782
SVM,PR,0.37254901960784315,0.16666666666666666
SVM,PR,0.37254901960784315,0.16814159292035399
SVM,PR,0.37254901960784315,0.16964285714285715
SVM,PR,0.37254901960784315,0.17117117117117117
SVM,PR,0.37254901960784315,0.17272727272727273
SVM,PR,0.35294117647058826,0.16513761467889909
SVM,PR,0.35294117647058826,0.16666666666666666
SVM,PR,0.35294117647058826,0.16822429906542055
SVM,PR,0.35294117647058826,0.16981132075471697
SVM,PR,0.35294117647058826,0.17142857142857143
SVM,PR,0.35294117647058826,0.17307692307692307
SVM,PR,0.35294117647058826,0.17475728155339806
SVM,PR,0.35294117647058826,0.17647058823529413
SVM,PR,0.35294117647058826,0.17821782178217821
SVM,PR,0.35294117647058826,0.17999999999999999
SVM,PR,0.35294117647058826,0.18181818181818182
SVM,PR,0.35294117647058826,0.18367346938775511
SVM,PR,0.35294117647058826,0.18556701030927836
SVM,PR,0.33333333333333331,0.17708333333333334
SVM,PR,0.33333333333333331,0.17894736842105263
SVM,PR,0.33333333333333331,0.18085106382978725
SVM,PR,0.33333333333333331,0.18279569892473119
SVM,PR,0.33333333333333331,0.18478260869565216
SVM,PR,0.33333333333333331,0.18681318681318682
SVM,PR,0.33333333333333331,0.18888888888888888
SVM,PR,0.33333333333333331,0.19101123595505617
SVM,PR,0.33333333333333331,0.19318181818181818
SVM,PR,0.33333333333333331,0.19540229885057472
SVM,PR,0.33333333333333331,0.19767441860465115
SVM,PR,0.33333333333333331,0.20000000000000001
SVM,PR,0.33333333333333331,0.20238095238095238
SVM,PR,0.33333333333333331,0.20481927710843373
SVM,PR,0.33333333333333331,0.2073170731707317
SVM,PR,0.33333333333333331,0.20987654320987653
SVM,PR,0.33333333333333331,0.21249999999999999
SVM,PR,0.33333333333333331,0.21518987341772153
SVM,PR,0.33333333333333331,0.21794871794871795
SVM,PR,0.33333333333333331,0.22077922077922077
SVM,PR,0.33333333333333331,0.22368421052631579
SVM,PR,0.33333333333333331,0.22666666666666666
SVM,PR,0.31372549019607843,0.21621621621621623
SVM,PR,0.31372549019607843,0.21917808219178081
SVM,PR,0.31372549019607843,0.22222222222222221
SVM,PR,0.31372549019607843,0.22535211267605634
SVM,PR,0.31372549019607843,0.22857142857142856
SVM,PR,0.31372549019607843,0.2318840579710145
SVM,PR,0.31372549019607843,0.23529411764705882
SVM,PR,0.31372549019607843,0.23880597014925373
SVM,PR,0.31372549019607843,0.24242424242424243
SVM,PR,0.29411764705882354,0.23076923076923078
SVM,PR,0.29411764705882354,0.234375
SVM,PR,0.29411764705882354,0.23809523809523808
SVM,PR,0.29411764705882354,0.24193548387096775
SVM,PR,0.29411764705882354,0.24590163934426229
SVM,PR,0.29411764705882354,0.25
SVM,PR,0.29411764705882354,0.25423728813559321
SVM,PR,0.29411764705882354,0.25862068965517243
SVM,PR,0.27450980392156865,0.24561403508771928
SVM,PR,0.25490196078431371,0.23214285714285715
SVM,PR,0.25490196078431371,0.23636363636363636
SVM,PR,0.25490196078431371,0.24074074074074073
SVM,PR,0.25490196078431371,0.24528301886792453
SVM,PR,0.25490196078431371,0.25
SVM,PR,0.23529411764705882,0.23529411764705882
SVM,PR,0.23529411764705882,0.23999999999999999
SVM,PR,0.21568627450980393,0.22448979591836735
SVM,PR,0.21568627450980393,0.22916666666666666
SVM,PR,0.21568627450980393,0.23404255319148937
SVM,PR,0.21568627450980393,0.2391304347826087
SVM,PR,0.21568627450980393,0.24444444444444444
SVM,PR,0.19607843137254902,0.22727272727272727
SVM,PR,0.19607843137254902,0.23255813953488372
SVM,PR,0.19607843137254902,0.23809523809523808
SVM,PR,0.19607843137254902,0.24390243902439024
SVM,PR,0.19607843137254902,0.25
SVM,PR,0.19607843137254902,0.25641025641025639
SVM,PR,0.19607843137254902,0.26315789473684209
SVM,PR,0.19607843137254902,0.27027027027027029
SVM,PR,0.19607843137254902,0.27777777777777779
SVM,PR,0.19607843137254902,0.2857142857142857
SVM,PR,0.17647058823529413,0.26470588235294118
SVM,PR,0.15686274509803921,0.24242424242424243
SVM,PR,0.15686274509803921,0.25
SVM,PR,0.15686274509803921,0.25806451612903225
SVM,PR,0.15686274509803921,0.26666666666666666
SVM,PR,0.15686274509803921,0.27586206896551724
SVM,PR,0.15686274509803921,0.2857142857142857
SVM,PR,0.15686274509803921,0.29629629629629628
SVM,PR,0.15686274509803921,0.30769230769230771
SVM,PR,0.13725490196078433,0.28000000000000003
SVM,PR,0.13725490196078433,0.29166666666666669
SVM,PR,0.11764705882352941,0.2608695652173913
SVM,PR,0.098039215686274508,0.22727272727272727
SVM,PR,0.098039215686274508,0.23809523809523808
SVM,PR,0.078431372549019607,0.20000000000000001
SVM,PR,0.078431372549019607,0.21052631578947367
SVM,PR,0.078431372549019607,0.22222222222222221
SVM,PR,0.078431372549019607,0.23529411764705882
SVM,PR,0.078431372549019607,0.25
SVM,PR,0.078431372549019607,0.26666666666666666
SVM,PR,0.078431372549019607,0.2857142857142857
SVM,PR,0.058823529411764705,0.23076923076923078
SVM,PR,0.058823529411764705,0.25
SVM,PR,0.058823529411764705,0.27272727272727271
SVM,PR,0.058823529411764705,0.29999999999999999
SVM,PR,0.058823529411764705,0.33333333333333331
SVM,PR,0.058823529411764705,0.375
SVM,PR,0.039215686274509803,0.2857142857142857
SVM,PR,0.039215686274509803,0.33333333333333331
SVM,PR,0.019607843137254902,0.20000000000000001
SVM,PR,0.019607843137254902,0.25
SVM,PR,0.019607843137254902,0.33333333333333331
SVM,PR,0.019607843137254902,0.5
SVM,PR,0,0
SVM,PR,0,1
